id,category,selected,eligible,exclusion_reasons,prompt_chars,function_count,quoted_literal_count,numeric_token_count,clean_prompt
simple_python_0,simple_python,no,yes,[],74,1,0,2,Find the area of a triangle with a base of 10 units and height of 5 units.
simple_python_1,simple_python,yes,yes,[],50,1,0,1,Calculate the factorial of 5 using math functions.
simple_python_2,simple_python,no,yes,[],97,1,0,1,Calculate the hypotenuse of a right triangle given the lengths of the other two sides as 4 and 5.
simple_python_3,simple_python,no,yes,[],72,1,0,2,"Find the roots of a quadratic equation with coefficients a=1, b=-3, c=2."
simple_python_4,simple_python,no,yes,[],50,1,0,3,"Solve a quadratic equation where a=2, b=6, and c=5"
simple_python_5,simple_python,yes,yes,[],89,1,0,2,"Find all the roots of a quadratic equation given coefficients a = 3, b = -11, and c = -4."
simple_python_6,simple_python,no,yes,[],69,1,0,3,"What are the roots of the quadratic equation where a=2, b=5 and c=3 ?"
simple_python_7,simple_python,no,yes,[],64,1,0,1,What is the circumference of a circle with a radius of 4 inches?
simple_python_8,simple_python,no,yes,[],48,1,0,1,What's the area of a circle with a radius of 10?
simple_python_9,simple_python,yes,yes,[],56,1,0,1,Calculate the area of a circle with a radius of 5 units.
simple_python_10,simple_python,yes,yes,[],103,1,0,0,Calculate the area of a right-angled triangle given the lengths of its base and height as 6cm and 10cm.
simple_python_11,simple_python,yes,yes,[],75,1,0,2,What is the area of a triangle with base of 10 units and height of 5 units?
simple_python_12,simple_python,yes,yes,[],53,1,0,1,Calculate the circumference of a circle with radius 3
simple_python_13,simple_python,no,yes,[],57,1,0,2,Calculate the area under the curve y=x^2 from x=1 to x=3.
simple_python_14,simple_python,yes,yes,[],55,1,0,1,Calculate the derivative of the function 3x^2 + 2x - 1.
simple_python_15,simple_python,no,yes,[],102,1,0,3,Calculate the area under the curve from x = -2 to x = 3 for the function y = x^3 using simpson method.
simple_python_16,simple_python,no,yes,[],55,1,0,1,Calculate the derivative of the function 2x^2 at x = 1.
simple_python_17,simple_python,no,yes,[],29,1,0,1,Find the prime factors of 450
simple_python_18,simple_python,no,yes,[],44,1,0,0,Find the prime factors of the number 123456.
simple_python_19,simple_python,no,yes,[],63,1,0,2,Calculate the greatest common divisor of two numbers: 40 and 50
simple_python_20,simple_python,no,yes,[],44,1,0,1,Find the highest common factor of 36 and 24.
simple_python_21,simple_python,no,yes,[],69,1,0,1,"Find the Greatest Common Divisor (GCD) of two numbers, say 36 and 48."
simple_python_22,simple_python,yes,yes,[],82,1,0,1,"Calculate the greatest common divisor of two given numbers, for example 12 and 15."
simple_python_23,simple_python,no,yes,[],87,1,0,1,What is the prime factorization of the number 60? Return them in the form of dictionary
simple_python_24,simple_python,no,yes,[],51,1,0,2,Find the greatest common divisor (GCD) of 12 and 18
simple_python_25,simple_python,no,yes,[],111,1,0,1,"Calculate the final velocity of an object falling from a 150 meter building, assuming initial velocity is zero."
simple_python_26,simple_python,no,yes,[],99,1,0,2,Calculate the velocity of a car that travels a distance of 50 kilometers for a duration of 2 hours?
simple_python_27,simple_python,no,yes,[],153,1,0,4,"Calculate the final velocity of a vehicle after accelerating at 2 meters/second^2 for a duration of 5 seconds, starting from a speed of 10 meters/second."
simple_python_28,simple_python,no,yes,[],111,1,0,3,Calculate the displacement of a car given the initial velocity of 10 and acceleeration of 9.8 within 5 seconds.
simple_python_29,simple_python,no,yes,[],112,1,0,1,What is the final speed of an object dropped from rest after falling for 5 seconds if we neglect air resistance?
simple_python_30,simple_python,no,yes,[],119,1,0,3,What is the final velocity of a vehicle that started from rest and accelerated at 4 m/s^2 for a distance of 300 meters?
simple_python_31,simple_python,no,yes,[],141,1,0,3,"Calculate the final velocity of an object, knowing that it started from rest, accelerated at a rate of 9.8 m/s^2 for a duration of 5 seconds."
simple_python_32,simple_python,no,yes,[],81,1,0,1,Calculate the final speed of an object dropped from 100 m without air resistance.
simple_python_33,simple_python,no,yes,[],64,1,0,0,Get directions from Sydney to Melbourne using the fastest route.
simple_python_34,simple_python,no,yes,[],113,1,0,2,Create an itinerary for a 7 days trip to Tokyo with daily budgets not exceeding $100 and prefer exploring nature.
simple_python_35,simple_python,no,yes,[],73,1,0,1,Find an all vegan restaurant in New York that opens until at least 11 PM.
simple_python_36,simple_python,no,yes,[],76,1,0,0,Find the shortest driving distance between New York City and Washington D.C.
simple_python_37,simple_python,no,yes,[],113,1,0,0,Find the estimated travel time by car from San Francisco to Los Angeles with stops at Santa Barbara and Monterey.
simple_python_38,simple_python,no,yes,[],97,1,0,3,What is the electrostatic potential between two charged bodies of 1e-9 and 2e-9 of distance 0.05?
simple_python_39,simple_python,no,yes,[],82,1,0,2,Calculate the electric field at a point 3 meters away from a charge of 2 coulombs.
simple_python_40,simple_python,no,yes,[],125,1,0,2,Calculate the magnetic field produced at the center of a circular loop carrying current of 5 Ampere with a radius of 4 meters
simple_python_41,simple_python,no,yes,[],91,1,0,1,Calculate the electromagnetic force between two charges of 5C and 7C placed 3 meters apart.
simple_python_42,simple_python,no,yes,[],100,1,0,1,Calculate the resonant frequency of an LC circuit given capacitance of 100µF and inductance of 50mH.
simple_python_43,simple_python,no,yes,[],103,1,0,2,Calculate the magnetic field strength 10 meters away from a long wire carrying a current of 20 Amperes.
simple_python_44,simple_python,no,yes,[],83,1,0,2,Calculate the electric field strength 4 meters away from a charge of 0.01 Coulombs.
simple_python_45,simple_python,no,yes,[],137,1,0,0,Calculate the energy (in Joules) absorbed or released during the phase change of 100g of water from liquid to steam at its boiling point.
simple_python_46,simple_python,no,yes,[],123,1,0,4,Calculate the final temperature when 20 kg of water at 30 degree Celsius is mixed with 15 kg of water at 60 degree Celsius.
simple_python_47,simple_python,no,yes,[],79,1,0,0,Find the boiling point and melting point of water under the sea level of 5000m.
simple_python_48,simple_python,yes,yes,[],78,1,0,2,What is the density of a substance with a mass of 45 kg and a volume of 15 m³?
simple_python_49,simple_python,no,yes,[],109,1,0,2,Calculate the absolute pressure in pascals given atmospheric pressure of 1 atm and a gauge pressure of 2 atm.
simple_python_50,simple_python,no,yes,[],133,1,0,3,What is the change in entropy in Joules per Kelvin of a 1kg ice block at 0°C if it is heated to 100°C under 1 atmosphere of pressure?
simple_python_51,simple_python,no,yes,[],146,1,0,0,"Calculate the entropy change for a certain process given an initial temperature of 300K, a final temperature of 400K, and a heat capacity of 5J/K."
simple_python_52,simple_python,yes,yes,[],109,1,0,1,"Calculate the heat capacity at constant pressure for air, given its temperature is 298K and volume is 10 m^3."
simple_python_53,simple_python,no,yes,[],55,1,0,0,Retrieve the sequence of DNA molecule with id `DNA123`.
simple_python_54,simple_python,no,yes,[],60,1,1,0,Identify the protein sequence of a given human gene 'BRCA1'.
simple_python_55,simple_python,yes,yes,[],62,1,0,0,Find me detailed information about the structure of human cell
simple_python_56,simple_python,no,yes,[],60,1,0,0,What are the names of proteins found in the plasma membrane?
simple_python_57,simple_python,no,yes,[],112,1,0,2,"Calculate the cell density in a sample with an optical density of 0.6, where the experiment dilution is 5 times."
simple_python_58,simple_python,no,yes,[],53,1,0,0,What is the function of ATP synthase in mitochondria?
simple_python_59,simple_python,no,yes,[],66,1,0,0,Calculate the molecular weight of Glucose (C6H12O6) in grams/mole.
simple_python_60,simple_python,no,yes,[],90,1,0,0,Find the type of gene mutation based on SNP (Single Nucleotide Polymorphism) ID rs6034464.
simple_python_61,simple_python,no,yes,[],111,1,0,1,Predict whether a person with weight 150lbs and height 5ft 10in who is lightly active will get type 2 diabetes.
simple_python_62,simple_python,no,yes,[],144,1,2,0,Analyze the DNA sequence 'AGTCGATCGAACGTACGTACG' for any potential substitution mutations based on a reference sequence 'AGTCCATCGAACGTACGTACG'.
simple_python_63,simple_python,no,yes,[],71,1,0,0,Find out how genetically similar a human and a chimp are in percentage.
simple_python_64,simple_python,no,yes,[],103,1,0,1,"What is the genotype frequency of AA genotype in a population, given that allele frequency of A is 0.3?"
simple_python_65,simple_python,no,yes,[],136,1,0,3,Calculate the Population Density for Brazil in 2022 if the population is 213 million and the land area is 8.5 million square kilometers.
simple_python_66,simple_python,no,yes,[],86,1,0,0,Get me data on average precipitation in the Amazon rainforest for the last six months.
simple_python_67,simple_python,no,yes,[],38,1,0,0,Identify a small green bird in forest.
simple_python_68,simple_python,no,yes,[],102,1,0,1,Predict the growth of forest in Yellowstone National Park for the next 5 years including human impact.
simple_python_69,simple_python,no,yes,[],76,1,0,0,Find out the population and species of turtles in Mississippi river in 2020.
simple_python_70,simple_python,no,yes,[],83,1,0,1,What is the carbon footprint of a gas-powered vehicle driving 1500 miles in a year?
simple_python_71,simple_python,no,yes,[],83,1,0,1,Generate a DNA sequence with 100 bases including more G (Guanine) and C (Cytosine).
simple_python_72,simple_python,no,yes,[],194,1,0,3,"Calculate the expected evolutionary fitness of a creature, with trait A contributing to 40% of the fitness and trait B contributing 60%, if trait A has a value of 0.8 and trait B a value of 0.7."
simple_python_73,simple_python,yes,yes,[],77,1,0,1,What's the projected population growth in United States in the next 20 years?
simple_python_74,simple_python,yes,yes,[],129,1,0,2,"Calculate the evolution rate of a bacteria population, start with 5000 bacteria, each bacteria duplicates every hour for 6 hours."
simple_python_75,simple_python,no,yes,[],110,1,0,2,Estimate the population size of elephants of 35000 in the next 5 years given the current growth rate of 0.015.
simple_python_76,simple_python,no,yes,[],101,1,0,1,Get me the predictions of the evolutionary rate for Homo Sapiens for next 50 years using Darwin model
simple_python_77,simple_python,no,yes,[],63,1,0,0,Find a nearby restaurant that serves vegan food in Los Angeles.
simple_python_78,simple_python,yes,yes,[],69,1,0,1,Get the average temperature in Austin for the next 3 days in Celsius.
simple_python_79,simple_python,yes,yes,[],113,1,0,7,"Create a histogram for student scores with the following data: 85, 90, 88, 92, 86, 89, 91 and set bin range to 5."
simple_python_80,simple_python,no,yes,[],96,1,0,1,"I want to find 5 restaurants nearby my location, Manhattan, offering Thai food and a vegan menu."
simple_python_81,simple_python,no,yes,[],81,1,0,0,Find the fastest route from San Francisco to Los Angeles with toll roads avoided.
simple_python_82,simple_python,no,yes,[],71,1,0,7,"Calculate the average of list of integers [12, 15, 18, 20, 21, 26, 30]."
simple_python_83,simple_python,no,yes,[],112,1,0,4,"Calculate the distance between two GPS coordinates (33.4484 N, 112.0740 W) and (34.0522 N, 118.2437 W) in miles."
simple_python_84,simple_python,no,yes,[],99,1,0,2,Calculate the Body Mass Index (BMI) of a person with a weight of 85 kilograms and height of 180 cm.
simple_python_85,simple_python,no,yes,[],81,1,0,0,"What's the approximate distance between Boston, MA, and Washington, D.C. in mile?"
simple_python_86,simple_python,no,yes,[],112,1,0,0,"Find the shortest distance between two cities, New York and Los Angeles, through the train and you can transfer."
simple_python_87,simple_python,no,yes,[],49,1,0,5,"Sort the list [5, 3, 4, 1, 2] in ascending order."
simple_python_88,simple_python,yes,yes,[],82,1,0,0,Calculate the BMI (Body Mass Index) of a person who weighs 70kg and is 1.75m tall.
simple_python_89,simple_python,no,yes,[],93,1,1,0,Fetch all records for students studying Science in 'Bluebird High School' from the StudentDB.
simple_python_90,simple_python,no,yes,[],104,1,1,1,Retrieve Personal Info and Job History data of a specific employee whose ID is 345 in company 'ABC Ltd.'
simple_python_91,simple_python,yes,yes,[],72,1,0,0,"Get the highest rated sushi restaurant in Boston, that opens on Sundays."
simple_python_92,simple_python,no,yes,[],79,1,0,1,Find all movies starring Leonardo DiCaprio in the year 2010 from IMDB database.
simple_python_93,simple_python,no,yes,[],79,1,0,0,Fetch me the list of IMAX movie releases in theaters near LA for the next week.
simple_python_94,simple_python,no,yes,[],113,1,4,1,"Update my customer information with user id 43523 'name':'John Doe', 'email':'johndoe@email.com' in the database."
simple_python_95,simple_python,no,yes,[],60,1,0,0,Calculate the area of a triangle with base 5m and height 3m.
simple_python_96,simple_python,yes,yes,[],90,1,1,1,Find records in database in user table where age is greater than 25 and job is 'engineer'.
simple_python_97,simple_python,yes,yes,[],39,1,0,1,Calculate the factorial of the number 5
simple_python_98,simple_python,no,yes,[],79,1,0,2,What will be the angle between the hour and minute hands of a clock at 6:30 PM?
simple_python_99,simple_python,yes,yes,[],57,1,0,3,Plot a sine wave from 0 to 2 pi with a frequency of 5 Hz.
simple_python_100,simple_python,no,yes,[],87,1,0,1,How much time will it take for the light to reach earth from a star 4 light years away?
simple_python_101,simple_python,no,yes,[],81,1,0,2,Calculate the speed of an object in km/h if it traveled 450 meters in 20 seconds.
simple_python_102,simple_python,no,yes,[],55,1,0,0,What's the distance in milesfrom the Earth to the Moon?
simple_python_103,simple_python,no,yes,[],77,1,0,3,"Calculate the area under the curve y=3x^2 + 2x - 4, between x = -1 and x = 2."
simple_python_104,simple_python,yes,yes,[],59,1,0,1,Calculate the area of a triangle with base 6 and height 10.
simple_python_105,simple_python,no,yes,[],47,1,0,1,Calculate the power of 3 raised to the power 4.
simple_python_106,simple_python,yes,yes,[],128,1,0,1,"Train a random forest classifier on dataset your_dataset_name with maximum depth of trees as 5, and number of estimators as 100."
simple_python_107,simple_python,no,yes,[],89,1,0,2,Calculate the Body Mass Index for a person with a weight of 70 kg and a height of 175 cm.
simple_python_108,simple_python,yes,yes,[],155,1,4,0,"Run a linear regression model with predictor variables 'Age', 'Income' and 'Education' and a target variable 'Purchase_Amount'. Also apply standardization."
simple_python_109,simple_python,no,yes,[],92,1,0,2,Generate a random forest model with 100 trees and a depth of 5 on the provided data my_data.
simple_python_110,simple_python,no,yes,[],106,1,0,3,"Predict the price of the house in San Francisco with 3 bedrooms, 2 bathrooms and area of 1800 square feet."
simple_python_111,simple_python,no,yes,[],89,1,0,1,Generate a random number from a normal distribution with mean 0 and standard deviation 1.
simple_python_112,simple_python,no,yes,[],65,1,0,0,Calculate the probability of drawing a king from a deck of cards.
simple_python_113,simple_python,no,yes,[],74,1,0,0,What's the probability of rolling a six on a six-sided die twice in a row?
simple_python_114,simple_python,no,yes,[],71,1,0,2,Find the probability of getting exactly 5 heads in 10 fair coin tosses.
simple_python_115,simple_python,no,yes,[],80,1,0,2,Calculate the probability of getting exactly 5 heads in 8 tosses of a fair coin.
simple_python_116,simple_python,no,yes,[],88,1,0,1,What's the probability of drawing a king from a well shuffled standard deck of 52 cards?
simple_python_117,simple_python,no,yes,[],109,1,0,1,What are the odds of pulling a heart suit from a well-shuffled standard deck of 52 cards? Format it as ratio.
simple_python_118,simple_python,no,yes,[],146,1,0,11,"Perform a two-sample t-test on my experiment data of Control [10, 15, 12, 14, 11] and Treated [18, 16, 17, 20, 22] group with alpha equals to 0.05"
simple_python_119,simple_python,yes,yes,[],157,1,0,10,"Perform a hypothesis test for two independent samples with scores of Sample1: [22,33,42,12,34] and Sample2: [23,45,44,14,38] at a significance level of 0.05."
simple_python_120,simple_python,no,yes,[],126,1,0,10,"Run a two sample T-test to compare the average of Group A [3, 4, 5, 6, 4] and Group B [7, 8, 9, 8, 7] assuming equal variance."
simple_python_121,simple_python,no,yes,[],105,1,0,2,Calculate the probability of observing 60 heads if I flip a coin 100 times with probability of heads 0.5.
simple_python_122,simple_python,no,yes,[],93,1,0,4,"Perform a Chi-Squared test for independence on a 2x2 contingency table [ [10, 20], [30, 40] ]"
simple_python_123,simple_python,no,yes,[],208,1,0,8,"Perform a two-sample t-test to determine if there is a significant difference between the mean of group1 (e.g., 12.4, 15.6, 11.2, 18.9) and group2 (e.g., 10.5, 9.8, 15.2, 13.8) at the significance level 0.05."
simple_python_124,simple_python,no,yes,[],142,1,0,5,"Find the statistical significance between two set of variables, dataset_A with the values 12, 24, 36 and dataset_B with the values 15, 30, 45."
simple_python_125,simple_python,no,yes,[],130,1,0,2,"Predict house price in San Francisco based on its area of 2500 square feet, number of rooms as 5 and year of construction is 1990."
simple_python_126,simple_python,no,yes,[],171,1,0,0,What is the coefficient of determination (R-squared) for a model using engine size and fuel economy variables to predict car_price with a dataset in path C:/data/cars.csv?
simple_python_127,simple_python,no,yes,[],146,1,0,5,"Find the Net Present Value (NPV) of an investment, given cash_flows=[200,300,400,500], a discount rate of 10%, and an initial investment of $2000."
simple_python_128,simple_python,no,yes,[],133,1,0,2,What's the quarterly dividend per share of a company with 100 million outstanding shares and total dividend payout of 50 million USD?
simple_python_129,simple_python,no,yes,[],133,1,0,3,Calculate the discounted cash flow of a bond that is giving a coupon payment of $100 annually for next 5 years with discount rate 4%.
simple_python_130,simple_python,no,yes,[],132,1,0,7,"What's the NPV (Net Present Value) of a series of cash flows: [-50000, 10000, 15000, 20000, 25000, 30000] discounted at 8% annually?"
simple_python_131,simple_python,no,yes,[],220,1,0,4,"Calculate the compound interest for an initial principal amount of $10000, with an annual interest rate of 5% and the number of times interest applied per time period is 4 and the time the money is invested for 10 years."
simple_python_132,simple_python,yes,yes,[],145,1,0,7,"Calculate the company's return on equity given its net income of $2,000,000, shareholder's equity of $10,000,000, and dividends paid of $200,000."
simple_python_133,simple_python,yes,yes,[],118,1,0,3,Predict the future value of a $5000 investment with an annual interest rate of 5% in 3 years with monthly compounding.
simple_python_134,simple_python,no,yes,[],116,1,0,3,Predict the total expected profit of stocks XYZ in 5 years given I have invested $5000 and annual return rate is 7%.
simple_python_135,simple_python,no,yes,[],97,1,0,2,"Calculate the return on investment for a stock bought at $20, sold at $25, with a dividend of $2."
simple_python_136,simple_python,no,yes,[],121,1,0,3,Find the compound interest for an investment of $10000 with an annual interest rate of 5% compounded monthly for 5 years.
simple_python_137,simple_python,no,yes,[],152,1,0,3,"Calculate the projected return on a $5000 investment in ABC company's stock, if the expected annual growth rate is 6% and the holding period is 5 years."
simple_python_138,simple_python,no,yes,[],123,1,1,3,Calculate the future value of my portfolio if I invest $5000 in stock 'X' with an expected annual return of 5% for 7 years.
simple_python_139,simple_python,yes,yes,[],146,1,0,3,"What is the estimated return on a mutual fund, given that it has a yearly yield of 5%, an investment amount of $2000 and a time period of 3 years?"
simple_python_140,simple_python,no,yes,[],129,1,0,3,"Calculate the Compound Annual Growth Rate (CAGR) for an initial investment of $2000, final value of $3000 in a period of 4 years."
simple_python_141,simple_python,no,yes,[],33,1,0,0,Get current Gold price per ounce.
simple_python_142,simple_python,no,yes,[],77,1,0,0,"Find the NASDAQ stock price for the company Amazon at closing March.11, 2022."
simple_python_143,simple_python,no,yes,[],57,1,1,1,'Get stock price of Apple for the last 5 days in NASDAQ.'
simple_python_144,simple_python,no,yes,[],82,1,0,2,Find the market performance of the S&P 500 and the Dow Jones over the past 5 days.
simple_python_145,simple_python,no,yes,[],132,1,0,3,"Calculate the compounded interest for an initial principal of $5000, annual interest rate of 5%, and compounding period of 10 years."
simple_python_146,simple_python,no,yes,[],53,1,0,1,What's the price of Amazon stock for the last 3 days?
simple_python_147,simple_python,yes,yes,[],67,1,0,1,Retrieve stock prices of Microsoft and Google for the last 2 weeks.
simple_python_148,simple_python,yes,yes,[],142,1,0,3,"Calculate the future value of an investment with an annual rate of return of 8%, an initial investment of $20000, and a time frame of 5 years."
simple_python_149,simple_python,no,yes,[],54,1,0,0,What's the current stock price of Apple and Microsoft?
simple_python_150,simple_python,yes,yes,[],126,1,0,3,"Calculate the return of investment of a bank's savings account with a deposit of $1000, annual interest rate of 3% for 1 year."
simple_python_151,simple_python,yes,yes,[],56,1,0,0,Find the highest grossing bank in the U.S for year 2020.
simple_python_152,simple_python,no,yes,[],111,1,0,3,Calculate the balance of a mutual fund given a total investment of $50000 with a 5% annual yield after 3 years.
simple_python_153,simple_python,no,yes,[],132,1,0,3,"Calculate the compounded interest on an initial deposit of $5000 at an annual interest rate of 3% for 5 years, compounded quarterly."
simple_python_154,simple_python,no,yes,[],115,1,0,3,Calculate the Future Value of a $5000 investment made today for a term of 10 years at an annual interest rate of 5%
simple_python_155,simple_python,yes,yes,[],101,1,0,3,Calculate the future value of my investment of $1000 with an annual interest rate of 5% over 2 years.
simple_python_156,simple_python,no,yes,[],85,1,0,0,Look up details of a felony crime record for case number CA123456 in San Diego County
simple_python_157,simple_python,no,yes,[],109,1,0,3,Find out if an individual John Doe with a birthday 01-01-1980 has any prior felony convictions in California.
simple_python_158,simple_python,no,yes,[],82,1,0,1,Find the information of criminal cases of Mr. X in New York between 2012 and 2015.
simple_python_159,simple_python,no,yes,[],58,1,0,0,Give me the details of Criminal Law Amendment Act of 2013.
simple_python_160,simple_python,no,yes,[],73,1,0,1,Who was the victim in the case docket numbered 2022/AL2562 in California?
simple_python_161,simple_python,no,yes,[],81,1,0,0,Find out the possible punishments for the crime of theft in California in detail.
simple_python_162,simple_python,no,yes,[],93,1,0,0,Generate a customized law contract between John and Alice for rental agreement in California.
simple_python_163,simple_python,no,yes,[],173,1,0,2,"Provide me with the property records of my house located at 123 main street, with parcel number 1234567890 in Santa Clara county. Include owners information in the response."
simple_python_164,simple_python,no,yes,[],77,1,0,0,Provide me the official crime rate of violent crime in San Francisco in 2020.
simple_python_165,simple_python,yes,yes,[],70,1,0,1,"Retrieve cases from 2020 about theft crimes in Los Angeles, California"
simple_python_166,simple_python,no,yes,[],101,1,0,1,Find a lawyer specializing in divorce cases and charge fee less than 400 dollars per hour in Chicago.
simple_python_167,simple_python,no,yes,[],94,1,1,0,Retrieve the details of a Supreme Court case titled 'Roe v. Wade'.Include dissent information.
simple_python_168,simple_python,no,yes,[],102,1,1,2,"Search for ongoing lawsuits related to the company 'Google' filed after January 1, 2021 in California."
simple_python_169,simple_python,no,yes,[],102,1,0,1,Find the details of the court case identified by docket number 123456 in Texas. Don't return full text
simple_python_170,simple_python,no,yes,[],57,1,0,1,Find a historical law case about fraud from 2010 to 2015.
simple_python_171,simple_python,no,yes,[],78,1,0,1,Fetch details of a law case with number 43403 in New York court for year 2018.
simple_python_172,simple_python,no,yes,[],75,1,1,0,How to obtain the detailed case information of the 'R vs Adams' legal case?
simple_python_173,simple_python,yes,yes,[],96,1,0,3,Find state law cases related to land disputes in the past 5 years from 2015 to 2021 in New York.
simple_python_174,simple_python,no,yes,[],64,1,0,1,Get me the top 10 landmark cases in constitutional law in China.
simple_python_175,simple_python,yes,yes,[],81,1,0,0,How many months of experience a Lawyer John Doe has on handling Bankruptcy cases.
simple_python_176,simple_python,yes,yes,[],86,1,1,0,Find details of patent lawsuits involving the company 'Apple Inc.' from the year 2010.
simple_python_177,simple_python,yes,yes,[],50,1,0,0,Find all Patent lawsuit cases of Facebook in 2018.
simple_python_178,simple_python,no,yes,[],82,1,1,0,Find details about lawsuit case numbered 'LAX2019080202' in the Los Angeles court.
simple_python_179,simple_python,no,yes,[],68,1,0,0,Find the latest court case between Apple and Samsung occured in USA.
simple_python_180,simple_python,no,yes,[],82,1,0,0,Find the lawsuits filed against the company Google in California in the year 2020.
simple_python_181,simple_python,no,yes,[],94,1,1,1,Get details of a lawsuit with case number '123456-ABC' filed in Los Angeles court with verdict
simple_python_182,simple_python,no,yes,[],56,1,0,0,Retrieve all the lawsuit details for case number XYZ123.
simple_python_183,simple_python,no,yes,[],70,1,0,0,Search for current lawsuits filed against Apple in Santa Clara County.
simple_python_184,simple_python,no,yes,[],94,1,0,1,I need the details of the lawsuit case with case ID of 1234 and verify if it's already closed.
simple_python_185,simple_python,yes,yes,[],86,1,0,1,What will be the weather in New York in the next 72 hours including the precipitation?
simple_python_186,simple_python,no,yes,[],80,1,0,0,"What is the temperature in celsius and humidity level of Tokyo, Japan right now?"
simple_python_187,simple_python,no,yes,[],67,1,0,0,"What's the current temperature and humidity in Seattle, Washington?"
simple_python_188,simple_python,no,yes,[],68,1,0,1,"What is the humidity level in Miami, Florida in the upcoming 7 days?"
simple_python_189,simple_python,yes,yes,[],75,1,0,1,"Get weather information for New York, USA for the next 3 days with details."
simple_python_190,simple_python,no,yes,[],59,1,0,0,What's the elevation and area of Yellowstone National Park?
simple_python_191,simple_python,no,yes,[],64,1,0,1,"Find me the 5 tallest mountains within 50km of Denver, Colorado."
simple_python_192,simple_python,no,yes,[],135,1,0,4,"Calculate the slope gradient in degree between two points on a landscape with coordinates (40.7128, -74.0060) and (34.0522, -118.2437)."
simple_python_193,simple_python,yes,yes,[],78,1,0,0,Find the best local nurseries in Toronto with a good variety of annual plants.
simple_python_194,simple_python,no,yes,[],87,1,0,0,What are the top three plants suitable for a hill slope in terms of erosion prevention?
simple_python_195,simple_python,no,yes,[],149,1,0,3,"Calculate the carbon footprint of my lifestyle, assuming I drive 20 miles a day, consume 3 meat meals a week, and produce 500 lbs of trash in a year."
simple_python_196,simple_python,no,yes,[],51,1,0,3,What is the air quality index in London 2022/08/16?
simple_python_197,simple_python,no,yes,[],48,1,0,0,Find the air quality index in San Diego at 12pm.
simple_python_198,simple_python,no,yes,[],73,1,0,1,Calculate the required water daily intake for a person with weight 70 kg.
simple_python_199,simple_python,no,yes,[],55,1,0,0,Find air quality index in San Jose for next three days.
simple_python_200,simple_python,no,yes,[],122,1,0,3,"How much CO2 is produced annually by a gas-fueled car that travels 12,000 miles per year, with fuel efficiency of 25 MPG ?"
simple_python_201,simple_python,yes,yes,[],55,1,0,0,Estimate the population of pandas in the wild in China.
simple_python_202,simple_python,no,yes,[],116,1,0,1,How many greenhouse gas emissions would I save if I switched to renewable energy sources for 3 months in California?
simple_python_203,simple_python,no,yes,[],94,1,0,0,Can you find me the latest information about air quality index and pollution data for Chicago?
simple_python_204,simple_python,yes,yes,[],79,1,0,1,Find restaurants near me within 10 miles that offer Chinese cuisine in Seattle.
simple_python_205,simple_python,no,yes,[],71,1,0,0,Find out the current traffic situation from Boston driving to New York.
simple_python_206,simple_python,no,yes,[],52,1,0,0,Find the nearest park with a tennis court in London.
simple_python_207,simple_python,no,yes,[],71,1,0,0,"Get the shortest driving distance between New York, USA and Miami, USA."
simple_python_208,simple_python,no,yes,[],84,1,0,0,Get me the directions from New York to Los Angeles avoiding highways and toll roads.
simple_python_209,simple_python,no,yes,[],103,1,0,0,"Locate the nearest public library in Boston, Massachusetts with English fiction section and free Wi-Fi."
simple_python_210,simple_python,no,yes,[],34,1,0,1,Get 5 latest news on Bitcoin in US
simple_python_211,simple_python,no,yes,[],117,1,2,1,Send an email to John Doe at john.doe@example.com with the subject 'Meeting' and body 'Let's meet at 10 AM tomorrow'.
simple_python_212,simple_python,no,yes,[],53,1,0,0,Give me detail information about stocks of Apple Inc.
simple_python_213,simple_python,yes,yes,[],74,1,0,3,Book a direct flight from San Francisco to London for 2022-04-27 afternoon
simple_python_214,simple_python,no,yes,[],52,1,0,0,Search for upcoming month rock concerts in New York.
simple_python_215,simple_python,no,yes,[],39,1,1,0,Give me a brief on movie 'Interstellar'
simple_python_216,simple_python,no,yes,[],100,1,1,0,Analyze the sentiment of a customer review 'I love the food here! It's always fresh and delicious.'.
simple_python_217,simple_python,no,yes,[],130,1,0,0,"Analyze my fMRI data in ~/data/myfMRI.nii from a multi-band sequence, that is smoothed at 6mm with an isotropic voxel size of 2mm."
simple_python_218,simple_python,no,yes,[],90,1,1,1,"Given patient with id 546382, retrieve their brain MRI report with the status 'concluded'."
simple_python_219,simple_python,no,yes,[],109,1,0,0,What are the coordinates of the neuron in a rat's all part of the brain that produces GABA neurotransmitters?
simple_python_220,simple_python,yes,yes,[],105,1,0,2,Calculate the neuronal activity based on synaptic input rate of 200 and weight 0.5 and decay rate of 0.1.
simple_python_221,simple_python,yes,yes,[],70,1,0,0,What will be the population growth in London over the next five years?
simple_python_222,simple_python,no,yes,[],89,1,0,2,Can you calculate my Body Mass Index (BMI) given my weight is 70 kg and height is 180 cm?
simple_python_223,simple_python,no,yes,[],124,1,0,2,Find social behaviors and patterns in a group size of 50 with extroverted members being 15 and introverted members being 35.
simple_python_224,simple_python,no,yes,[],109,1,0,0,Find the most followed person on twitter who tweets about psychology related to behaviour and group dynamics.
simple_python_225,simple_python,no,yes,[],84,1,0,0,What is the percentage of population preferring digital reading over physical books?
simple_python_226,simple_python,no,yes,[],64,1,0,0,Find the compatibility score in percentage of Aries with Gemini.
simple_python_227,simple_python,no,yes,[],62,1,0,0,Get me strength and weakness traits for ENFJ personality type.
simple_python_228,simple_python,no,yes,[],57,1,0,0,Find three personality traits of people who like jogging.
simple_python_229,simple_python,no,yes,[],111,1,0,0,"What's my Big Five Personality trait scores given that I am efficient, organized, easy going and compassionate?"
simple_python_230,simple_python,no,yes,[],35,1,0,1,Who was the King of France in 1510?
simple_python_231,simple_python,no,yes,[],59,1,0,1,Provide key war events in German history from 1871 to 1945.
simple_python_232,simple_python,no,yes,[],47,1,0,1,What was the full name king of England in 1800?
simple_python_233,simple_python,no,yes,[],76,1,0,0,When did the Treaty of Tordesillas take place? Put it in the format of YYYY.
simple_python_234,simple_python,no,yes,[],64,1,0,0,Find important Wars in European history during the 19th century.
simple_python_235,simple_python,yes,yes,[],45,1,0,0,When was the signing of the Treaty of Lisbon?
simple_python_236,simple_python,yes,yes,[],41,1,0,0,Get start date on the American Civil War.
simple_python_237,simple_python,no,yes,[],60,1,0,1,Get historical GDP data for United States from 1960 to 2000.
simple_python_238,simple_python,no,yes,[],73,1,0,0,Who was the president of the United States during the American Civil War?
simple_python_239,simple_python,no,yes,[],68,1,0,1,Who was the full name of the president of the United States in 1861?
simple_python_240,simple_python,no,yes,[],51,1,0,1,Who was the President of the United States in 1940?
simple_python_241,simple_python,yes,yes,[],48,1,0,0,Who was the U.S. president during the Civil War?
simple_python_242,simple_python,no,yes,[],65,1,0,0,Who is the scientist that first proposed the theory of evolution?
simple_python_243,simple_python,no,yes,[],55,1,0,0,Who discovered the neutron? Give me detail information.
simple_python_244,simple_python,no,yes,[],73,1,0,0,What year was the law of universal gravitation published by Isaac Newton?
simple_python_245,simple_python,no,yes,[],22,1,0,0,Who discovered radium?
simple_python_246,simple_python,no,yes,[],52,1,0,0,Who discovered Gravity and what was the method used?
simple_python_247,simple_python,no,yes,[],69,1,0,2,"What was Albert Einstein's contribution to science on March 17, 1915?"
simple_python_248,simple_python,no,yes,[],56,1,0,0,Who invented the theory of relativity and in which year?
simple_python_249,simple_python,no,yes,[],69,1,0,0,Tell me more about Christianity and its history till the 14th century
simple_python_250,simple_python,no,yes,[],60,1,0,0,What's the time difference between San Francisco and Sydney?
simple_python_251,simple_python,no,yes,[],81,1,0,0,What is the earliest reference of Jesus Christ in history from historical record?
simple_python_252,simple_python,no,yes,[],96,1,0,0,Find ten major historical events related to Christianity in the 16th century sort by importance.
simple_python_253,simple_python,yes,yes,[],36,1,0,0,Retrieve the full historyof Buddhism
simple_python_254,simple_python,no,yes,[],87,1,0,1,Retrieve the historic dates and facts related to Christianity between year 300 and 400.
simple_python_255,simple_python,no,yes,[],62,1,0,0,Get the biography and main contributions of Pope Innocent III.
simple_python_256,simple_python,no,yes,[],73,1,1,1,Generate an image of a circle with a radius of 50 pixels and color 'Red'.
simple_python_257,simple_python,no,yes,[],64,1,0,0,Can you help me identify the basic RGB value of Sea Green color?
simple_python_258,simple_python,yes,yes,[],72,1,0,1,Mix yellow and blue colors and adjust the lightness level to 60 percent.
simple_python_259,simple_python,yes,yes,[],145,1,0,3,Calculate the total quantity of paint needed to cover a wall of 30 feet by 12 feet using a specific brand that covers 400 square feet per gallon.
simple_python_260,simple_python,no,yes,[],191,1,0,3,"Calculate how many gallons of paint is required to paint a wall with width of 20ft and height of 12ft, assuming 1 gallon covers approximately 350 sq.ft. Don't include window area of 15 sq.ft."
simple_python_261,simple_python,no,yes,[],72,1,0,2,Draw a rectangle with a width of 20 units and height of 10 units in red.
simple_python_262,simple_python,no,yes,[],84,1,0,0,Change my painting's medium to oil and change size to 12x18 with red dominant color.
simple_python_263,simple_python,no,yes,[],80,1,0,0,Find me the most recent art sculpture by James Plensa with detailed description.
simple_python_264,simple_python,no,yes,[],66,1,1,0,Find the size of the sculpture with title 'David' by Michelangelo.
simple_python_265,simple_python,no,yes,[],67,1,0,0,Find me sculptures near Chicago that were made in the 19th century.
simple_python_266,simple_python,no,yes,[],58,1,1,0,What is the value of the sculpture 'The Thinker' by Rodin?
simple_python_267,simple_python,no,yes,[],91,1,0,0,Find the top rated modern sculpture exhibition happening in New York in the upcoming month.
simple_python_268,simple_python,no,yes,[],75,1,0,0,"Find me the sculptures of Michelangelo with material Marble in Rome, Italy."
simple_python_269,simple_python,no,yes,[],117,1,0,4,"Calculate the compound interest of an investment of $10,000 at an interest rate of 5% compounded yearly for 10 years."
simple_python_270,simple_python,no,yes,[],70,1,0,0,Can you give me the height and width of Empire State building in feet?
simple_python_271,simple_python,no,yes,[],107,1,0,0,"What is the structural dynamic analysis of the building with building Id B1004 for 2nd, 3rd and 4th floors?"
simple_python_272,simple_python,no,yes,[],74,1,0,1,Calculate the area and circumference of a circle with a radius of 5 units.
simple_python_273,simple_python,no,yes,[],55,1,0,0,Find out the open hours for the Louvre Museum in Paris.
simple_python_274,simple_python,no,yes,[],75,1,0,0,Find information about the opening hours of the Metropolitan Museum of Art.
simple_python_275,simple_python,no,yes,[],100,1,0,1,Get the list of top 5 popular artworks at the Metropolitan Museum of Art. Please sort by popularity.
simple_python_276,simple_python,no,yes,[],48,1,0,0,Get the working hours of Louvre Museum in Paris.
simple_python_277,simple_python,no,yes,[],92,1,0,0,"Find the working hours and ticket price of The British Museum for this weekend, Jun.20,2023."
simple_python_278,simple_python,no,yes,[],59,1,0,0,Find me the average price and ratings of piano from Yamaha.
simple_python_279,simple_python,no,yes,[],93,1,0,0,What's the retail price of a Fender American Professional II Stratocaster in Rosewood Finish?
simple_python_280,simple_python,yes,yes,[],54,1,0,0,Find an acoustic instrument within my budget of $1000.
simple_python_281,simple_python,no,yes,[],104,1,2,0,"Find the details about the musical instrument 'Violin' from 'Stradivarius' maker, made in the year 1721."
simple_python_282,simple_python,no,yes,[],106,1,0,0,"Find a Yamaha flute with the specifications of open hole, C foot, and silver headjoint available for sale."
simple_python_283,simple_python,no,yes,[],91,1,0,0,Find the price of a used Gibson Les Paul guitar in excellent condition in the Chicago area.
simple_python_284,simple_python,no,yes,[],66,1,0,0,Get information about the pop concerts in New York for next month.
simple_python_285,simple_python,no,yes,[],70,1,0,0,Find me a Rock concert in Chicago with ticket availability under $100.
simple_python_286,simple_python,no,yes,[],91,1,0,1,Get concert details for the artist Beyonce performing in San Diego next month (April 2022).
simple_python_287,simple_python,no,yes,[],75,1,0,0,Find me a classical concert this weekend in Los Angeles with cheap tickets.
simple_python_288,simple_python,yes,yes,[],60,1,0,0,Get me two tickets for next Eminem concert in New York City.
simple_python_289,simple_python,no,yes,[],55,1,0,0,Find concerts near me in Seattle that plays jazz music.
simple_python_290,simple_python,yes,yes,[],78,1,0,0,What's the timing and location for The Weeknd's concert happening in December?
simple_python_291,simple_python,no,yes,[],105,1,0,2,"Generate a melody in C major scale, starting with the note C4, 16 measures long, at 120 beats per minute."
simple_python_292,simple_python,no,yes,[],78,1,0,1,"Compose a simple piano melody with a progression of C, F and G for 4 measures."
simple_python_293,simple_python,no,yes,[],129,1,0,1,Create a mix track using notes of C major scale and duration of each note being quarter of a second with a duration of 3 minutes.
simple_python_294,simple_python,no,yes,[],61,1,0,0,Generate a major chord progression in C key with four chords.
simple_python_295,simple_python,yes,yes,[],57,1,1,0,Find the lyrics to the song 'Bohemian Rhapsody' by Queen.
simple_python_296,simple_python,yes,yes,[],76,1,0,2,Generate a major C scale progression with tempo 80 BPM and duration 4 beats.
simple_python_297,simple_python,no,yes,[],65,1,4,0,"music.theory.chordProgression(progression=['I', 'V', 'vi', 'IV'])"
simple_python_298,simple_python,no,yes,[],38,1,0,0,What key signature does C# major have?
simple_python_299,simple_python,no,yes,[],56,1,0,0,What is the musical scale associated with C sharp major?
simple_python_300,simple_python,no,yes,[],95,1,0,0,Calculate the duration between two notes of 440Hz and 880Hz frequency based on harmonic rhythm.
simple_python_301,simple_python,no,yes,[],47,1,0,0,What is the third major chord in C major scale?
simple_python_302,simple_python,yes,yes,[],106,1,0,3,Calculate the batting average for a baseball player who has 180 hits and 600 at-bats. Round to 3 decimals.
simple_python_303,simple_python,no,yes,[],65,1,0,2,Get the player stats of Cristiano Ronaldo in the 2019-2020 season
simple_python_304,simple_python,no,yes,[],79,1,1,0,Get point and rebound stats for player 'LeBron James' from last basketball game
simple_python_305,simple_python,no,yes,[],88,1,0,2,Calculate the overall goal and assist of soccer player Messi in La Liga 2020-2021 season
simple_python_306,simple_python,no,yes,[],74,1,0,1,"Find average batting score of a cricketer, Virat Kohli for past 10 matches"
simple_python_307,simple_python,no,yes,[],72,1,0,2,"Who won the basketball game between Lakers and Clippers on Jan 28, 2021?"
simple_python_308,simple_python,no,yes,[],116,1,0,0,What are the next five matches for Manchester United and who are they playing against in the English Premier League?
simple_python_309,simple_python,no,yes,[],55,1,0,1,Find me the record of Tom Brady in the 2020 NFL season.
simple_python_310,simple_python,no,yes,[],60,1,0,0,What are the career stats of basketball player LeBron James?
simple_python_311,simple_python,no,yes,[],62,1,0,0,Find me the detailed profile of basketball player Lebron James
simple_python_312,simple_python,no,yes,[],53,1,0,1,What are the statistics of Ronaldo's matches in 2021?
simple_python_313,simple_python,no,yes,[],65,1,0,0,What's the total worth in euro of Messi according to latest data?
simple_python_314,simple_python,no,yes,[],63,1,0,0,Find all the major achievements of the footballer Lionel Messi.
simple_python_315,simple_python,no,yes,[],68,1,0,1,Get the NBA team's ranking with the best defence in the 2021 season.
simple_python_316,simple_python,no,yes,[],64,1,0,0,"Find the current world rank of a Tennis player, Serena Williams."
simple_python_317,simple_python,no,yes,[],61,1,0,1,Find the ranking of LA Lakers in the NBA 2021 regular season.
simple_python_318,simple_python,no,yes,[],72,1,0,1,What is the FIFA ranking of Germany's men soccer team for the year 2021?
simple_python_319,simple_python,no,yes,[],59,1,0,0,What is the ranking of Manchester United in Premier League?
simple_python_320,simple_python,yes,yes,[],113,1,0,2,"Fetch the basketball league standings, where Golden State Warriors stand in current 2022-2023 season with details"
simple_python_321,simple_python,no,yes,[],59,1,0,1,What's the ranking of Barcelona in the 2021 La Liga season?
simple_python_322,simple_python,no,yes,[],74,1,0,0,Get the current ranking for Liverpool Football Club in the Premier League.
simple_python_323,simple_python,no,yes,[],48,1,0,0,Who is ranked as the top player in woman tennis?
simple_python_324,simple_python,no,yes,[],79,1,0,0,Find the score of last game for Los Angeles Lakers including its opponent name.
simple_python_325,simple_python,no,yes,[],68,1,0,0,Who won the last match between Chicago Bulls and Los Angeles Lakers?
simple_python_326,simple_python,no,yes,[],71,1,0,0,Get the latest game score and statistics for Los Angeles Lakers in NBA.
simple_python_327,simple_python,no,yes,[],81,1,0,1,Give me the schedule of Manchester United for the next 6 games in Premier League.
simple_python_328,simple_python,no,yes,[],68,1,1,0,Find the rating and player count of the board game 'Ticket to Ride'.
simple_python_329,simple_python,yes,yes,[],75,1,0,1,Calculate the odds of rolling a 7 with two dice in the board game Monopoly.
simple_python_330,simple_python,no,yes,[],78,1,1,0,What's the average review rating and the age range for the board game 'Catan'?
simple_python_331,simple_python,no,yes,[],64,1,0,0,Find the top chess players in New York with a rating above 2300.
simple_python_332,simple_python,no,yes,[],52,1,0,0,What's the chess classical rating of Magnus Carlsen?
simple_python_333,simple_python,no,yes,[],111,1,0,1,"Find the high and low temperatures, humidity, and precipitation for London, United Kingdom for the next 3 days."
simple_python_334,simple_python,no,yes,[],125,1,0,2,"Check who is the winner in a game of blackjack given player having A and 10, dealer having 10 and 9. The Ace is considered 1."
simple_python_335,simple_python,no,yes,[],58,1,2,0,Find a Card of rank 'Queen' and suit 'Hearts' in the deck.
simple_python_336,simple_python,no,yes,[],55,1,0,1,"Shuffle a deck of cards, and draw 3 cards from the top."
simple_python_337,simple_python,no,no,"[""too_many_quoted_literals""]",268,1,11,5,"In a texas holdem game, Who won in the poker game with players Alex, Sam, Robert and Steve given the cards Alex':['A of spades', 'K of spades'], 'Sam': ['2 of diamonds', '3 of clubs'], 'Robert': ['Q of hearts', '10 of hearts'], 'Steve': ['4 of spades', '5 of spades']?"
simple_python_338,simple_python,no,yes,[],72,1,0,1,What is the probability of drawing a heart card from a deck of 52 cards?
simple_python_339,simple_python,no,yes,[],57,1,0,0,What is the probability of getting a full house in poker?
simple_python_340,simple_python,yes,yes,[],120,1,0,4,"Determine the winner in a Poker game with John having a Hand of 8♥, 10♥, J♥, Q♥, K♥ and Mike having 9♠, J♠, 10♠, Q♠, K♠."
simple_python_341,simple_python,no,yes,[],68,1,0,0,What are the odds of drawing a heart card from a deck without joker?
simple_python_342,simple_python,no,yes,[],78,1,1,1,Find all multi-player games released in 2019 with an ESRB rating of 'Everyone'
simple_python_343,simple_python,no,yes,[],60,1,2,0,Fetch player statistics of 'Zelda' on Switch for user 'Sam'.
simple_python_344,simple_python,no,yes,[],107,1,2,0,What's the power rating for the Weapon 'Guardian Sword+' in the game 'Legend of Zelda: Breath of the Wild'?
simple_python_345,simple_python,no,yes,[],70,1,0,1,Find the value of a vintage Super Mario Bros. game from 1985 like new.
simple_python_346,simple_python,yes,yes,[],97,1,1,0,Get all collectable items from the game 'Animal Crossing: New Horizons' during the Spring season.
simple_python_347,simple_python,no,yes,[],84,1,0,0,Get me the details of the last game played by Liverpool F.C. Include its statistics.
simple_python_348,simple_python,yes,yes,[],120,1,2,0,"Create a new player profile for the game with name 'StarPlayer' and character class 'Mage', set the starting level to 5."
simple_python_349,simple_python,yes,yes,[],92,1,1,0,Find the highest score achieved by any player in the online game 'Overwatch' on PC globally.
simple_python_350,simple_python,no,yes,[],65,1,1,1,Get the highest scoring player of game 'Valorant' in 2022 season.
simple_python_351,simple_python,no,yes,[],80,1,0,1,Find me a multiplayer game with rating above 4.5 and compatible with Windows 10.
simple_python_352,simple_python,no,yes,[],96,1,1,0,Get the average user score for the game 'The Legend of Zelda: Breath of the Wild' from GameSpot.
simple_python_353,simple_python,no,yes,[],45,1,0,0,What are some gluten-free recipes for dinner?
simple_python_354,simple_python,no,yes,[],61,1,0,1,Find a vegan soup recipe that takes under 30 minutes to make.
simple_python_355,simple_python,no,yes,[],66,1,0,0,How many calories in the Beef Lasagna Recipe from Foodnetwork.com?
simple_python_356,simple_python,no,yes,[],87,1,0,2,"Find me a recipe that serves 2 people, is vegan, and takes under 30 minutes to prepare."
simple_python_357,simple_python,no,yes,[],76,1,0,0,Get the recipe for vegan chocolate cake including the steps for preparation.
simple_python_358,simple_python,no,yes,[],76,1,0,1,Find a gluten-free cookie recipe that takes less than 30 minutes to prepare.
simple_python_359,simple_python,no,yes,[],67,1,0,1,Give me a recipe for a vegetarian pasta with cheese for 2 servings.
simple_python_360,simple_python,no,yes,[],77,1,0,1,Find a recipe for pasta carbonara which contains only less than 500 calories.
simple_python_361,simple_python,no,yes,[],76,1,0,0,Find Italian restaurants near New York city that serves gluten-free options.
simple_python_362,simple_python,no,yes,[],82,1,0,2,What are the top five sushi restaurants with high reviews i.e. above 4/5 in Tokyo?
simple_python_363,simple_python,yes,yes,[],57,1,0,0,Find the closest sushi restaurant with a patio in Boston.
simple_python_364,simple_python,no,yes,[],72,1,0,0,Can I find an Italian restaurant with Gluten-free options near Brooklyn?
simple_python_365,simple_python,no,yes,[],38,1,0,1,How many ounces in 2 pounds of butter?
simple_python_366,simple_python,no,yes,[],69,1,0,1,How many teaspoons are in 2 tablespoons for measurement in my recipe?
simple_python_367,simple_python,yes,yes,[],72,1,0,1,Find me a vegan recipe for brownies which prep time is under 30 minutes.
simple_python_368,simple_python,no,yes,[],61,1,0,1,How much time will it take to cook a roast chicken of 1.5 kg?
simple_python_369,simple_python,no,yes,[],75,1,0,0,Find a grocery store near me with organic fruits and vegetables in Houston.
simple_python_370,simple_python,no,yes,[],88,1,0,0,Order three bottles of olive oil and a five pound bag of rice from Safeway in Palo Alto.
simple_python_371,simple_python,no,yes,[],74,1,0,0,Check the price of tomatoes and lettuce at the Whole Foods in Los Angeles.
simple_python_372,simple_python,no,yes,[],87,1,0,0,Find the top five organic bananas brands on the basis of rating from Whole Foods store.
simple_python_373,simple_python,no,yes,[],142,1,0,1,"I want to buy apples, rice, and 12 pack of bottled water from a Walmart near San Jose. Show me the product information and stock availability."
simple_python_374,simple_python,no,yes,[],75,1,0,0,"Check the amount of protein, calories and carbs in an avocado from Walmart."
simple_python_375,simple_python,no,yes,[],71,1,0,0,Check the total price for three pumpkins and two dozen eggs at Walmart.
simple_python_376,simple_python,yes,yes,[],58,1,0,1,"What time is it currently in London, UK in 24 hour format?"
simple_python_377,simple_python,no,yes,[],46,1,0,0,"What is the current time in Sydney, Australia?"
simple_python_378,simple_python,no,yes,[],61,1,0,0,Convert time 3pm from New York time zone to London time zone.
simple_python_379,simple_python,yes,yes,[],45,1,0,0,"What's the current time in Sydney, Australia?"
simple_python_380,simple_python,no,yes,[],112,1,0,1,"Book a single room at a pet friendly hotel near Manhattan, New York for 3 nights starting from March 10th, 2023."
simple_python_381,simple_python,yes,yes,[],96,1,0,1,Check if any Hilton Hotel is available for two adults in Paris from 2023 April 4th to April 8th?
simple_python_382,simple_python,no,yes,[],99,1,0,0,"Book a single room for two nights at the Hilton Hotel in Chicago, starting from 10th December 2022."
simple_python_383,simple_python,no,yes,[],69,1,0,0,I would like to book a single room for two nights at The Plaza hotel.
simple_python_384,simple_python,no,yes,[],100,1,0,3,"Book a hotel room for two adults and one child in Paris, France from July 10, 2022 to July 20, 2022."
simple_python_385,simple_python,no,yes,[],97,1,0,1,"Book a hotel room with king size bed in Los Angeles for 2 nights starting from 15th October,2023."
simple_python_386,simple_python,no,yes,[],104,1,0,2,"Book a luxury room in Hotel Paradise, Las Vegas, with a city view for 3 days starting from May 12, 2022."
simple_python_387,simple_python,no,yes,[],89,1,0,2,Book a hotel room at the Plaza Hotel in New York for 3 nights starting from 1st June 2022
simple_python_388,simple_python,no,yes,[],55,1,0,1,How many Canadian dollars can I get for 500 US dollars?
simple_python_389,simple_python,no,yes,[],81,1,0,1,Calculate the current cost in British Pounds if I need to convert 200 US dollars.
simple_python_390,simple_python,no,yes,[],38,1,0,1,Convert 150 Euros to Canadian dollars.
simple_python_391,simple_python,yes,yes,[],85,1,0,1,Get the exchange rate from British pounds to Japanese yen with the fee 0.02 included.
simple_python_392,simple_python,no,yes,[],68,1,0,0,Get me the latest exchange rate from British Pounds to Japanese Yen.
simple_python_393,simple_python,no,yes,[],60,1,0,1,How much will 20000 Japanese Yen be in United States Dollar?
simple_python_394,simple_python,yes,yes,[],82,1,0,0,Get me the travel distance and duration from the Eiffel Tower to the Louvre Museum
simple_python_395,simple_python,no,yes,[],72,1,0,1,Find the nearest parking lot within 2 miles of Central Park in New York.
simple_python_396,simple_python,no,yes,[],86,1,0,1,"Find a hospital within 5 km radius around Denver, Colorado with pediatrics department."
simple_python_397,simple_python,no,yes,[],70,1,0,0,"Find the distance between New York and Boston, accounting for terrain."
simple_python_398,simple_python,no,yes,[],73,1,0,0,What are the opening hours of the Metropolitan Museum of Art on Saturday?
simple_python_399,simple_python,no,yes,[],124,1,0,1,Find me the best Italian restaurants in New York City with average customer ratings of more than 4 and accepts credit cards.
multiple_0,multiple,no,yes,[],120,2,0,3,"Can I find the dimensions and properties of a triangle, if I know its three sides are 5 units, 4 units and 3 units long?"
multiple_1,multiple,yes,yes,[],84,3,0,2,"Calculate the area of a triangle, given the lengths of its three sides: 3, 4, and 5."
multiple_2,multiple,no,yes,[],30,3,0,0,What is the capital of Brazil?
multiple_3,multiple,no,yes,[],68,2,0,4,"Compute the Euclidean distance between two points A(3,4) and B(1,2)."
multiple_4,multiple,no,yes,[],162,2,0,4,Can you calculate the displacement of a car moving at an initial speed of 20 m/s and then accelerates at 10 m/s^2 for 5 seconds? (assuming a straight line motion)
multiple_5,multiple,no,yes,[],113,3,0,4,"What is the wind speed and temperature in location given by coordinates 46.603354,1.8883340 on December 13, 2019?"
multiple_6,multiple,no,yes,[],185,3,0,2,"Calculate the capacitance of a parallel plate capacitor where the area of the plate is 10 square meters, the distance between plates is 0.01 meters and the dielectric constant K is 1.0."
multiple_7,multiple,no,yes,[],114,2,0,0,How to assess the population growth in deer and their impact on woodland in Washington state over the past decade?
multiple_8,multiple,no,yes,[],80,2,0,5,"Find a 3 bedroom villa for sale within $300,000 to $400,000 budget in San Diego."
multiple_9,multiple,yes,yes,[],144,3,4,4,"Calculate the average grade for student John who has these scores {'math':90, 'science':75, 'history':82, 'music':89} across different subjects."
multiple_10,multiple,no,yes,[],167,2,0,0,I need to delete some columns from my employees database on personal_data table. I want to remove their email addresses and social security numbers to respect privacy.
multiple_11,multiple,yes,yes,[],76,3,0,3,"Calculate the roots of a quadratic equation with coefficients 5, 20, and -25"
multiple_12,multiple,no,yes,[],109,3,1,2,What is the year over year growth rate for company 'Tech Inc' with revenues of $1M in 2019 and $1.2M in 2020?
multiple_13,multiple,yes,yes,[],128,2,0,1,How much revenue would company XYZ generate if we increase the sales units of product A by 10% while keeping the price the same?
multiple_14,multiple,no,yes,[],114,3,0,4,"Calculate the depreciated value of a property costing $200,000 with an annual depreciation rate of 3% for 5 years."
multiple_15,multiple,no,yes,[],168,2,0,3,"How much is the potential of the Solar farm at location with coordinates [43.653225, -79.383186] in December, given that it has a total solar panel area of 80000 sq ft?"
multiple_16,multiple,no,yes,[],170,3,0,2,What's the required minimum population size (Ne) for maintaining the genetic diversity of a wild tiger population for the next 100 generations with a probability of 0.95?
multiple_17,multiple,no,yes,[],63,3,0,2,"Find the conversion rate from Euro to Dollar at January 1, 2022"
multiple_18,multiple,no,yes,[],85,3,0,0,Who were the main participants and what was the location of the Battle of Stalingrad?
multiple_19,multiple,no,yes,[],56,3,0,0,What are the three great Schism in Christianity history?
multiple_20,multiple,no,yes,[],81,3,0,1,What is the price to commission a sculpture made of marble with a size of 3 feet?
multiple_21,multiple,yes,yes,[],103,2,0,1,I want to generate a sound of 440Hz frequency for 5 seconds. What is the function and how can I use it?
multiple_22,multiple,no,yes,[],80,3,0,0,What is the record for the most points scored by a single player in an NBA game?
multiple_23,multiple,yes,yes,[],119,3,0,0,"What are the current stats for basketball player LeBron James including points per game, assists, and minutes per game."
multiple_24,multiple,no,yes,[],126,2,0,0,What is the fastest route from London to Edinburgh for playing a chess championship? Also provide an estimate of the distance.
multiple_25,multiple,no,yes,[],121,3,1,0,What is the cheapest selling price for the game 'Assassins Creed Valhalla' in the PlayStation Store in the United States?
multiple_26,multiple,yes,yes,[],102,3,0,0,Find out the rewards for playing Fortnite on Playstation platform with different missions and trophies
multiple_27,multiple,yes,yes,[],93,2,0,0,"What is the shortest path from Paris, France to Rome, Italy by using a public transportation?"
multiple_28,multiple,no,yes,[],68,3,0,3,"What's the root of quadratic equation with coefficients 2, 3 and -4?"
multiple_29,multiple,yes,yes,[],64,2,0,1,Find the intersection points of the functions y=3x+2 and y=2x+3.
multiple_30,multiple,no,yes,[],73,3,0,2,What is the area of a rectangle with length 12 meters and width 5 meters?
multiple_31,multiple,no,yes,[],91,3,0,2,What is the area and perimeter of a rectangle with width of 7 units and length of 10 units?
multiple_32,multiple,no,yes,[],58,2,0,1,Calculate the volume of a cone with radius 4 and height 7.
multiple_33,multiple,no,yes,[],58,2,0,2,Find the integral of the function f(x) = 3x^2 from 1 to 2.
multiple_34,multiple,no,yes,[],55,3,0,1,Calculate the Least Common Multiple (LCM) of 18 and 12.
multiple_35,multiple,no,yes,[],58,2,0,1,Calculate the greatest common divisor between 128 and 256.
multiple_36,multiple,yes,yes,[],145,2,0,2,Find out how fast an object was going if it started from rest and traveled a distance of 20 meters over 4 seconds due to a constant acceleration?
multiple_37,multiple,no,yes,[],73,3,0,2,Find the final velocity of an object thrown up at 40 m/s after 6 seconds.
multiple_38,multiple,yes,yes,[],73,2,1,0,Find a book 'The Alchemist' in the library branches within New York city.
multiple_39,multiple,no,yes,[],66,2,0,1,Find a ride from New York to Philadelphia with maximum cost of $50
multiple_40,multiple,no,yes,[],94,2,0,2,Calculate the strength of magnetic field given distance is 8 meters and current is 12 Amperes?
multiple_41,multiple,no,yes,[],109,3,0,2,Calculate the magnetic field at point P using Ampere’s law where current I is 10 Amperes and r is 0.01 meter.
multiple_42,multiple,no,yes,[],109,2,0,4,Calculate the final temperature when 2 moles of gas at 300 K are mixed with 3 moles of the same gas at 400 K.
multiple_43,multiple,no,yes,[],58,3,0,1,What is the energy produced by 5 mol of glucose (C6H12O6)?
multiple_44,multiple,no,yes,[],61,3,0,1,How much will I weigh on Mars if my weight on Earth is 70 kg?
multiple_45,multiple,no,yes,[],45,2,0,0,Calculate how many years ago was the Ice age?
multiple_46,multiple,yes,yes,[],68,3,3,0,"Sort this list of names in ascending order: ['Sam', 'Alice', 'Jack']"
multiple_47,multiple,no,yes,[],82,2,0,6,"Calculate the cosine similarity between vector A [3, 2, 1] and vector B [1, 2, 3]."
multiple_48,multiple,no,yes,[],84,2,0,0,Find me a pet-friendly library with facilities for disabled people in New York City.
multiple_49,multiple,no,yes,[],117,3,0,3,Calculate the compound interest for an amount of 1500 for a duration of 2 years with an annual interest rate of 2.5%.
multiple_50,multiple,yes,yes,[],56,3,0,0,Predict the house prices for the next month in New York.
multiple_51,multiple,no,yes,[],70,3,0,1,Calculate the probability of rolling a sum of 7 on a roll of two dice.
multiple_52,multiple,no,yes,[],39,2,0,1,I have 100 euro. How much is it in USD?
multiple_53,multiple,no,yes,[],89,2,0,1,Predict the house prices for next 5 years based on interest rates and unemployment rates.
multiple_54,multiple,no,yes,[],75,2,0,0,Find out the historical dividend payments of Apple Inc for last five years.
multiple_55,multiple,no,yes,[],55,2,0,1,Predict the stock price for Google for the next 3 days.
multiple_56,multiple,no,yes,[],65,3,0,1,Find the average closing price of Apple stock in the past 60 days
multiple_57,multiple,no,yes,[],130,2,0,4,"Can you please calculate the compound interest for a principle of $1000, annual rate of 5% over 10 years with 4 compound per year."
multiple_58,multiple,no,yes,[],49,2,0,0,Search for divorce law specialists in Los Angeles
multiple_59,multiple,yes,yes,[],62,2,0,0,Find lawyers specializing in criminal law near me in New York.
multiple_60,multiple,no,yes,[],73,3,0,1,What will be the humidity and temperature for New York City after 7 days?
multiple_61,multiple,no,yes,[],94,2,0,1,Find a Landscape Architect who is experienced 5 years in small space garden design in Portland
multiple_62,multiple,yes,yes,[],87,2,0,0,"Find me the closest nature park that allows camping and has scenic views in Boston, MA."
multiple_63,multiple,no,yes,[],65,3,0,0,What will be the air quality index of New York for the next week?
multiple_64,multiple,no,yes,[],57,3,0,0,"Give me the UV index for Tokyo for tomorrow, June01 2023."
multiple_65,multiple,no,yes,[],56,3,0,0,Find the distance between New York City and Los Angeles.
multiple_66,multiple,no,yes,[],76,3,0,0,How much traffic should I expect from Las Vegas to Los Angeles this weekend?
multiple_67,multiple,no,yes,[],53,3,0,0,"Translate Hello, how are you? from English to French."
multiple_68,multiple,no,yes,[],68,3,0,0,Can I find a historical fiction book at the New York public library?
multiple_69,multiple,yes,yes,[],192,2,0,0,"Determine my personality type based on the five factor model with given information: I'm talkative, gets nervous easily, has few artistic interests, tend to be lazy and has a forgiving nature."
multiple_70,multiple,yes,yes,[],53,3,0,0,Who were the kings of France during the 18th century?
multiple_71,multiple,no,yes,[],67,3,0,1,How many veterans were there in the United States in the year 1954?
multiple_72,multiple,yes,yes,[],46,2,0,1,What was the population of California in 1970?
multiple_73,multiple,yes,yes,[],60,2,0,0,Who was the founder of Buddhism and where was it originated?
multiple_74,multiple,no,yes,[],78,2,1,0,Find the price of Van Gogh's painting 'Starry Night' on all auction platforms.
multiple_75,multiple,no,yes,[],61,3,0,0,Which paint color is currently most popular for living rooms?
multiple_76,multiple,no,yes,[],90,2,0,0,I want to order a custom bronze sculpture of a horse. What material options are available?
multiple_77,multiple,no,yes,[],54,3,0,0,Search for famous contemporary sculptures in New York.
multiple_78,multiple,yes,yes,[],108,2,0,0,"Get me information about Natural History Museum in London including timings, exhibitions, and accessibility."
multiple_79,multiple,yes,yes,[],82,2,0,0,"Find art exhibitions for the upcoming month in the Museum of Modern Art, New York."
multiple_80,multiple,no,yes,[],70,2,0,0,Find a local guitar shop that also offers violin lessons in Nashville.
multiple_81,multiple,no,yes,[],114,2,0,0,"Book a ticket for the upcoming Eminem concert in New York City, I would like to get the one with backstage access."
multiple_82,multiple,no,yes,[],44,2,0,1,Play a song in C Major key at tempo 120 bpm.
multiple_83,multiple,no,yes,[],63,3,0,0,How many goals has Lionel Messi scored for Barcelona till date?
multiple_84,multiple,yes,yes,[],81,2,0,1,Give me the top 10 goal scorers in the UEFA Champions League from Barcelona team.
multiple_85,multiple,yes,yes,[],77,2,0,1,Get the soccer scores for Real Madrid games in La Liga for the last 5 rounds.
multiple_86,multiple,no,yes,[],96,2,0,1,What are some recommended board games for 2 players and strategy based from store BoardGameGeek?
multiple_87,multiple,no,yes,[],79,3,1,1,Find the latest update or patch for the game 'Cyberpunk 2077' on Xbox platform.
multiple_88,multiple,no,yes,[],77,2,1,0,Find me the number of active players in the game 'World of Warcraft' in 2020.
multiple_89,multiple,no,yes,[],79,3,0,1,Find a healthy lunch recipe under 500 calories that uses chicken and mushrooms.
multiple_90,multiple,no,yes,[],73,2,0,0,I want a seafood restaurant in Seattle that can accommodate a group of 5.
multiple_91,multiple,no,yes,[],77,2,0,1,Can I find a good cooking recipe for apple pie using less than 5 ingredients?
multiple_92,multiple,yes,yes,[],87,3,0,0,Get me a list of available vegetarian and gluten-free foods at the Walmart near Denver.
multiple_93,multiple,no,yes,[],103,2,0,1,Book a deluxe room for 2 nights at the Marriott hotel in New York and add breakfast as an extra service
multiple_94,multiple,no,yes,[],108,3,0,1,I want to book a suite with queen size bed for 3 nights in Hilton New York. Can you find the pricing for me?
multiple_95,multiple,no,yes,[],60,2,0,1,Convert 200 euros to US dollars using current exchange rate.
multiple_96,multiple,no,yes,[],50,3,0,3,"Solve a quadratic equation where a=2, b=6, and c=5"
multiple_97,multiple,yes,yes,[],48,2,0,1,What's the area of a circle with a radius of 10?
multiple_98,multiple,no,yes,[],53,4,0,1,Calculate the circumference of a circle with radius 3
multiple_99,multiple,no,yes,[],55,2,0,1,Calculate the derivative of the function 2x^2 at x = 1.
multiple_100,multiple,yes,yes,[],44,2,0,1,Find the highest common factor of 36 and 24.
multiple_101,multiple,no,yes,[],51,2,0,2,Find the greatest common divisor (GCD) of 12 and 18
multiple_102,multiple,no,yes,[],111,3,0,3,Calculate the displacement of a car given the initial velocity of 10 and acceleeration of 9.8 within 5 seconds.
multiple_103,multiple,no,yes,[],81,4,0,1,Calculate the final speed of an object dropped from 100 m without air resistance.
multiple_104,multiple,no,yes,[],76,4,0,0,Find the shortest driving distance between New York City and Washington D.C.
multiple_105,multiple,no,yes,[],125,3,0,2,Calculate the magnetic field produced at the center of a circular loop carrying current of 5 Ampere with a radius of 4 meters
multiple_106,multiple,no,yes,[],83,4,0,2,Calculate the electric field strength 4 meters away from a charge of 0.01 Coulombs.
multiple_107,multiple,no,yes,[],78,2,0,2,What is the density of a substance with a mass of 45 kg and a volume of 15 m³?
multiple_108,multiple,no,yes,[],109,2,0,1,"Calculate the heat capacity at constant pressure for air, given its temperature is 298K and volume is 10 m^3."
multiple_109,multiple,no,yes,[],60,3,0,0,What are the names of proteins found in the plasma membrane?
multiple_110,multiple,yes,yes,[],90,2,0,0,Find the type of gene mutation based on SNP (Single Nucleotide Polymorphism) ID rs6034464.
multiple_111,multiple,no,yes,[],103,3,0,1,"What is the genotype frequency of AA genotype in a population, given that allele frequency of A is 0.3?"
multiple_112,multiple,no,yes,[],102,2,0,1,Predict the growth of forest in Yellowstone National Park for the next 5 years including human impact.
multiple_113,multiple,no,yes,[],194,4,0,3,"Calculate the expected evolutionary fitness of a creature, with trait A contributing to 40% of the fitness and trait B contributing 60%, if trait A has a value of 0.8 and trait B a value of 0.7."
multiple_114,multiple,no,yes,[],101,3,0,1,Get me the predictions of the evolutionary rate for Homo Sapiens for next 50 years using Darwin model
multiple_115,multiple,no,yes,[],96,4,0,1,"I want to find 5 restaurants nearby my location, Manhattan, offering Thai food and a vegan menu."
multiple_116,multiple,yes,yes,[],99,2,0,2,Calculate the Body Mass Index (BMI) of a person with a weight of 85 kilograms and height of 180 cm.
multiple_117,multiple,no,yes,[],82,3,0,0,Calculate the BMI (Body Mass Index) of a person who weighs 70kg and is 1.75m tall.
multiple_118,multiple,no,yes,[],79,3,0,1,Find all movies starring Leonardo DiCaprio in the year 2010 from IMDB database.
multiple_119,multiple,yes,yes,[],90,4,1,1,Find records in database in user table where age is greater than 25 and job is 'engineer'.
multiple_120,multiple,no,yes,[],87,4,0,1,How much time will it take for the light to reach earth from a star 4 light years away?
multiple_121,multiple,yes,yes,[],59,3,0,1,Calculate the area of a triangle with base 6 and height 10.
multiple_122,multiple,no,yes,[],155,4,4,0,"Run a linear regression model with predictor variables 'Age', 'Income' and 'Education' and a target variable 'Purchase_Amount'. Also apply standardization."
multiple_123,multiple,no,yes,[],65,3,0,0,Calculate the probability of drawing a king from a deck of cards.
multiple_124,multiple,yes,yes,[],88,3,0,1,What's the probability of drawing a king from a well shuffled standard deck of 52 cards?
multiple_125,multiple,no,yes,[],126,3,0,10,"Run a two sample T-test to compare the average of Group A [3, 4, 5, 6, 4] and Group B [7, 8, 9, 8, 7] assuming equal variance."
multiple_126,multiple,yes,yes,[],142,3,0,5,"Find the statistical significance between two set of variables, dataset_A with the values 12, 24, 36 and dataset_B with the values 15, 30, 45."
multiple_127,multiple,no,yes,[],133,4,0,2,What's the quarterly dividend per share of a company with 100 million outstanding shares and total dividend payout of 50 million USD?
multiple_128,multiple,yes,yes,[],145,4,0,7,"Calculate the company's return on equity given its net income of $2,000,000, shareholder's equity of $10,000,000, and dividends paid of $200,000."
multiple_129,multiple,no,yes,[],121,2,0,3,Find the compound interest for an investment of $10000 with an annual interest rate of 5% compounded monthly for 5 years.
multiple_130,multiple,no,yes,[],129,3,0,3,"Calculate the Compound Annual Growth Rate (CAGR) for an initial investment of $2000, final value of $3000 in a period of 4 years."
multiple_131,multiple,yes,yes,[],82,3,0,2,Find the market performance of the S&P 500 and the Dow Jones over the past 5 days.
multiple_132,multiple,yes,yes,[],142,3,0,3,"Calculate the future value of an investment with an annual rate of return of 8%, an initial investment of $20000, and a time frame of 5 years."
multiple_133,multiple,no,yes,[],111,2,0,3,Calculate the balance of a mutual fund given a total investment of $50000 with a 5% annual yield after 3 years.
multiple_134,multiple,no,yes,[],85,4,0,0,Look up details of a felony crime record for case number CA123456 in San Diego County
multiple_135,multiple,no,yes,[],73,2,0,1,Who was the victim in the case docket numbered 2022/AL2562 in California?
multiple_136,multiple,no,yes,[],77,2,0,0,Provide me the official crime rate of violent crime in San Francisco in 2020.
multiple_137,multiple,no,yes,[],102,3,1,2,"Search for ongoing lawsuits related to the company 'Google' filed after January 1, 2021 in California."
multiple_138,multiple,yes,yes,[],73,3,0,0,How to obtain the detailed case information of the R vs Adams legal case?
multiple_139,multiple,yes,yes,[],86,4,1,0,Find details of patent lawsuits involving the company 'Apple Inc.' from the year 2010.
multiple_140,multiple,yes,yes,[],82,2,0,0,Find the lawsuits filed against the company Google in California in the year 2020.
multiple_141,multiple,no,yes,[],94,3,0,1,I need the details of the lawsuit case with case ID of 1234 and verify if it's already closed.
multiple_142,multiple,no,yes,[],68,2,0,1,"What is the humidity level in Miami, Florida in the upcoming 7 days?"
multiple_143,multiple,no,yes,[],135,4,0,4,"Calculate the slope gradient in degree between two points on a landscape with coordinates (40.7128, -74.0060) and (34.0522, -118.2437)."
multiple_144,multiple,no,yes,[],51,2,0,3,What is the air quality index in London 2022/08/16?
multiple_145,multiple,no,yes,[],117,3,0,3,"How much CO2 is produced annually by a gas-fueled car that travels 12,000 miles per year with fuel efficiency 20 mpg?"
multiple_146,multiple,no,yes,[],79,2,0,1,Find restaurants near me within 10 miles that offer Chinese cuisine in Seattle.
multiple_147,multiple,no,yes,[],84,3,0,0,Get me the directions from New York to Los Angeles avoiding highways and toll roads.
multiple_148,multiple,no,yes,[],53,2,0,0,Give me detail information about stocks of Apple Inc.
multiple_149,multiple,yes,yes,[],100,4,1,0,Analyze the sentiment of a customer review 'I love the food here! It's always fresh and delicious.'.
multiple_150,multiple,no,yes,[],105,4,0,2,Calculate the neuronal activity based on synaptic input rate of 200 and weight 0.5 and decay rate of 0.1.
multiple_151,multiple,no,yes,[],109,3,0,0,Find the most followed person on twitter who tweets about psychology related to behaviour and group dynamics.
multiple_152,multiple,no,yes,[],59,2,0,1,Provide key war events in German history from 1871 to 1945.
multiple_153,multiple,yes,yes,[],45,3,0,0,When was the signing of the Treaty of Lisbon?
multiple_154,multiple,no,yes,[],68,4,0,1,Who was the full name of the president of the United States in 1861?
multiple_155,multiple,yes,yes,[],55,3,0,0,Who discovered the neutron? Give me detail information.
multiple_156,multiple,no,yes,[],69,3,0,2,"What was Albert Einstein's contribution to science on March 17, 1915?"
multiple_157,multiple,no,yes,[],81,2,0,0,What is the earliest reference of Jesus Christ in history from historical record?
multiple_158,multiple,no,yes,[],62,4,0,0,Get the biography and main contributions of Pope Innocent III.
multiple_159,multiple,no,yes,[],145,3,0,3,Calculate the total quantity of paint needed to cover a wall of 30 feet by 12 feet using a specific brand that covers 400 square feet per gallon.
multiple_160,multiple,yes,yes,[],80,4,0,0,Find me the most recent art sculpture by James Plensa with detailed description.
multiple_161,multiple,no,yes,[],91,3,0,0,Find the top rated modern sculpture exhibition happening in New York in the upcoming month.
multiple_162,multiple,no,yes,[],107,2,0,0,"What is the structural dynamic analysis of the building with building Id B1004 for 2nd, 3rd and 4th floors?"
multiple_163,multiple,yes,yes,[],100,2,0,1,Get the list of top 5 popular artworks at the Metropolitan Museum of Art. Please sort by popularity.
multiple_164,multiple,yes,yes,[],93,4,0,0,What's the retail price of a Fender American Professional II Stratocaster in Rosewood Finish?
multiple_165,multiple,no,yes,[],91,3,0,0,Find the price of a used Gibson Les Paul guitar in excellent condition in the Chicago area.
multiple_166,multiple,no,yes,[],75,3,0,0,Find me a classical concert this weekend in Los Angeles with cheap tickets.
multiple_167,multiple,no,yes,[],105,3,0,2,"Generate a melody in C major scale, starting with the note C4, 16 measures long, at 120 beats per minute."
multiple_168,multiple,yes,yes,[],57,3,1,0,Find the lyrics to the song 'Bohemian Rhapsody' by Queen.
multiple_169,multiple,yes,yes,[],56,2,0,0,What is the musical scale associated with C sharp major?
multiple_170,multiple,no,yes,[],65,4,0,2,Get the player stats of Cristiano Ronaldo in the 2019-2020 season
multiple_171,multiple,no,yes,[],72,2,0,2,"Who won the basketball game between Lakers and Clippers on Jan 28, 2021?"
multiple_172,multiple,no,yes,[],62,4,0,0,Find me the detailed profile of basketball player Lebron James
multiple_173,multiple,no,yes,[],68,3,0,1,Get the NBA team's ranking with the best defence in the 2021 season.
multiple_174,multiple,yes,yes,[],59,2,0,0,What is the ranking of Manchester United in Premier League?
multiple_175,multiple,yes,yes,[],48,4,0,0,Who is ranked as the top player in woman tennis?
multiple_176,multiple,no,yes,[],81,4,0,1,Give me the schedule of Manchester United for the next 6 games in Premier League.
multiple_177,multiple,no,yes,[],64,3,0,0,Find the top chess players in New York with a rating above 2300.
multiple_178,multiple,no,yes,[],58,4,2,0,Find a Card of rank 'Queen' and suit 'Hearts' in the deck.
multiple_179,multiple,yes,yes,[],57,3,0,0,What is the probability of getting a full house in poker?
multiple_180,multiple,no,yes,[],60,4,2,0,Fetch player statistics of 'Zelda' on Switch for user 'Sam'.
multiple_181,multiple,no,yes,[],84,4,0,0,Get me the details of the last game played by Liverpool F.C. Include its statistics.
multiple_182,multiple,no,yes,[],80,4,0,1,Find me a multiplayer game with rating above 4.5 and compatible with Windows 10.
multiple_183,multiple,no,yes,[],66,3,0,0,How many calories in the Beef Lasagna Recipe from Foodnetwork.com?
multiple_184,multiple,no,yes,[],67,3,0,1,Give me a recipe for a vegetarian pasta with cheese for 2 servings.
multiple_185,multiple,yes,yes,[],57,2,0,0,Find the closest sushi restaurant with a patio in Boston.
multiple_186,multiple,no,yes,[],72,2,0,1,Find me a vegan recipe for brownies which prep time is under 30 minutes.
multiple_187,multiple,no,yes,[],74,4,0,0,Check the price of tomatoes and lettuce at the Whole Foods in Los Angeles.
multiple_188,multiple,no,yes,[],115,4,0,1,"Find the grocery store closest to Berkeley that has at least a 4.5 star rating, selling tomatoes and also pet food."
multiple_189,multiple,yes,yes,[],61,2,0,0,Convert time 3pm from New York time zone to London time zone.
multiple_190,multiple,no,yes,[],99,3,0,0,"Book a single room for two nights at the Hilton Hotel in Chicago, starting from 10th December 2022."
multiple_191,multiple,yes,yes,[],104,4,0,2,"Book a luxury room in Hotel Paradise, Las Vegas, with a city view for 3 days starting from May 12, 2022."
multiple_192,multiple,no,yes,[],38,3,0,1,Convert 150 Euros to Canadian dollars.
multiple_193,multiple,no,yes,[],82,4,0,0,Get me the travel distance and duration from the Eiffel Tower to the Louvre Museum
multiple_194,multiple,no,yes,[],73,4,0,0,What are the opening hours of the Metropolitan Museum of Art on Saturday?
multiple_195,multiple,yes,yes,[],109,3,0,1,"Calculate the heat capacity at constant pressure for air, given its temperature is 298K and volume is 10 m^3."
multiple_196,multiple,no,yes,[],60,4,0,0,What are the names of proteins found in the plasma membrane?
multiple_197,multiple,no,yes,[],90,4,0,0,Find the type of gene mutation based on SNP (Single Nucleotide Polymorphism) ID rs6034464.
multiple_198,multiple,yes,yes,[],103,4,0,1,"What is the genotype frequency of AA genotype in a population, given that allele frequency of A is 0.3?"
multiple_199,multiple,yes,yes,[],88,2,0,1,Predict the growth of forest in Yellowstone for the next 5 years including human impact.
parallel_0,parallel,yes,yes,[],126,1,0,3,"Play songs from the artists Taylor Swift and Maroon 5, with a play time of 20 minutes and 15 minutes respectively, on Spotify."
parallel_1,parallel,no,yes,[],182,1,0,4,"Calculate the induced electromagnetic force for a magnetic field of 5 Tesla, area of 2 square meters and change in time of 4 seconds, then repeat with a change in time of 10 seconds."
parallel_2,parallel,no,yes,[],126,1,0,0,Calculate the resistance of a wire with a length of 5m and cross sectional area 0.01m² with resistivity of copper and aluminum
parallel_3,parallel,no,yes,[],98,1,0,0,"Get the protein sequence of human HbA1c, normal hemoglobin, and rat hemoglobin and their 3D models"
parallel_4,parallel,yes,yes,[],131,1,0,4,"Calculate the body mass index for a person who is 6 feet tall and weighs 80 kg, also for a person who is 5.6 feet and weighs 60 kg."
parallel_5,parallel,no,yes,[],140,1,3,0,"Find the list of TV shows and their ratings on Netflix for 'Friends', and Hulu for 'The Office' and 'Stranger Things' and sort by its rating"
parallel_6,parallel,no,yes,[],163,1,0,3,"Calculate the amount of sales tax to be added on a purchase amount of $30.45 in Chicago, Illinois, $52.33 in Sacramento, California and $11.23 in Portland, Oregon."
parallel_7,parallel,yes,yes,[],34,1,0,2,"Find the factorial of 5,10 and 15."
parallel_8,parallel,no,yes,[],146,1,0,0,"Fetch the population of New York City, NY,  and Los Angeles, CA from US Census Database, and also get the population data for Alaska state and USA"
parallel_9,parallel,no,yes,[],105,1,0,3,Find two movie theatres near San Diego with availability for Tenet at 5 pm and No Time To Die at 7:30 pm.
parallel_10,parallel,no,yes,[],71,1,0,3,"Compute the Pythagorean Theorem of two side lengths: 3 and 4, 5 and 12."
parallel_11,parallel,no,yes,[],133,1,0,2,Predict house price for a house of size 3000 sq ft. in location New York and 4000 sq ft. in Los Angeles using Machine Learning Model.
parallel_12,parallel,yes,yes,[],176,1,0,3,"Build a decision tree classifier model with gini criterion, maximum depth of 5 and random state of 1, another with entropy criterion, maximum depth of 10 and random state of 1."
parallel_13,parallel,no,yes,[],191,1,0,5,"Can you give me 95% confidence interval for a sample mean with standard deviation of 10, sample size of 50 and sample mean of 25? And can you do the same but for a sample size of 150 instead?"
parallel_14,parallel,yes,yes,[],121,1,0,5,"Calculate the Present Value of an investment paying $1000 per year, with an interest rate of 5%, for 10, 20 and 30 years."
parallel_15,parallel,no,yes,[],181,1,0,4,"What will be the capital gains tax for a short term capital gains of $15000, long term gains of $25000 in the state of California and $20000 short term, $50000 long term in Florida?"
parallel_16,parallel,no,yes,[],167,1,0,2,Calculate return on investment for an initial investment of $2000 with a gain of $500. Do the same calculation for an initial investment of $5000 with a loss of $1000.
parallel_17,parallel,no,yes,[],127,1,0,0,"Get the latest closing prices and volumes for Apple Inc., Google LLC., and Microsoft Corporation in the New York Stock Exchange"
parallel_18,parallel,no,yes,[],109,1,0,5,"Calculate the Future Value of an investment of $1000 with an annual interest rate of 5% for 1,5 and 10 years."
parallel_19,parallel,no,yes,[],144,1,0,6,"Calculate the monthly mortgage payment for a loan amount of $400,000, with an annual interest rate of 4% and a loan term of 15, 20 and 30 years."
parallel_20,parallel,yes,yes,[],183,1,0,8,"Can you check my loan eligibility for a home loan of amount $500,000 from HSBC with annual income $100,000 and for Wells Fargo for a amount of $700,000 with annual income of $120,000?"
parallel_21,parallel,no,yes,[],139,1,0,2,Show me all individuals who were convicted for money laundering from San Francisco in 2019 and ones convicted for the same in Texas in 2018
parallel_22,parallel,no,yes,[],142,1,0,0,"What is the status and scheduled trial date for case number XY1234 in Los Angeles County Court, and case number GH5678 in Orange County Court?"
parallel_23,parallel,yes,yes,[],259,1,0,5,"Please calculate the amount of alimony the payor spouse would have to pay to the recipient spouse in California for the next 10 years and 20 years if the payor spouse's monthly gross income is $10,000 and the recipient spouse's monthly gross income is $3,000."
parallel_24,parallel,no,yes,[],100,1,0,2,"Can you find me case law details of Case No 28473 and 64725, their history and details of litigants?"
parallel_25,parallel,no,yes,[],129,1,1,2,"List all cases against a company named 'Dara Inc' filed in 2019, Also list cases filed in the year 2018 against the same company."
parallel_26,parallel,yes,yes,[],135,1,4,2,"Find details of lawsuits with case numbers '67813', '71249' filed in the New York District court for type 'Civil' and 'Criminal' cases."
parallel_27,parallel,no,yes,[],191,1,0,2,"Find a nature reserve around Berkeley within 10 kilometers that has picnic tables and public restrooms, as well as one around Tokyo within 5 kilometers that has playgrounds and biking trails."
parallel_28,parallel,no,yes,[],90,1,0,0,What is the temperature right now and for the next three hours in Seattle and Los Angeles?
parallel_29,parallel,no,yes,[],165,1,0,0,"Find out how much waste a family of four generates in Los Angeles, assuming two children and two adults. Also, calculate waste production for a bachelor in New York."
parallel_30,parallel,yes,yes,[],115,1,0,1,Book a flight from San Francisco to Tokyo on May 3rd 2022 and another flight from Tokyo to Sydney on May 18th 2022.
parallel_31,parallel,yes,yes,[],92,1,0,0,"What was the Treaty of Paris about? Also, what was the importance of Magna Carta in history?"
parallel_32,parallel,no,yes,[],91,1,0,0,Provide me the major events during the presidency of Abraham Lincoln and George Washington.
parallel_33,parallel,no,yes,[],106,1,0,3,"Find out who was the president of United States in 1980 and 2016, and the vice president in 1975 and 2011."
parallel_34,parallel,no,yes,[],94,1,0,2,I want to know the rise and fall of Christianity in Egypt and Turkey from 100 A.D to 1500 A.D.
parallel_35,parallel,no,yes,[],119,1,0,0,Fetch the details of the ancient empires Persian Empire and Mauryan Empire with their religious history and influences.
parallel_36,parallel,no,yes,[],215,1,0,0,"Using watercolor, what combination of colors should I mix to get the color magenta and what quantity for each color? Also, I want to know how to get color navy by using acrylic paint and their respective quantities."
parallel_37,parallel,no,yes,[],67,1,0,0,"What are the RGB and HEX color values for navy, purple and maroon? "
parallel_38,parallel,yes,yes,[],153,1,0,0,"What's the driving distance between New York and Washington DC, and between Los Angeles and San Francisco with optional parameter shortest route enabled?"
parallel_39,parallel,no,yes,[],135,1,0,0,Find opening hours and ticket prices for adults and children for the National Museum in Washington D.C. and the Louvre Museum in Paris.
parallel_40,parallel,no,yes,[],178,1,2,0,"Give me the detail of the exhibition named 'Wonder of Nature' in the Louvre museum, and 'Age of Reptiles' in the British Museum. Plus their cost per visit for children and adult."
parallel_41,parallel,no,yes,[],147,1,0,0,"Show me the closest music shop where I can purchase a Yamaha acoustic guitar and a Kawai piano in San Francisco, California, and Chicago, Illinois."
parallel_42,parallel,no,yes,[],100,1,0,0,Get me the price and stock availability for a Yamaha P125 piano in Berlin and Madrid's music stores.
parallel_43,parallel,no,yes,[],123,1,0,0,"Can you find me any upcoming rock and jazz concerts for the next month in San Francisco, California and New York, New York?"
parallel_44,parallel,yes,yes,[],137,1,0,0,"Find me all the classical concerts near Berlin and Paris happening next Friday, and I am interested only in those with available parking."
parallel_45,parallel,yes,yes,[],104,1,0,0,What's the current most played Pop song and also find me the current most played Rock song in Australia.
parallel_46,parallel,no,yes,[],77,1,0,1,Find the winning percentage of Lakers and Bulls in NBA seasons 2018 and 2020.
parallel_47,parallel,yes,yes,[],117,1,0,0,What is the current ranking of Barcelona and Manchester United in the UEFA Champions League and La Liga respectively?
parallel_48,parallel,no,yes,[],127,1,1,0,"In a game of Pokemon GO, what moves can a Pikachu learn? Also, check if Bulbasaur can learn a specific move named 'Solar Beam'."
parallel_49,parallel,no,yes,[],116,1,0,3,"Check if the player with id 3142 in team RocketLeague has achieved top scorer status in seasons 2017, 2018 and 2019."
parallel_50,parallel,yes,yes,[],75,1,0,2,How to save game progress at stage 7 in easy mode and stage 3 in hard mode?
parallel_51,parallel,yes,yes,[],65,1,0,0,Search for a Chicken Noodle Soup recipe and a Vegan Salad recipe.
parallel_52,parallel,no,yes,[],161,1,0,0,Find an Italian restaurant near me in New York that provides vegetarian food options and a Japanese sushi restaurant in Los Angeles that offers delivery service.
parallel_53,parallel,yes,yes,[],125,1,2,2,Tell me a cooking recipe for 'Lasagne Bolognese' for serving 4 people and another one for 'Caesar Salad' for serving 2 people
parallel_54,parallel,yes,yes,[],175,1,0,0,I want to order a large pepperoni pizza and a chicken Caesar salad from Whole Foods at the downtown location and then another order of the same items from the uptown location.
parallel_55,parallel,yes,yes,[],111,1,0,1,Find a supermarket in New York City that opens 24 hours and another one in San Diego that offers home delivery.
parallel_56,parallel,no,yes,[],186,1,2,7,"Check the hotel room availability for 'Queens Hotel' in Berlin, Germany from March 10, 2022 to March 20, 2022 and for 'Royal Hotel' in Paris, France from April 5, 2022 to April 15, 2022."
parallel_57,parallel,no,yes,[],267,1,0,9,"Book a room for 2 adults and a child at the Sheraton Hotel in New York with check-in on May 1, 2022 and check-out on May 5, 2022. Also, Book a room for 1 adult and 2 children at the Marriott in Los Angeles with check-in on June 1, 2022 and check-out on June 10, 2022."
parallel_58,parallel,no,yes,[],85,1,0,0,Get me the currency exchange rates of the following pairs: USD to AUD and USD to CAD?
parallel_59,parallel,no,yes,[],118,1,0,2,How much will it cost in dollars if I transfer 15000 Euro to dollars? and how much if I convert 200 pounds to dollars?
parallel_60,parallel,yes,yes,[],86,1,0,3,"What is the results of the factorial of 5, the factorial of 7, and the factorial of 9?"
parallel_61,parallel,no,no,"[""embedded_instruction_or_benchmark_scaffold""]",348,1,1,7,"""Can you calculate the Euclidean norm, or the length of the vector from the origin to the point (3, 4) using the math.hypot function, and then calculate the Euclidean norm from the origin to the point (6, 8) using the same function? Also, can you calculate the Euclidean norm from the origin to the point (9, 12, 15) using the math.hypot function?"""
parallel_62,parallel,no,yes,[],335,1,1,8,"""Can you help me find the roots of two quadratic equations? The first equation is 3x^2 + 4x + 2 = 0, where 'a' is the coefficient of x^2, 'b' is the coefficient of x, and 'c' is the constant term. The second equation is 5x^2 - 7x + 3 = 0, where 'a' is the coefficient of x^2, 'b' is the coefficient of x, and 'c' is the constant term."""
parallel_63,parallel,no,no,"[""embedded_instruction_or_benchmark_scaffold""]",346,1,1,6,"""Can you help me find the roots of two quadratic equations? The first equation has coefficients of x squared, x, and the constant term as 5, 6, and 1 respectively. The second equation has coefficients of x squared, x, and the constant term as 3, 2, and 1 respectively. Can you solve these equations using the 'solve_quadratic_equation' function?"""
parallel_64,parallel,no,yes,[],473,1,1,12,"""Can you help me solve the following quadratic equations? The first one has coefficients a = 2, b = 5, and c = 3 and I want to find all roots, real or complex. The second equation has coefficients a = 1, b = -3, and c = 2 and I only want to find the real roots. The third equation has coefficients a = 4, b = -7, and c = 3 and I want to find all roots, real or complex. And the last equation has coefficients a = 1, b = 2, and c = 1 and I only want to find the real roots."""
parallel_65,parallel,no,yes,[],215,1,0,0,"What is the total circumference of four circles, where the first circle has a radius of 5cm, the second circle has a radius of 10cm, the third circle has a radius of 15cm, and the fourth circle has a radius of 20cm?"
parallel_66,parallel,no,yes,[],206,1,0,3,"What is the total area of three circles, where the first circle has a radius of 5 meters, the second circle has a radius of 10 meters, and the third circle has a radius of 15 meters, all measured in meters?"
parallel_67,parallel,yes,yes,[],200,1,1,2,"""Can you calculate the area of two circles, one with a radius of 5 meters and the other with a radius of 10 meters, and then compare the two areas to determine which circle is larger and by how much?"""
parallel_68,parallel,no,yes,[],345,1,1,4,"""John is working on a project where he needs to calculate the area of two right-angled triangles. The first triangle has a base of 12 meters and a height of 15 meters. The second triangle has a base of 18 meters and a height of 24 meters. He wants to know the total area of these two triangles in square meters. Can you help him calculate this?"""
parallel_69,parallel,no,yes,[],343,1,1,4,"""John is a geometry teacher who is preparing a quiz for his students. He has drawn two triangles on the board. The first triangle has a base of 10 units and a height of 5 units. The second triangle has a base of 8 units and a height of 6 units. John wants to know the total area of the two triangles combined. Can you help him calculate this?"""
parallel_70,parallel,no,yes,[],247,1,0,0,"What is the combined circumference of four circles, where the first circle has a radius of 5m, the second circle has a radius of 10m, the third circle has a radius of 15m, and the fourth circle has a radius of 20m, and I want the output in meters?"
parallel_71,parallel,yes,yes,[],230,1,1,5,"""Could you calculate the derivative of the polynomial function '3x^3 - 2x^2 + 5x - 7' and then evaluate this derivative at x=4? After that, could you also calculate the derivative of the resulting function and evaluate it at x=2?"""
parallel_72,parallel,no,no,"[""embedded_instruction_or_benchmark_scaffold""]",328,1,1,7,"""Could you calculate the area under the curve for the function 'x^3' between x values of 2 and 5 using the 'trapezoid' method of numerical integration, and then do the same calculation but using the 'simpson' method? After that, could you repeat these calculations but for the function '2x^2+3x-1' between x values of -1 and 3?"""
parallel_73,parallel,no,yes,[],265,1,1,7,"""Can you compute the derivative of the function 3x^2 + 2x - 1 at the value 5, where the variable present in the function is 'x', and then compute the derivative of the function 4y^3 - 3y^2 + 2y - 1 at the value 3, where the variable present in the function is 'y'?"""
parallel_74,parallel,no,yes,[],124,1,0,2,"What are the prime factors of the number 4567 and 7890, and can you provide these in a formatted string as well as an array?"
parallel_75,parallel,yes,yes,[],59,1,0,3,"What are the prime factors of the numbers 45, 100, and 150?"
parallel_76,parallel,yes,yes,[],92,1,0,4,"What is the greatest common divisor (GCD) of the two pairs of numbers (45, 60) and (81, 27)?"
parallel_77,parallel,no,yes,[],319,1,1,8,"""Can you calculate the highest common factor of the pair of numbers (45, 60) and then use that result to find the highest common factor with another pair of numbers (90, 120)? Please also find the highest common factor of the pair (36, 48) and then find the highest common factor of that result with the pair (72, 96)."""
parallel_78,parallel,no,no,"[""embedded_instruction_or_benchmark_scaffold""]",168,1,1,4,"""Can you help me find the greatest common divisor of the following pairs of integers: (45, 60) and (81, 63)? Please use the number_theory.gcd function to compute this."""
parallel_79,parallel,yes,yes,[],135,1,1,2,"What is the prime factorization of the number 4567 and the number 7890, if we want the results to be returned in a 'dictionary' format?"
parallel_80,parallel,no,yes,[],277,1,1,3,"""John and Mary are playing a game where they each choose two numbers and then calculate the greatest common divisor (GCD) of their chosen numbers. John chose the numbers 36 and 48, while Mary chose the numbers 60 and 96. Can you help them find the GCD of their chosen numbers?"""
parallel_81,parallel,yes,yes,[],607,1,1,8,"""Imagine you are conducting a physics experiment where you are dropping objects from different heights and observing their final velocities. You drop a tennis ball from a height of 10 meters with an initial velocity of 0 m/s and then from a height of 20 meters with the same initial velocity. You also drop a baseball from a height of 15 meters with an initial velocity of 0 m/s and then from a height of 25 meters with the same initial velocity. Assuming the acceleration due to gravity is approximately 9.81 m/s^2, can you calculate the final velocities of the tennis ball and the baseball for each drop?"""
parallel_82,parallel,no,no,"[""embedded_instruction_or_benchmark_scaffold""]",365,1,1,4,"A group of cyclists are planning a two-day cycling trip. On the first day, they plan to cover a distance of 120 kilometers in 5 hours. On the second day, they plan to cover a distance of 150 kilometers in 6 hours. They want to know their average velocity for each day in km/h. Could you calculate their velocity for each day using the 'calculate_velocity' function?"
parallel_83,parallel,no,yes,[],488,1,0,11,"A car is participating in a drag race. In the first round, the car starts from rest and accelerates at a rate of 5 meters/second^2 for 10 seconds. In the second round, the car starts with an initial velocity of 10 meters/second and accelerates at a rate of 7 meters/second^2 for 8 seconds. In the third round, the car starts with an initial velocity of 20 meters/second and accelerates at a rate of 4 meters/second^2 for 12 seconds. What are the final velocities of the car in each round?"
parallel_84,parallel,yes,yes,[],485,1,1,10,"""A car starts with an initial velocity of 15 m/s accelerates at a rate of 3.5 m/s^2 for a time of 7 seconds. What is the displacement of this car? Now, consider a second car that starts with an initial velocity of 20 m/s and accelerates at a rate of 2 m/s^2 for a time of 10 seconds. What is the displacement of the second car? Finally, a third car with an initial velocity of 25 m/s travels for a time of 8 seconds without any acceleration. What is the displacement of the third car?"""
parallel_85,parallel,no,yes,[],449,1,0,6,"A physics experiment is being conducted where two objects are dropped from a height, neglecting air resistance. The first object is dropped with an initial speed of 0 m/s and the second object is dropped with an initial speed of 5 m/s. If the first object is in free fall for 10 seconds and the second object is in free fall for 7 seconds, can you calculate the final speed of both objects considering the acceleration due to gravity as -9.81 m/s^2?"
parallel_86,parallel,no,no,"[""embedded_instruction_or_benchmark_scaffold""]",396,1,1,6,"""Imagine you are conducting an experiment with two different objects. The first object is accelerated at a rate of 5 m/s^2 and travels a distance of 100 meters. The second object is accelerated at a rate of 10 m/s^2 and travels a distance of 200 meters. Both objects start from rest. Can you calculate the final velocity of each object using the kinematics.final_velocity_from_distance function?"""
parallel_87,parallel,no,no,"[""embedded_instruction_or_benchmark_scaffold""]",383,1,1,5,"""Imagine you are observing two racing cars on a straight track. The first car, Car A, starts from rest and accelerates at a rate of 6 m/s² for 10 seconds. The second car, Car B, starts with an initial velocity of 20 m/s and accelerates at a rate of 4 m/s² for 15 seconds. Using the function 'calculate_final_velocity', can you determine the final velocities of both Car A and Car B?"""
parallel_88,parallel,no,yes,[],404,1,1,6,"""An experiment was conducted where two objects were dropped from different heights without air resistance. The first object had an initial velocity of 0 m/s and was dropped from a height of 10 meters. The second object had an initial velocity of 5 m/s and was dropped from a height of 20 meters. Assuming the gravitational acceleration to be 9.8 m/s^2, can you calculate the final speed of both objects?"""
parallel_89,parallel,no,yes,[],255,1,0,0,"Can you provide me with the fastest route from my home in San Francisco to my office in Palo Alto and then a scenic route from Palo Alto to the Golden Gate Bridge in San Francisco, and finally the fastest route back to my home from the Golden Gate Bridge?"
parallel_90,parallel,no,yes,[],379,1,0,8,"Can you generate a travel itinerary for a 7-day trip to Tokyo with a daily budget of $200 focusing on urban exploration, then do the same for a 10-day trip to Paris with a daily budget of $150 focusing on history, followed by a 5-day trip to Sydney with a daily budget of $100 focusing on nature, and finally a 12-day trip to Rome with a daily budget of $180 focusing on culture?"
parallel_91,parallel,no,yes,[],153,1,0,2,"Can you help me find vegan restaurants in Los Angeles, CA that are open until at least 22:00, and then do the same for San Francisco, CA and Seattle, WA?"
parallel_92,parallel,no,yes,[],181,1,0,0,"What is the shortest driving distance in miles from New York City to Los Angeles and then from Los Angeles to Miami, considering that you have to return to New York City from Miami?"
parallel_93,parallel,no,yes,[],361,1,0,0,"What would be the estimated travel time if I start my journey from New York, make stops at Philadelphia, Washington D.C., and Atlanta, and finally reach Miami? Also, what if I skip the stop at Atlanta and directly go to Miami from Washington D.C.? And lastly, what if I start from Philadelphia instead of New York, stop at Washington D.C., and then reach Miami?"
parallel_94,parallel,no,yes,[],459,1,1,4,"""In a physics experiment, you are given two charges. The first charge is 5 coulombs and is placed at a distance of 2 meters from the point where the electric field is being measured. The second charge is 3 coulombs and is placed at a distance of 4 meters from the same point. The experiment is conducted in a vacuum. Can you calculate the electric field produced by each charge at the point of measurement by invoking the 'calculate_electric_field' function?"""
parallel_95,parallel,no,no,"[""embedded_instruction_or_benchmark_scaffold""]",689,1,1,4,"""A team of scientists is conducting an experiment involving a circular loop carrying an electric current. They have two different setups for this experiment. In the first setup, the loop has a radius of 0.5 meters and is carrying a current of 10 Amperes. In the second setup, the loop has a radius of 1 meter and is carrying a current of 15 Amperes. They want to compare the magnetic fields produced at the center of the loop in both setups. They assume the magnetic permeability to be the same as in free space in both cases. Can you calculate the magnetic fields for both setups using the 'calculate_magnetic_field' function and tell them which setup produces a stronger magnetic field?"""
parallel_96,parallel,yes,yes,[],615,1,1,9,"""In a physics experiment, you are given two charges. The first charge has a magnitude of 5 coulombs and the second charge has a magnitude of 10 coulombs. These charges are placed at a distance of 2 meters from each other. You are asked to calculate the electromagnetic force between these charges. You perform the experiment twice. The first time, the charges are placed in a vacuum, which has a permittivity of 8.854 x 10^-12 F/m. The second time, the charges are placed in a medium with a relative permittivity of 5 x 10^-12 F/m. Can you calculate the electromagnetic force between the charges in both scenarios?"""
parallel_97,parallel,yes,yes,[],344,1,1,6,"""Can you calculate the resonant frequency of an LC circuit with an inductance of 0.005 henries and a capacitance of 0.0000001 farads, and then round off the result to 3 decimal places? After that, can you calculate it again with an inductance of 0.007 henries and a capacitance of 0.0000002 farads, rounding off the result to 4 decimal places?"""
parallel_98,parallel,no,yes,[],389,1,1,5,"""Can you calculate the electric field strength at a distance of 0.5 meters from a point charge of 2 Coulombs located in a vacuum? Then, can you also calculate the electric field strength at a distance of 1 meter and 2 meters from the same point charge? Lastly, can you calculate the electric field strength at a distance of 1 meter from the same point charge but this time located in air?"""
parallel_99,parallel,no,yes,[],453,1,1,3,"""Can you help me calculate the energy required for a phase change? I have a science experiment where I am first melting 500 grams of ice at 0 degrees Celsius, then I am freezing it back. After that, I am vaporizing the same mass of water at 100 degrees Celsius and then condensing it back to liquid state. The substance I am using for this experiment is water. Can you tell me how much energy is required or released during each of these phase changes?"""
parallel_100,parallel,no,yes,[],113,1,0,2,What are the boiling and melting points of water and iron at sea levels of 0 meters and 1000 meters respectively?
parallel_101,parallel,no,no,"[""embedded_instruction_or_benchmark_scaffold""]",446,1,1,4,A scientist is conducting an experiment involving two different substances. The first substance has a mass of 10 kilograms and occupies a volume of 2 cubic meters. The second substance has a mass of 15 kilograms and occupies a volume of 3 cubic meters. The scientist wants to compare the densities of these two substances in kg/m³. Can you help the scientist calculate the densities of these two substances using the 'calculate_density' function?
parallel_102,parallel,no,yes,[],377,1,0,3,"You are working in a lab and you have a sealed container with a gauge pressure of 2.5 atm. You are located at sea level where the atmospheric pressure is 1 atm. However, you need to transport the container to a high-altitude location where the atmospheric pressure is 0.85 atm. What will be the absolute pressure of the container at sea level and at the high-altitude location?"
parallel_103,parallel,no,yes,[],612,1,0,6,"A chemist is conducting an experiment with a 2 kg sample of a specific substance A. The experiment begins with the substance at an initial temperature of 25 degrees Celsius. The chemist then heats the substance to a final temperature of 75 degrees Celsius. The experiment is conducted under a pressure of 1 atmosphere. The chemist repeats the experiment with the same substance, but this time the initial temperature is 10 degrees Celsius and the final temperature is 50 degrees Celsius. Can you calculate the change in entropy for the substance under these set initial and final conditions for both experiments?"
parallel_104,parallel,no,yes,[],400,1,1,3,"""In a thermodynamics experiment, you are tasked with calculating the entropy change for a process. The process starts at an initial temperature of 300 Kelvin and ends at a final temperature of 350 Kelvin. The heat capacity of the system is 4.18 J/K. The process is isothermal. Can you calculate the entropy change for this process? What if the process is not isothermal, how does the entropy change?"""
parallel_105,parallel,yes,yes,[],434,1,1,5,"""Can you calculate the heat capacity at constant pressure of air for a science experiment I am conducting? I have a container with a volume of 2.5 m^3 and I am able to maintain the temperature at 300 Kelvin. I will be repeating the experiment at a higher temperature of 350 Kelvin and then at a lower volume of 1.5 m^3. I am using air for all these experiments. Can you provide the heat capacity for these three different conditions?"""
parallel_106,parallel,yes,yes,[],273,1,2,1,"Can you fetch the DNA sequence of a molecule with the unique ID 'XYZ123' from the public database, then fetch the same sequence again but this time in 'genbank' format, and finally fetch the sequence once more but now with 500 base pairs included upstream the DNA sequence?"
parallel_107,parallel,yes,yes,[],117,1,0,0,What are the protein sequences encoded by the BRCA1 and BRCA2 genes in Homo sapiens and Pan troglodytes (chimpanzee)?
parallel_108,parallel,no,yes,[],177,1,0,0,Can you provide a detailed description of the structure and functioning of a neuron cell and then compare it with a less detailed description of a muscle cell in the human body?
parallel_109,parallel,no,yes,[],159,1,0,0,"What are the proteins found in the cell compartments of the nucleus, mitochondria, and cytoplasm, and can you also provide a brief description of each protein?"
parallel_110,parallel,no,yes,[],251,1,1,0,"""What is the function of the molecule ATP in the mitochondria and does it have a specific function within this organelle? Also, can you tell me the function of the molecule DNA in the nucleus and whether it has a specific function within the nucleus?"""
parallel_111,parallel,yes,yes,[],180,1,1,0,What is the molecular weight of the compound C6H12O6 (Glucose) in 'grams/mole' and how does it compare to the molecular weight of the compound C12H22O11 (Sucrose) in the same unit?
parallel_112,parallel,no,yes,[],175,1,4,0,What is the type of the genetic mutation that has the SNP ID 'rs123456' in the species 'Homo sapiens' and the SNP ID 'rs7891011' in the species 'Canis lupus familiaris' (Dog)?
parallel_113,parallel,yes,yes,[],438,1,1,9,"""Could you please predict the likelihood of type 2 diabetes for four individuals with the following characteristics: The first person weighs 180 lbs, is 70 inches tall, and has a 'lightly active' lifestyle. The second person weighs 200 lbs, is 65 inches tall, and is 'very active'. The third person weighs 150 lbs, is 72 inches tall, and is 'moderately active'. The fourth person weighs 220 lbs, is 68 inches tall, and is 'extra active'."""
parallel_114,parallel,no,yes,[],229,1,6,0,"Can you analyze the DNA sequence ""AGCTTAGCTA"" and ""AGCTTAGGCTA"" using the reference sequence ""AGCTTAGCTA"" to identify any potential 'insertion' mutations, then repeat the same analysis for 'deletion' and 'substitution' mutations?"
parallel_115,parallel,yes,yes,[],213,1,1,0,"""Could you calculate the genetic similarity between a human and a chimpanzee, and then between a human and a gorilla, using their DNA sequences? Please provide the results in both percentage and fraction formats."""
parallel_116,parallel,no,yes,[],270,1,1,0,"""In a population of butterflies, the frequency of the dominant allele for wing color is 0.7. Can you calculate the frequency of the homozygous dominant genotype (AA), heterozygous genotype (Aa), and homozygous recessive genotype (aa) using the Hardy Weinberg Principle?"""
parallel_117,parallel,no,yes,[],208,1,0,7,"What is the population density of China in 2000 and 2010, given that the population was 1.267 billion in 2000 and 1.341 billion in 2010, and the land area remained constant at 9.597 million square kilometers?"
parallel_118,parallel,no,yes,[],128,1,0,0,"What are the precipitation statistics for the Amazon rainforest for the last six months, the last year, and the last five years?"
parallel_119,parallel,no,yes,[],453,1,1,0,"""Can you help me identify the bird species I saw during my recent trip? The first one was a small bird with a vibrant blue color that I spotted in a forest. The second one was a large bird with a mix of black colors that I saw near a lake. The third one was a medium-sized bird with a brown color that I noticed in a desert. Lastly, the fourth one was a large bird with a green color that I observed in a tropical rainforest. What could these birds be?"""
parallel_120,parallel,yes,yes,[],203,1,0,2,"What would be the predicted forest growth in the Amazon Rainforest and the Boreal Forests of Canada over the next 10 years and 20 years, respectively, if we do not include the impact of human activities?"
parallel_121,parallel,no,yes,[],216,1,0,2,"What is the population of turtles in the Galapagos Islands in 2015, and can you also provide the species information? After that, can you also tell me the same information for the same location but for the year 2020?"
parallel_122,parallel,no,yes,[],316,1,0,4,"What are the annual carbon emissions produced by a gasoline vehicle, a diesel vehicle, and an electric vehicle if they each drive 15,000 miles per year, using the default emission factor for the gasoline vehicle, an emission factor of 2.7 for the diesel vehicle, and an emission factor of 0 for the electric vehicle?"
parallel_123,parallel,no,yes,[],308,1,4,1,"Can you generate four different DNA sequences each with a length of 500, where the first sequence has a preference for nucleotide 'A', the second sequence has a preference for nucleotide 'T', the third sequence has a preference for nucleotide 'C', and the fourth sequence has a preference for nucleotide 'G'?"
parallel_124,parallel,no,yes,[],284,1,0,4,"What would be the projected population growth of Japan and India in the next 10 and 20 years respectively, considering the current growth rate, and how would these projections change if we consider a growth rate of 1.5% for Japan and 2.1% for India instead of the current growth rate?"
parallel_125,parallel,no,yes,[],563,1,0,6,"In the African savannah, a group of researchers have been observing a herd of elephants for a few years. They have noticed that the current population of elephants is 500 and the annual population growth rate is 2%. They are interested in knowing the estimated population of elephants in 10 years. However, due to the unpredictable nature of the wild, they also want to consider a scenario where the growth rate drops to 1.5% and another scenario where it increases to 2.5%. Can you provide the estimated elephant population for these three scenarios in 10 years?"
parallel_126,parallel,yes,yes,[],204,1,0,1,"What would be the predicted evolutionary rate for the African Elephant species over a period of 5000 years using the Darwin model, and how would this prediction change if we use the Lamarck model instead?"
parallel_127,parallel,no,yes,[],200,1,0,0,"Can you help me find restaurants in New York, NY that cater to my dietary preferences which include Vegan, Gluten-free and Dairy-free options, and then do the same for Los Angeles, CA and Chicago, IL?"
parallel_128,parallel,no,yes,[],175,1,0,1,What is the average temperature in New York for the past 7 days in Fahrenheit and how does it compare to the average temperature in Los Angeles for the same period in Celsius?
parallel_129,parallel,no,no,"[""embedded_instruction_or_benchmark_scaffold"", ""too_many_numbers""]",343,1,1,41,"You are given two sets of data, the first set is [12, 15, 11, 14, 18, 19, 13, 14, 15, 16, 17, 18, 19, 20, 21, 22, 23, 24, 25, 26] and the second set is [32, 35, 31, 34, 38, 39, 33, 34, 35, 36, 37, 38, 39, 40, 41, 42, 43, 44, 45, 46]. Can you create two histograms using the 'create_histogram' function, one for each data set, with 5 bins each?"
parallel_130,parallel,yes,yes,[],271,1,1,0,"""Can you help me find four restaurants in New York that serve Italian food and cater to my dietary requirements of being vegan and gluten-free, and then find four more restaurants in Los Angeles that serve the same type of food and also cater to my dietary requirements?"""
parallel_131,parallel,yes,yes,[],220,1,0,0,"Can you find the fastest route from my home in San Francisco to my office in Palo Alto, then from my office to my friend's house in San Jose, and finally from my friend's house back to my home, while avoiding toll roads?"
parallel_132,parallel,no,yes,[],230,1,0,16,"You have four sets of numbers: the first set is [23, 45, 67, 89], the second set is [12, 34, 56, 78], the third set is [98, 76, 54, 32], and the fourth set is [87, 65, 43, 21]. Can you calculate the average of each set of numbers?"
parallel_133,parallel,no,yes,[],297,1,0,8,"What is the total distance in kilometers if you were to travel from the Eiffel Tower in Paris (48.8584° N, 2.2945° E) to the Colosseum in Rome (41.8902° N, 12.4922° E), then to the Acropolis in Athens (37.9715° N, 23.7257° E), and finally to the Pyramids of Giza in Egypt (29.9792° N, 31.1342° E)?"
parallel_134,parallel,no,yes,[],395,1,1,8,"""Could you please calculate the Body Mass Index (BMI) of four individuals for me? The first person weighs 85 kilograms and is 175 centimeters tall, the second person weighs 60 kilograms and is 160 centimeters tall, the third person weighs 75 kilograms and is 180 centimeters tall, and the fourth person weighs 90 kilograms and is 185 centimeters tall. All measurements are in the metric system."""
parallel_135,parallel,no,yes,[],173,1,0,0,"What is the total distance in kilometers if I start my journey from New York, travel to Los Angeles, then from Los Angeles to Miami, and finally from Miami back to New York?"
parallel_136,parallel,no,yes,[],225,1,0,0,"What is the shortest distance between New York and Los Angeles using a bus as the preferred mode of public transportation, and then what is the shortest distance if we allow transfer between different modes of transportation?"
parallel_137,parallel,no,no,"[""embedded_instruction_or_benchmark_scaffold""]",221,1,1,20,"You have four lists of numbers: [45, 12, 67, 21, 89], [34, 78, 12, 56, 90], [23, 45, 67, 89, 12], and [56, 78, 90, 12, 34]. Can you use the 'array_sort' function to sort these lists in both ascending and descending order?"
parallel_138,parallel,yes,yes,[],413,1,1,6,"""John, who weighs 85 kilograms and is 1.8 meters tall, and his friend Sarah, who weighs 60 kilograms and is 1.65 meters tall, are having a debate about their health. They decide to calculate their Body Mass Index (BMI) to settle the argument. Later, they meet their friend Mike, who weighs 75 kilograms and is 1.7 meters tall, and they decide to calculate his BMI as well. Can you help them calculate their BMIs?"""
parallel_139,parallel,no,no,"[""embedded_instruction_or_benchmark_scaffold""]",330,1,6,2,"Can you use the function 'employee.fetch_data' to fetch the 'Personal Info', 'Job History', 'Payroll', and 'Attendance' data fields for an employee with the unique ID of 12345 from the company named 'Tech Solutions'? And then, can you repeat the same process for another employee with the unique ID of 67890 from the same company?"
parallel_140,parallel,yes,yes,[],132,1,0,2,Can you find all the Drama and Comedy movies that Leonardo DiCaprio starred in 2010 and 2012 respectively by searching the database?
parallel_141,parallel,yes,yes,[],218,1,0,2,"Can you provide me with the list of movie releases in the IMAX format at theaters in New York over the next 7 days, and also the list of movie releases in the 2D format at theaters in Los Angeles over the next 14 days?"
parallel_142,parallel,no,no,"[""embedded_instruction_or_benchmark_scaffold""]",301,1,4,2,"Can you use the 'update_user_info' function to update the name and email of a customer with user ID 12345 in the 'CustomerInfo' database to ""John"" and ""example@.com"", then repeat the same process for another customer with user ID 67890, changing their name and email to the same value as well as well?"
parallel_143,parallel,no,yes,[],320,1,0,6,"You are planning to build three triangular gardens in your backyard. The first garden has a base of 10 meters and a height of 5 meters, the second garden has a base of 15 meters and a height of 7 meters, and the third garden has a base of 20 meters and a height of 10 meters. What is the total area of the three gardens?"
parallel_144,parallel,no,yes,[],132,1,0,4,"What is the result if you calculate the factorial of 5, the factorial of 3, then  the factorial of 4 and finally the factorial of 2?"
parallel_145,parallel,no,yes,[],197,1,0,8,"What is the angle between the hour and minute hands of a clock at 3:15, rounded to 2 decimal places, and how does this compare to the angle at 8:20 and 11:50, both also rounded to 2 decimal places?"
parallel_146,parallel,yes,yes,[],342,1,1,10,"""Can you plot two sine waves for me? The first one should have a frequency of 5 Hz, starting from 0 radians and ending at 10 radians, with an amplitude of 2 and a phase shift of 1 radian. The second one should have a frequency of 10 Hz, starting from 0 radians and ending at 20 radians, with an amplitude of 3 and a phase shift of 2 radians."""
parallel_147,parallel,yes,yes,[],339,1,1,4,"""Can you calculate the time it would take for light to travel from Earth to a newly discovered exoplanet that is 4.22 light years away, then to another exoplanet that is 6.1 light years from the first one, and finally back to Earth which is 5.88 light years from the second exoplanet? Assume the speed of light in vacuum is 299792458 m/s."""
parallel_148,parallel,yes,yes,[],391,1,1,6,"""Can you calculate the speed of a car that traveled a distance of 500 meters in 25 seconds and provide the answer in km/h? Also, can you calculate the speed of a bicycle that traveled a distance of 1000 meters in 200 seconds and provide the answer in m/s? Lastly, can you calculate the speed of a train that traveled a distance of 10000 meters in 600 seconds and provide the answer in km/h?"""
parallel_149,parallel,no,yes,[],230,1,1,0,"What is the distance in miles between the celestial bodies Mars and Venus, and then between Mars and Jupiter, given that the function 'calculate_distance' requires the names of the two celestial bodies and the unit of measurement?"
parallel_150,parallel,yes,yes,[],339,1,1,14,"""Can you calculate the area under the curve for the polynomial function with coefficients [3, -2, 1] (meaning the function is 3x^2 - 2x + 1) within the interval [-1, 2], and then do the same for the polynomial function with coefficients [1, 0, -1] (meaning the function is x^2 - 1) within the interval [0, 3]? Please provide both results."""
parallel_151,parallel,no,yes,[],349,1,1,6,"""Can you help me calculate the total area of three different triangles? The first triangle has a base of 15 meters and a height of 20 meters. The second triangle has a base of 25 feet and a height of 30 feet. And the third triangle has a base of 35 inches and a height of 40 inches. I would like the area of each triangle in their respective units."""
parallel_152,parallel,yes,yes,[],159,1,1,3,"""Can you calculate the result of the following mathematical operation: first, raise the number 3 to the power of 5, then raise the number 2 to the power of 3."""
parallel_153,parallel,no,no,"[""embedded_instruction_or_benchmark_scaffold""]",477,1,3,2,"You are given a task to train a Random Forest classifier on two different datasets, 'dataset1' and 'dataset2'. For the first run, you are asked to set the maximum depth of the trees in the forest to 10 and the number of trees in the forest to 100. For the second run, you are asked to set the maximum depth of the trees in the forest to 20 and the number of trees in the forest to 200. How would you invoke the 'train_random_forest_classifier' function to accomplish this task?"
parallel_154,parallel,no,yes,[],390,1,1,8,"""Could you calculate the Body Mass Index (BMI) for four individuals? The first person weighs 75 kilograms and is 180 centimeters tall, the second person weighs 60 kilograms and is 165 centimeters tall, the third person weighs 80 kilograms and is 175 centimeters tall, and the fourth person weighs 90 kilograms and is 185 centimeters tall. Please use the metric system for all calculations."""
parallel_155,parallel,no,no,"[""embedded_instruction_or_benchmark_scaffold"", ""too_many_quoted_literals""]",567,1,12,0,"You are given a dataset with various variables including 'Age', 'Income', 'Education', 'Gender', 'Marital Status', and 'Spending Score'. You want to predict 'Spending Score' based on the other variables. Could you please use the 'run_linear_regression' function to build a linear regression model using 'Age', 'Income', and 'Education' as predictor variables and 'Spending Score' as the target variable without applying standardization on the predictors? Then, could you please run the same function again but this time with standardization applied on the predictors?"
parallel_156,parallel,no,no,"[""embedded_instruction_or_benchmark_scaffold""]",740,1,2,4,"You are given a dataset ""data_random_forest"" in the form of a dataframe and you want to train a Random Forest Model on this data. You decide to experiment with different numbers of trees in the forest and different maximum depths of the trees to see how these parameters affect the model's performance. 

First, you train a model with 100 trees and a maximum depth of 10. Then, you train another model with 200 trees and a maximum depth of 20. After that, you train a third model with 300 trees and a maximum depth of 30. Finally, you train a fourth model with 400 trees and a maximum depth of 40. 

Can you invoke the 'random_forest.train' function four times with these different parameters and compare the performance of the four models?"
parallel_157,parallel,no,no,"[""embedded_instruction_or_benchmark_scaffold""]",495,1,1,12,"""Could you use the 'predict_house_price' function to compare the estimated prices of four different houses? The first house is located in New York, has 3 bedrooms, 2 bathrooms, and an area of 1500 square feet. The second house is in Los Angeles, with 4 bedrooms, 3 bathrooms, and an area of 2000 square feet. The third house is in Chicago, with 2 bedrooms, 1 bathroom, and an area of 1200 square feet. The fourth house is in Miami, with 3 bedrooms, 2 bathrooms, and an area of 1800 square feet."""
parallel_158,parallel,no,no,"[""embedded_instruction_or_benchmark_scaffold""]",392,1,1,3,"You are a data scientist working on a project that requires you to generate random numbers from a normal distribution. You need to generate four random numbers: two from a normal distribution with a mean of 5 and a standard deviation of 2, and two from a normal distribution with a mean of 10 and a standard deviation of 3. How can you use the 'random.normalvariate' function to achieve this?"
parallel_159,parallel,no,yes,[],354,1,1,4,"""In a board game, you have a six-sided die. You are curious about the probability of rolling a 4 three times in a row. After that, you want to know the probability of rolling a 2 twice in a row. Finally, you wonder what the probability would be if the die had 8 sides and you wanted to roll a 7 two times in a row. Can you calculate these probabilities?"""
parallel_160,parallel,no,no,"[""embedded_instruction_or_benchmark_scaffold""]",414,1,1,7,"""In a game of chance, you have a 0.3 probability of winning any given round. If you play this game 20 times, what is the probability of winning exactly 5 times? Also, if you play the game 50 times, what is the probability of winning exactly 15 times? Lastly, if you play the game 100 times, what is the probability of winning exactly 30 times? Use the function 'prob_dist.binomial' to compute these probabilities."""
parallel_161,parallel,yes,yes,[],365,1,1,7,"""In a game of basketball, a player has a 60% chance of making any given shot. In a series of 10 shots, what is the probability that the player makes exactly 7 shots? Also, in another series of 15 shots, what is the probability that the player makes exactly 10 shots? Finally, in a series of 20 shots, what is the probability that the player makes exactly 15 shots?"""
parallel_162,parallel,yes,yes,[],630,1,0,7,"You are a teacher preparing a probability lesson for your students. You have a deck of 52 playing cards and you want to explain the probability of drawing certain cards. 

1. What is the probability of drawing an Ace (4 successful outcomes) from the deck (52 total outcomes)? Please provide this as a decimal. 

2. Then, what is the probability of drawing a heart (13 successful outcomes) from the deck (52 total outcomes)? Please provide this as a decimal. 

3. Finally, what is the probability of drawing a red card (26 successful outcomes) from the deck (52 total outcomes)? But this time, please provide the answer as a ratio."
parallel_163,parallel,no,yes,[],623,1,1,7,"""In a game of basketball, a player has a 60% chance of making a successful shot. In a particular match, the player attempts 10 shots. What is the probability that the player makes exactly 6 successful shots? Now, consider a different scenario where the player's success rate drops to 50% but the number of attempts remains the same. What is the probability of making exactly 6 successful shots in this scenario? Finally, consider a third scenario where the player's success rate remains at 50% but the number of attempts increases to 15. What is the probability of making exactly 6 successful shots in this third scenario?"""
parallel_164,parallel,no,yes,[],540,1,0,9,"You are a data analyst and you have been given two 2x2 contingency tables representing the results of a survey conducted in two different cities. The first table is [45, 55, 35, 65] and the second table is [30, 70, 50, 50]. You are asked to perform a Chi-Squared test for independence on both tables to determine if there is a significant relationship between the variables in each city. Use a significance level of 0.05 for both tests. Can you tell if there is a significant relationship in each city based on the Chi-Squared test results?"
parallel_165,parallel,yes,yes,[],439,1,1,19,"""Could you please perform a statistical t-test to check if the means of two independent datasets are statistically different? The first dataset, Dataset A, includes the following integers: 12, 15, 18, 20, 22, 25, 28, 30, 32, 35. The second dataset, Dataset B, includes these integers: 14, 17, 19, 21, 23, 26, 29, 31, 33, 36. Please perform the test twice, once with a significance level of 0.05 and once with a significance level of 0.01."""
parallel_166,parallel,yes,yes,[],425,1,0,8,"Can you predict the price of a house with an area of 2500 square feet, 3 rooms, constructed in the year 2000, and located in New York, and then compare it with the price of a similar house but with an area of 3000 square feet, constructed in the year 2005, and located in Los Angeles? Finally, predict the price of a third house with an area of 2000 square feet, 2 rooms, constructed in the year 1995, and located in Chicago."
parallel_167,parallel,no,no,"[""too_many_quoted_literals""]",399,1,9,0,"What is the coefficient of determination (R squared) of a regression model if we use the dataset located at ""/user/home/datasets/finance.csv"", with 'income', 'age' and 'education' as the independent variables and 'credit_score' as the dependent variable, and then repeat the same process with 'income', 'age' and 'credit_score' as the independent variables and 'education' as the dependent variable?"
parallel_168,parallel,no,yes,[],496,1,1,15,"""Can you help me calculate the quarterly dividend per share for my company? We have just paid out a total of $5,000,000 in dividends and currently have 2,000,000 outstanding shares. Also, I am considering a scenario where we might increase our total payout to $6,000,000 while keeping the same number of outstanding shares. What would be the quarterly dividend per share in that case? And what if we also increase our outstanding shares to 2,500,000 while keeping the total payout at $6,000,000?"""
parallel_169,parallel,no,yes,[],524,1,1,6,"""Can you help me calculate the discounted cash flow of a bond? I have a bond with an annual coupon payment of $50, a time frame of 5 years, and a discount rate of 5%. Also, the face value of the bond is $1000. I would like to know the discounted cash flow for this bond. After that, I want to compare it with another bond that has an annual coupon payment of $60, a time frame of 7 years, and a discount rate of 4%, with the same face value of $1000. Can you calculate the discounted cash flow for this second bond as well?"""
parallel_170,parallel,yes,yes,[],406,1,1,7,"""Can you help me calculate the compound interest for my savings? I initially invested $5000 as the principal amount. The bank offers an annual interest rate of 2.5%. I plan to keep my money in the bank for 10 years. Also, the interest is compounded quarterly, so it's compounded 4 times in a year. Can you calculate the compound interest I would get for the first 2 years, first 3 years and first 5 years?"""
parallel_171,parallel,no,yes,[],296,1,1,13,"""Can you calculate the return on equity for two companies? The first company has a net income of $1,000,000, shareholder's equity of $5,000,000, and paid dividends of $200,000. The second company has a net income of $2,000,000, shareholder's equity of $10,000,000, but did not pay any dividends."""
parallel_172,parallel,no,no,"[""embedded_instruction_or_benchmark_scaffold""]",434,1,1,6,"""Imagine you have two different investment opportunities. The first one has a present value of $5000, an annual interest rate of 5%, and you plan to hold it for 10 years. The second one has a present value of $7000, an annual interest rate of 4%, and you plan to hold it for 15 years. Both investments compound interest annually. Can you calculate the future value of both investments using the finance.predict_future_value function?"""
parallel_173,parallel,no,yes,[],344,1,1,6,"""John has decided to invest in two different funds. He invested $5000 in Fund A which has an annual return rate of 7% and he plans to keep his money there for 5 years. On the other hand, he invested $8000 in Fund B with an annual return rate of 5% for a period of 7 years. Can you predict the profit John will make from both Fund A and Fund B?"""
parallel_174,parallel,no,no,"[""embedded_instruction_or_benchmark_scaffold""]",356,1,1,8,"You are an investor who recently sold some stocks. You bought one stock at $150, another at $200, and another at $250. You sold them at $180, $210, and $300 respectively. You also received dividends of $20, $30, and $40 for each stock. Can you calculate the return on investment for each of these stocks using the 'calculate_return_on_investment' function?"
parallel_175,parallel,no,yes,[],396,1,1,9,"""Could you please calculate the future value of my investments? I have invested $5000 in Apple Inc. (AAPL) and expect an annual return of 7% over the next 5 years. I have also invested $8000 in Microsoft Corporation (MSFT) with an expected annual return of 6% for the next 7 years. Lastly, I have invested $10000 in Amazon.com, Inc. (AMZN) expecting an annual return of 8% for the next 10 years."""
parallel_176,parallel,yes,yes,[],321,1,1,4,"""John invested $5000 in a mutual fund 5 years ago. Today, the value of his investment has grown to $7000. He wants to compare this with another investment he made 3 years ago where he invested $8000 and now it's worth $12000. Can you help John calculate the Compound Annual Growth Rate (CAGR) for both these investments?"""
parallel_177,parallel,no,yes,[],77,1,0,0,"What is the current price per ounce of gold, silver, platinum, and palladium?"
parallel_178,parallel,yes,yes,[],108,1,0,6,What were the closing stock prices for Microsoft and Apple on NASDAQ on the dates 2022-01-01 and 2022-02-01?
parallel_179,parallel,yes,yes,[],140,1,0,2,What were the stock prices of Apple Inc. listed on NASDAQ and Microsoft Corporation listed on NYSE for the past 10 and 15 days respectively?
parallel_180,parallel,yes,yes,[],108,1,4,1,"What were the 'Open', 'Close', 'High', and 'Low' stock prices for Microsoft and Apple over the past 30 days?"
parallel_181,parallel,no,no,"[""embedded_instruction_or_benchmark_scaffold""]",183,1,0,4,"Can you use the get_stock_prices function to retrieve the stock prices for Apple, Microsoft, Amazon, and Tesla over the duration of 1 week, 2 weeks, 3 weeks, and 1 month respectively?"
parallel_182,parallel,yes,yes,[],577,1,1,6,"""John is planning to invest in a mutual fund. He is considering two scenarios. In the first scenario, he will make an initial investment of $5000 with an annual rate of return of 7% and he will not make any additional contributions. In the second scenario, he will make an initial investment of $3000 with an annual rate of return of 6% and he will make additional regular contributions of $200 every year. He wants to compare the future value of his investment after 10 years in both scenarios. Can you help him calculate the future value of his investment in both scenarios?"""
parallel_183,parallel,no,yes,[],354,1,1,6,"""Imagine you are a drone operator. You are currently operating a drone that is at a point (5, 7) in the sky. You are asked to move the drone to a new point (10, 15). After reaching the new point, you are again asked to move the drone to another point (20, 25). Can you calculate the total distance the drone has traveled using the Euclidean norm method?"""
parallel_184,parallel,no,yes,[],370,1,1,14,"""Can you help me find the roots of two different quadratic equations? The first equation is 3x^2 + 7x + 2 = 0, where 'a' is the coefficient of x^2 (3), 'b' is the coefficient of x (7), and 'c' is the constant term (2). The second equation is 5x^2 - 4x + 1 = 0, where 'a' is the coefficient of x^2 (5), 'b' is the coefficient of x (-4), and 'c' is the constant term (1)."""
parallel_185,parallel,no,yes,[],266,1,0,2,"Can you estimate the population of Bengal Tigers in India for the year 2021, compare it with the estimated population of African Elephants in Kenya for the same year, and then estimate the population of both these species in their respective countries for year 2023?"
parallel_186,parallel,no,yes,[],170,1,0,2,What are the potential greenhouse gas emissions savings if I switch to solar energy for 12 months and wind energy for 8 months in the Midwest region of the United States?
parallel_187,parallel,yes,yes,[],201,1,0,2,"What is the air quality data for New York City, including additional data like PM2.5, PM10, ozone levels, and pollution sources, for today, yesterday, and the day before yesterday? Today is May 5, 2023"
parallel_188,parallel,no,yes,[],340,1,0,0,"What are the current traffic conditions for a route from New York to Los Angeles using driving as the preferred method of transportation, then from Los Angeles to San Francisco using bicycling as the preferred method of transportation, and finally from San Francisco back to New York using transit as the preferred method of transportation?"
parallel_189,parallel,yes,yes,[],242,1,0,0,"Can you find me parks in New York, USA that have a Tennis Court and a Picnic Area, then find parks in Los Angeles, USA that have a Playground and Running Track, and finally find parks in Chicago, USA that have a Tennis Court and a Playground?"
parallel_190,parallel,no,yes,[],168,1,0,0,"What is the shortest driving distance from New York City to Los Angeles, and then from Los Angeles to Miami, considering both the shortest and scenic route preferences?"
parallel_191,parallel,yes,yes,[],237,1,0,0,"Can you help me find public libraries in New York, NY that have a Reading Room and Fiction section, and then in Los Angeles, CA that offer Wi-Fi and have a Children Section, and finally in Chicago, IL that have a Cafe and a Reading Room?"
parallel_192,parallel,no,yes,[],157,1,3,1,"Can you fetch the latest news on the topic of ""Climate Change"" and ""Artificial Intelligence"", each with 5 articles, and specifically for the region ""Europe""?"
parallel_193,parallel,no,yes,[],689,1,4,1,"Can you send an email to my colleague at john.doe@example.com with the subject ""Project Update"" and the body content ""Dear John, The project is progressing as planned and we are on track to meet our deadlines. Best, Alex"", then carbon copy the email to my manager at manager@example.com and blind carbon copy it to the HR at hr@example.com? After that, can you send another email to my other colleague at jane.doe@example.com with the subject ""Meeting Reminder"" and the body content ""Dear Jane, This is a reminder for our meeting scheduled for tomorrow at 10 AM. Best, Alex"", and carbon copy it to my assistant at assistant@example.com and blind carbon copy it to the HR at hr@example.com?"
parallel_194,parallel,no,yes,[],235,1,0,3,"Can you find me upcoming jazz events in Los Angeles, CA for the next 14 days and then find the same for rock events in Chicago, IL for the next 10 days and finally find upcoming classical music events in Boston, MA for the next 7 days?"
parallel_195,parallel,no,yes,[],145,1,2,0,"Can you retrieve additional information like Director, Cast, Awards etc. for the same movie ""Inception"" and also for the movie ""The Dark Knight""?"
parallel_196,parallel,no,yes,[],355,1,4,2,Can you please retrieve the details of two lawsuits for me? The first one has a case number of '12345' and was filed in the 'New York Supreme Court'. I would also like to know the verdict details for this case. The second lawsuit has a case number '67890' and was filed in the 'Los Angeles Superior Court'. I do not need the verdict details for this case.
parallel_197,parallel,no,yes,[],350,1,1,2,"""Can you provide me with the details of the lawsuit case with the case number '12345ABC', which was initiated in the year 2018 and filed in the New York court jurisdiction? Also, can you retrieve the same information for another lawsuit case with the case number '67890XYZ', initiated in the year 2019 and filed in the California court jurisdiction?"""
parallel_198,parallel,no,no,"[""embedded_instruction_or_benchmark_scaffold""]",237,1,4,0,"Can you use the lawsuit_search function to retrieve all lawsuits involving the entity ""Google"" from the county of ""Santa Clara"" and then do the same for the entity ""Facebook"" in the county of ""San Mateo"", both in the state of California?"
parallel_199,parallel,no,yes,[],155,1,0,0,"What is the current temperature and humidity in New York, Los Angeles, London and Tokyo, if I want to include both temperature and humidity in the results?"
parallel_multiple_0,parallel_multiple,no,yes,[],119,2,0,3,Find the sum of all the multiples of 3 and 5 between 1 and 1000. Also find the product of the first five prime numbers.
parallel_multiple_1,parallel_multiple,no,yes,[],109,3,0,1,"Find the area of a rectangle with length 7 and breadth 3. Also, calculate the area of a circle with radius 5."
parallel_multiple_2,parallel_multiple,no,yes,[],123,3,0,1,Find the area and perimeter of a circle with a radius of 5 and also find the circumference of a circle with diameter of 10.
parallel_multiple_3,parallel_multiple,yes,yes,[],92,2,0,1,What are the length and the width of a rectangle which has a perimeter of 14 and area of 15.
parallel_multiple_4,parallel_multiple,no,yes,[],109,2,0,2,Calculate the area under the curve from x=1 to x=5 for the function f(x)=x^2. And find the derivative at x=3.
parallel_multiple_5,parallel_multiple,no,yes,[],108,3,0,3,"Calculate the Greatest Common Divisor (GCD) of 96 and 128, and the least common multiple (LCM) of 15 and 25."
parallel_multiple_6,parallel_multiple,no,yes,[],82,3,0,1,Find all prime numbers between 50 and 150. Then get the fibonacci series upto 150.
parallel_multiple_7,parallel_multiple,no,yes,[],180,2,0,4,Calculate the time required for a car moving at 50 m/s to travel a distance of 600 m. Also calculate the time required for a bullet moving at 400 m/s to cover a distance of 1000 m.
parallel_multiple_8,parallel_multiple,yes,yes,[],184,2,0,4,"Calculate the final velocity of a moving object given initial velocity of 20 m/s, acceleration of 5 m/s^2 and time of 6 seconds. Also, compute the total distance covered by the object."
parallel_multiple_9,parallel_multiple,no,yes,[],101,2,0,1,Book a flight from Seattle to Boston with American Airlines and book a hotel in Boston for 4 nights. 
parallel_multiple_10,parallel_multiple,no,yes,[],143,3,0,1,"Buy me a ticket to the Mamma Mia musical for next Friday, June 30th 2023, also get me a train ticket from New York to Chicago for the same day."
parallel_multiple_11,parallel_multiple,no,yes,[],212,2,0,1,"What is the Electric field at 3m from a point charge with a value of 4C? Also, calculate the magnetic field for an electric current of 0.5A flowing through a solenoid having 25 turns per meter and a length of 2m."
parallel_multiple_12,parallel_multiple,yes,yes,[],254,2,0,4,"Calculate the magnetic field produced by a wire carrying a current of 4 amps with a distance of 2 m from the wire. And find the voltage difference of a region in the direction of the electric field that is 3 m apart, assuming the electric field is 5 N/C."
parallel_multiple_13,parallel_multiple,no,yes,[],221,2,0,3,"'Calculate the energy required to heat 100 grams of water from 25 degrees Celsius to 100 degrees Celsius in joules, and also calculate the energy required to heat the same mass of Aluminium under same conditions in joules"
parallel_multiple_14,parallel_multiple,no,yes,[],181,3,0,2,Give me the population size of tigers in Bangladesh and India for the last 5 years. Also provide the projected population size of tigers in Nepal and Malaysia for the next 10 years.
parallel_multiple_15,parallel_multiple,no,yes,[],182,2,0,1,Find a Chinese restaurant near me in New York and suggest a high-rated of 4 Italian restaurant in Los Angeles. Then find a cheapest flight for round-trip from New York to Los Angeles
parallel_multiple_16,parallel_multiple,no,yes,[],73,3,0,2,Calculate the factorial of 8 and generate the prime numbers from 1 to 50.
parallel_multiple_17,parallel_multiple,no,yes,[],134,3,0,2,How many steps do I need to walk in order to lose 500 calories and how much water do I need to intake today if I exercise for 2 hours?
parallel_multiple_18,parallel_multiple,no,yes,[],121,2,0,2,I need to convert 10 dollars to Euros and make a 10 dollar deposit in my local bank account with account number - 987654.
parallel_multiple_19,parallel_multiple,no,yes,[],130,2,0,4,Perform Gaussian integral of the function exp(-x^2) from -2 to 2. Also calculate the definite integral from 0 to 3.1416 of sin(x).
parallel_multiple_20,parallel_multiple,yes,yes,[],118,3,0,5,"Determine the median and variance for the following data points 3,4,5,2,8,5. Also determine the mode for these points."
parallel_multiple_21,parallel_multiple,no,yes,[],197,2,2,0,"Use the data from dataset.csv file and fit a linear regression model to predict future sales by setting x=data['sales'] and y=data['future_sales']. Additionally, calculate and return the residuals."
parallel_multiple_22,parallel_multiple,no,yes,[],126,3,0,1,Find me the sales growth rate for company XYZ for the last 3 years and also the interest coverage ratio for the same duration.
parallel_multiple_23,parallel_multiple,no,yes,[],231,2,0,6,"Calculate the net profit margin of Company XYZ given that the net income is $20,000 and total revenue is $100,000. Also calculate the debt ratio of the same company if the total liabilities are $10,000 and total assets are $30,000."
parallel_multiple_24,parallel_multiple,yes,yes,[],53,2,0,2,Invest $2000 in Google and withdraw $1000 from Apple.
parallel_multiple_25,parallel_multiple,no,yes,[],158,2,0,2,How much would it cost me to invest in 50 shares of Apple's stock right now? Also calculate the total dividend payout if each share returns $1.30 as dividend.
parallel_multiple_26,parallel_multiple,no,yes,[],114,2,1,2,Get me the transaction history for my account '00125648' for the past 7 days and also calculate the total balance.
parallel_multiple_27,parallel_multiple,no,yes,[],136,2,0,3,Transfer $5000 from my checking to saving account. And calculate my potential interests after 5 years if the annual interest rate is 3%.
parallel_multiple_28,parallel_multiple,yes,yes,[],132,2,0,0,"Find the conviction status of a criminal with name John Doe in New York, also find the nature of the criminal offenses he committed."
parallel_multiple_29,parallel_multiple,yes,yes,[],156,2,3,2,"Find cases that pertain to 'Theft' from court record in 'New York' and from 'San Francisco', filed in year 2021, and display briefs of top 5 relevant cases."
parallel_multiple_30,parallel_multiple,no,yes,[],166,3,0,0,"Find all law cases where Charles Dickens is a party and it happened in Boston. Also, get cases where University of California was a party and happened in Los Angeles."
parallel_multiple_31,parallel_multiple,yes,yes,[],105,2,0,0,Find how many cases and the judge handling a specific lawsuit for Pacific Gas and Electric and Tesla Inc.
parallel_multiple_32,parallel_multiple,no,yes,[],114,3,0,1,"Get temperature and humidity forecast for Boston, USA and precipitation forecast for Rome, Italy for next 10 days."
parallel_multiple_33,parallel_multiple,no,yes,[],92,2,0,0,Locate all supermarkets in Los Angeles and find the most popular site seeing place in Miami.
parallel_multiple_34,parallel_multiple,no,yes,[],174,2,4,0,Translate the phrase 'Hello World' from English to Spanish and translate 'Goodbye' from French to English. In addition to that get current time in 'Los Angeles' and 'London'.
parallel_multiple_35,parallel_multiple,no,yes,[],133,2,0,0,Identify objects in my backyard image my_backyard_image_url and analyze the sentiment of today's journal entry my_journal_entry_text.
parallel_multiple_36,parallel_multiple,no,yes,[],88,2,0,0,Find overview about the Battle of Waterloo and the signing of the Treaty of Tordesillas.
parallel_multiple_37,parallel_multiple,no,yes,[],115,2,0,1,Get me the timeline of World War 2 in Europe and then get me an array of important leaders involved during the war.
parallel_multiple_38,parallel_multiple,no,yes,[],157,2,0,2,"What was the average life expectancy in the USA in the year 1900 and 1950? Additionally, what was the Gross Domestic Product (GDP) of the USA in these years?"
parallel_multiple_39,parallel_multiple,yes,yes,[],83,2,0,0,What is the exact birthdate of Nikola Tesla and what his most famous discovery was?
parallel_multiple_40,parallel_multiple,yes,yes,[],134,3,0,0,What is the weight of Neutron and Proton in atomic mass unit (amu) ? Also what is the diameter of a Proton and Neutron in femtometers?
parallel_multiple_41,parallel_multiple,yes,yes,[],132,3,0,2,"Create a square painting with blue background and dimensions 16x16 inches, then display it for 30 seconds with 70% screen brightness"
parallel_multiple_42,parallel_multiple,no,yes,[],190,3,0,0,"Find me a bronze statue in the Modern Arts Museum in New York and a stone sculpture in the Louvre Museum in Paris. Also, find me a painting made by Picasso in the Metropolitan Museum of Art."
parallel_multiple_43,parallel_multiple,yes,yes,[],140,2,0,4,What is the average price of a 4 ft x 4 ft marble statue in the museum of Philadelphia and 6 ft x 3 ft bronze sculpture in New York museum? 
parallel_multiple_44,parallel_multiple,no,yes,[],118,2,0,3,"Design a house with 3 bedrooms, 2 bathrooms and a garden. Also, design an office with 5 rooms and a large meeting room"
parallel_multiple_45,parallel_multiple,no,yes,[],145,2,0,0,"Calculate the volume of a cuboid with a height of 10m, a width of 5m, and a depth of 8m. And find out the volume of a sphere with a radius of 4m."
parallel_multiple_46,parallel_multiple,no,yes,[],151,3,0,0,"Find the operational hours for Louvre Museum and the waiting time, then tell me how long it will take to travel from my current location to the museum."
parallel_multiple_47,parallel_multiple,no,yes,[],210,4,0,0,Find me the lowest price for a Yamaha Acoustic Guitar in Austin and compare it to the average price of Yamaha Acoustic Guitar in New York. Also tell me how many stores carry Yamaha Acoustic Guitar in each city.
parallel_multiple_48,parallel_multiple,no,yes,[],105,2,0,1,What is the equivalent note of C in Indian musical scale? And convert the frequency 440 Hz to wavelength?
parallel_multiple_49,parallel_multiple,no,yes,[],107,2,0,1,"Create a hip hop beat at 95 beats per minute with a major scale and make a bass melody with C4, E4, F4, G4."
parallel_multiple_50,parallel_multiple,no,yes,[],217,2,0,4,"Analyze the performance of the L.A Lakers in their last game and give me the field goal percentage and free throw percentage. Also, compare the team's points per game (ppg) average from 2018-2019 and 2019-2020 season."
parallel_multiple_51,parallel_multiple,no,yes,[],101,2,0,0,Can you find information on Michael Jordan's highest scoring game and the total championships he won?
parallel_multiple_52,parallel_multiple,yes,yes,[],129,2,0,1,"Play the Game of life for 3 rounds starting from an empty board, then play chess where the 1st move is e4 and the 2nd move is e5."
parallel_multiple_53,parallel_multiple,yes,yes,[],154,3,0,3,"Find a board game with complexity rating under 2.5 and that supports more than 5 players, as well as a trivia game that could be played within 60 minutes."
parallel_multiple_54,parallel_multiple,no,yes,[],183,2,0,1,"In game Battle Reign, change the armor level to 5 and find me a game guide for how to win in snowy weather conditions. Also find me any strategy guides available for game Shadow Fall."
parallel_multiple_55,parallel_multiple,yes,yes,[],160,3,0,0,"I want a homemade healthy spaghetti recipe that is gluten free, how long will it take to prepare and cook, and what nutritional information could it provide me."
parallel_multiple_56,parallel_multiple,yes,yes,[],96,2,0,0,What is the current time in Beijing and Tokyo and what's the time difference between two cities?
parallel_multiple_57,parallel_multiple,no,yes,[],165,2,0,1,"Find hotels in Paris, France and New York, USA with at least 4 stars rating. Also I prefer hotels with amenities like free WiFi, breakfast included, and gym facility"
parallel_multiple_58,parallel_multiple,yes,yes,[],456,2,1,4,"""Imagine you are a geometry teacher preparing for your next class. You have two shapes, a triangle and a circle, that you want to discuss in detail. For the triangle, the lengths of the sides are 5 units, 7 units, and 9 units respectively. You want to calculate the area, perimeter, and internal angles of this triangle. For the circle, the radius is 3 units. You want to calculate the area and circumference of this circle. Can you provide these details?"""
parallel_multiple_59,parallel_multiple,yes,yes,[],752,3,1,6,"""Imagine you are a math teacher preparing for a geometry class. You want to create a worksheet for your students that includes problems on calculating areas of different shapes. You have decided to include a problem on calculating the area of a triangle using Heron's formula, another problem on calculating the area of a triangle using the base and height, and a problem on calculating the area of a circle. For the first problem, you have chosen a triangle with sides of lengths 7 units, 10 units, and 5 units. For the second problem, you have chosen a triangle with a base of 8 units and a height of 6 units. For the third problem, you have chosen a circle with a radius of 4 units. Could you calculate the areas of these shapes for your worksheet?"""
parallel_multiple_60,parallel_multiple,yes,yes,[],122,3,1,0,"""What is the capital city of Australia, what is the current population of Canada, and what is the largest city in Brazil?"""
parallel_multiple_61,parallel_multiple,no,yes,[],645,2,1,11,"""Could you please help me with a couple of calculations? I have two points in a 2D space, Point A with coordinates [3, 2] and Point B with coordinates [7, 5]. First, I would like to know the Euclidean distance between these two points, rounded to 2 decimal places. Then, I would like to find out the angle between these two points with respect to the x-axis, also rounded to 2 decimal places. After that, I have another set of points, Point C with coordinates [10, 8] and Point D with coordinates [14, 12]. Could you please calculate the Euclidean distance and the angle to the x-axis for these points as well, both rounded to 2 decimal places?"""
parallel_multiple_62,parallel_multiple,yes,yes,[],435,2,1,5,"""A car is traveling on a straight road. At the start, it has an initial speed of 5 m/s. Suddenly, the driver sees a traffic light turning red in the distance and starts to accelerate at a rate of 2 m/s^2. The driver keeps this acceleration for 10 seconds. Can you calculate the displacement of the car during this time? Also, what is the final speed of the car after this 10 seconds? Please round off your answers to 2 decimal places."""
parallel_multiple_63,parallel_multiple,yes,yes,[],293,3,1,12,"""Can you tell me what the weather was like in New York City on 2020-12-25 and 2021-01-01, and also provide the historical weather data for the geographical coordinates (40.7128, -74.0060) on 2021-01-15? Additionally, can you forecast the weather for the same coordinates for the next 10 days?"""
parallel_multiple_64,parallel_multiple,no,yes,[],453,2,1,4,"""Can you help me understand the ecological impact of the African Elephant in the Serengeti ecosystem over the last 5 years and also assess the population growth of the same species in the same location over the last 10 years? After that, I would also like to know the ecological impact of the Bengal Tiger in the Sundarbans ecosystem over the last 3 years and assess the population growth of the same species in the same location over the last 7 years."""
parallel_multiple_65,parallel_multiple,no,yes,[],388,2,1,9,"""Can you help me find a property in San Francisco, CA that is a condo with 2 bedrooms and fits within my budget range of $500,000 to $800,000? After that, could you also provide an estimated value for a villa in Los Angeles, CA with 3 bedrooms that is 5 years old? Lastly, I would also like to know the estimated value of an apartment in New York, NY with 1 bedroom that is 10 years old."""
parallel_multiple_66,parallel_multiple,no,no,"[""embedded_instruction_or_benchmark_scaffold"", ""too_many_quoted_literals"", ""too_many_numbers""]",880,3,18,22,"""John is a student who recently received his grades for the semester. His grades were as follows: Math - 85, English - 90, Science - 88, History - 92, and Art - 89. Could you please help John to understand his performance better by doing the following: 

1) Calculate the average grade across all his subjects using the 'calculate_average' function with the grade dictionary {'Math': 85, 'English': 90, 'Science': 88, 'History': 92, 'Art': 89}.

2) Calculate the standard deviation of his grades using the 'calculate_standard_deviation' function with the same grade dictionary {'Math': 85, 'English': 90, 'Science': 88, 'History': 92, 'Art': 89} to understand the variability of his scores.

3) Identify the subject in which John scored the highest using the 'highest_grade' function with the grade dictionary {'Math': 85, 'English': 90, 'Science': 88, 'History': 92, 'Art': 89}."""
parallel_multiple_67,parallel_multiple,no,no,"[""too_many_numbers""]",759,3,0,23,"""Can you help me with some math problems? First, I need to find the roots of a quadratic equation. The equation is 3x^2 + 4x - 7 = 0, where 3 is the coefficient of the second-degree term, 4 is the coefficient of the first-degree term, and -7 is the constant term. 

Second, I have a cubic equation, 2x^3 - 5x^2 + 3x - 1 = 0. Here, 2 is the coefficient of the third-degree term, -5 is the coefficient of the second-degree term, 3 is the coefficient of the first-degree term, and -1 is the constant term. 

Finally, I have a polynomial equation of degree 4, which is 6x^4 - 3x^3 + 2x^2 - x + 1 = 0. The array of coefficients of the polynomial equation starting from the highest degree term is [6, -3, 2, -1, 1]. Can you calculate the roots for these equations?"""
parallel_multiple_68,parallel_multiple,yes,yes,[],552,3,1,12,"""Can you help me analyze the financial performance of a company named 'Tech Innovators'? I would like to understand their year over year (YOY) growth rate from 2018 to 2019. In 2018, their revenue was $500,000 and in 2019, it increased to $750,000. Additionally, I would like to know their return on equity (ROE) for the year 2019, where their net income was $100,000 and the average shareholder equity was $200,000. Lastly, I am also interested in their return on assets (ROA) for the same year, given that their total average assets were $1,000,000."""
parallel_multiple_69,parallel_multiple,no,yes,[],731,3,1,11,"""Imagine you are a real estate investor. You bought a property 5 years ago for $500,000. The annual depreciation rate for the property is 2%. Can you calculate the current depreciated value of the property? Now, consider you had a sum of $200,000 at the same time you bought the property. If the annual inflation rate has been 3% for the past 5 years, how much would that sum be worth today? Also, suppose you took out a loan of $300,000 with an annual interest rate of 4% to help finance the property purchase. If the loan term was 10 years, what would be your monthly repayment for the loan? Lastly, if you calculate the property depreciation monthly instead of annually, what would be the depreciated value of the property now?"""
parallel_multiple_70,parallel_multiple,no,yes,[],509,2,1,6,"""Can you help me compare the potential energy output of two different renewable energy projects? The first project is a solar farm located at coordinates 37.7749 and -122.4194 with a total solar panel area of 50000 square feet. I would like to know the estimated energy output for the month of July. The second project is a wind farm located at coordinates 40.7128 and -74.0060 with a total of 100 wind turbines. I would also like to know the estimated energy output for this wind farm for the month of July."""
parallel_multiple_71,parallel_multiple,no,no,"[""embedded_instruction_or_benchmark_scaffold""]",453,3,1,1,"""Could you first check the availability of a sculpture named 'The Thinker' made of bronze in the inventory using the 'sculpture_availability.check' function? Then, could you provide information about a sculptor named 'Auguste Rodin' using the 'sculptor_info.get' function? Lastly, could you calculate the estimated price to commission a sculpture made of marble, 10 feet in size, and with high complexity using the 'sculpture_price.calculate' function?"""
parallel_multiple_72,parallel_multiple,no,yes,[],388,2,1,6,"""Could you please generate a sinusoidal sound wave with a frequency of 440 Hz and a duration of 5 seconds, save it to a WAV file named 'test.wav', then generate a square wave sound with a frequency of 880 Hz and a duration of 10 seconds, save it to a file named 'test2.wav', and finally play the 'test.wav' file at a volume level of 0.8 and the 'test2.wav' file at a volume level of 0.6?"""
parallel_multiple_73,parallel_multiple,no,yes,[],468,3,1,0,"""Could you provide me with the following information about the NBA league: the record for the most points scored by a single player in one game, including the player's name, points scored, and game date; the record for the most points scored by a single player in one season, including the player's name, points scored, and season; and the record for the most points scored by a player in his career, including the player's name, total points scored, and career span?"""
parallel_multiple_74,parallel_multiple,no,yes,[],545,3,1,2,"""Can you provide me with the current statistics for the basketball player LeBron James, specifically his points, assists, rebounds, and minutes played? Then, can you also provide the current statistics for the Los Angeles Lakers, including their total points, total assists, total rebounds, and win rate? After that, could you give me the detailed statistical data from the game between the Los Angeles Lakers and the Golden State Warriors that occurred on January 18, 2021, including total points, total assists, total rebounds, and turnovers?"""
parallel_multiple_75,parallel_multiple,no,yes,[],449,2,1,0,"""Can you help me plan my day? I want to start from my home in New York and go to a chess club named 'Knight Gambit' located in Boston. I want to take the fastest route. After that, I want to go to another chess club named 'Rook Corner' in Philadelphia, again taking the fastest route. Finally, I want to return home, but this time I want to take the shortest route. Can you also provide me with the details of the events hosted by both chess clubs?"""
parallel_multiple_76,parallel_multiple,no,yes,[],467,3,1,0,"""Could you please tell me the selling price of the video game 'The Legend of Zelda: Breath of the Wild' on the Nintendo Switch platform in the United States, and also let me know if the game 'Super Mario Odyssey' is currently on sale on the same platform and region? Additionally, could you fetch the currency used in the United States on the PlayStation platform, and also tell me the selling price of 'God of War' on the PlayStation platform in the United Kingdom?"""
parallel_multiple_77,parallel_multiple,yes,yes,[],387,3,1,1,"""Can you help me with some gaming information? First, I want to know about the rewards I can get from playing 'Call of Duty' on my 'Playstation'. Second, I am curious about the scores and rankings on level 3 of 'FIFA' on 'Xbox'. Third, I would like to know all the missions for 'Assassin Creed'. Lastly, I want to know the rewards for the 'Master' trophy level in 'Fortnite' on my 'PC'."""
parallel_multiple_78,parallel_multiple,yes,yes,[],407,2,1,0,"""Can you help me plan a trip? I would like to first find the shortest path from my home in New York City to the Metropolitan Museum of Art by walking. Then, I want to estimate how long it will take to walk this route. After visiting the museum, I plan to bike to Central Park. Could you find the shortest path for this bike trip? And finally, I would like to know how long it would take to bike this route."""
parallel_multiple_79,parallel_multiple,no,yes,[],489,3,1,5,"""Imagine you are working on a programming project and you encounter the following tasks. First, you need to solve a quadratic equation where the coefficient of x^2 is 5, the coefficient of x is 6, and the constant term is 1. After that, you need to convert an RGB color code to a hexadecimal color code. The RGB values are Red: 255, Green: 160, and Blue: 0. Finally, you have a string 'Hello, World!' that needs to be reversed. Can you perform these tasks using the appropriate functions?"""
parallel_multiple_80,parallel_multiple,no,yes,[],298,2,1,3,"""Can you help me with a math problem? I have two functions, the first one is '4x+7' and the second one is '2x+5'. I need to find the intersection points of these two functions. After that, I have another function '3x+9'. I need to find the zero points of this function. Can you solve these for me?"""
parallel_multiple_81,parallel_multiple,no,yes,[],400,3,1,4,"""In a park, there is a rectangular playground with a length of 50 meters and a width of 30 meters. Next to it, there is a square sandbox with a side length of 5 meters. A circular fountain with a radius of 3 meters is located at the center of the park. Can you calculate the area and perimeter of the playground, the area and perimeter of the sandbox, and the area and circumference of the fountain?"""
parallel_multiple_82,parallel_multiple,yes,yes,[],614,2,1,6,"""Imagine you are a sculptor working on a large project. You have two different types of materials available to you, each with a different density. The first material has a density of 5.2 g/cm^3 and the second material has a density of 7.8 g/cm^3. You are planning to create two identical cones, each with a base radius of 10 cm and a height of 30 cm. The first cone will be made from the first material and the second cone will be made from the second material. Can you calculate the volume of each cone, rounding off to 2 decimal places, and then calculate the mass of each cone using their respective densities?"""
parallel_multiple_83,parallel_multiple,no,yes,[],407,2,1,6,"""Can you help me with my calculus homework? I have two problems that I'm stuck on. The first one is to calculate the definite integral of the function 3x^2 - 2x + 1 from x = 1 to x = 4. The second problem is to calculate the derivative of the function 2x^3 - 3x^2 + 4x - 5 at x = 2. And for extra credit, I need to find the second order derivative of the same function at x = 2. Can you solve these for me?"""
parallel_multiple_84,parallel_multiple,no,yes,[],585,3,1,6,"""Imagine you are a math teacher preparing for a class. You want to create a challenging problem for your students that involves multiple steps. You decide to create a problem that involves finding the least common multiple (LCM) and the greatest common divisor (GCD) of two numbers, and then calculating the square root of these results. You choose the numbers 36 and 48 for the LCM and GCD calculations. For the square root calculations, you want the results to be accurate to 3 decimal places. What are the square roots of the LCM and GCD of 36 and 48, accurate to 3 decimal places?"""
parallel_multiple_85,parallel_multiple,no,yes,[],467,2,1,8,"""Could you please help me with a couple of calculations? First, I need to find the greatest common divisor of 56 and 98 using the Euclidean algorithm. After that, I would like to know the greatest common divisor of 81 and 27, but this time using the binary algorithm. Once we have those, I need to calculate the least common multiple of 15 and 25 using the standard method. And finally, could you find the least common multiple of 21 and 14 using the reduced method?"""
parallel_multiple_86,parallel_multiple,no,yes,[],412,2,1,4,"""A car starts from rest and travels a distance of 120 meters in 10 seconds. What is the speed of the car at the end of this time period? After reaching this speed, the car continues to accelerate for another 5 seconds from 12 m/s until it reaches a final speed doubling the initial speed. The final speed is twice the speed calculated in the first part. What is the acceleration of the car in this second phase?"""
parallel_multiple_87,parallel_multiple,yes,yes,[],404,3,1,5,"""A car is initially at rest and then starts moving with a constant acceleration of 3 m/s^2. After 5 seconds, what is its final velocity? Now, imagine a wave with a frequency of 50 Hz and a wavelength of 3 meters. What is the velocity of this wave? Going back to the car, if it continues to move with the same acceleration for another 7 seconds, what is the total distance it has traveled from the start?"""
parallel_multiple_88,parallel_multiple,yes,yes,[],352,2,1,3,"""Could you help me find a book in the library? I am looking for a book named 'To Kill a Mockingbird' in the city of New York. I would like to know if it's available. Also, I am interested in the genre of 'Fiction'. Once you find it, can you reserve it for me? The book id is '123ABC' and the branch id is 'XYZ789'. I plan to return it by '2022-12-31'."""
parallel_multiple_89,parallel_multiple,no,yes,[],634,2,1,8,"""Could you help me plan my day? I need to go from my home at 123 Main Street to my office at 456 Park Avenue, and I don't want to spend more than $30 on the ride. After work, I need to order groceries from the Whole Foods at 789 Broadway. The items I need are milk, bread, eggs, and apples. I don't want to spend more than $10 on delivery. Then, I need to get a ride from my office to my friend's house at 321 Elm Street, and I don't want to spend more than $20 on that ride. Finally, I need to get a ride from my friend's house back to my home, and I don't want to spend more than $25 on that ride. Can you help me with all of this?"""
parallel_multiple_90,parallel_multiple,no,yes,[],514,2,0,6,"""Imagine you are a chemist working in a lab. You have two samples of the same gas. The first sample has a quantity of 5 moles and is at a temperature of 300 Kelvin. The second sample has a quantity of 3 moles and is at a temperature of 500 Kelvin. You decide to mix these two samples together. What would be the final temperature of the mixture? 

Later, you obtain another gas sample with a quantity of 4 moles. You know that the molar mass of this gas is 16 g/mol. Can you calculate the mass of this gas sample?"""
parallel_multiple_91,parallel_multiple,no,no,"[""too_long""]",931,3,0,4,"""Imagine you are a scientist studying the energy production of a certain type of bacteria. You have a sample of this bacteria that has consumed 5 moles of glucose (C6H12O6) and you know that the energy produced from glucose is typically 2800 kJ/mol. You also know that the bacteria's conversion efficiency, or the percentage of energy from glucose that is converted into biomass, is 10%. 

First, calculate the total energy produced by the bacteria from consuming the glucose. 

Second, calculate the amount of biomass produced by the bacteria given the energy produced and the conversion efficiency. 

Now, imagine you are using this bacteria in a bioreactor to power a small machine. The machine needs to move a distance of 2 meters and you want to calculate the work done by the machine. 

Third, calculate the work done by the machine given the total energy produced by the bacteria and the distance the machine needs to move."""
parallel_multiple_92,parallel_multiple,no,yes,[],457,3,1,3,"""Imagine you are planning a trip to Mars. You weigh 75 kilograms on Earth and you are curious about how much you would weigh on Mars. After your trip to Mars, you plan to visit Japan. You have 5000 US dollars and you want to know how much it would be in Japanese Yen. During your stay in Japan, you come across a beautiful antique vase that is 24 inches tall, but you are more familiar with measurements in centimeters. How tall is the vase in centimeters?"""
parallel_multiple_93,parallel_multiple,yes,yes,[],233,2,1,0,"""Could you tell me the estimated date of the Jurassic geological era and calculate how many years ago it was? Also, could you provide the date of the signing of the Magna Carta and calculate how many years ago that event took place?"""
parallel_multiple_94,parallel_multiple,no,no,"[""embedded_instruction_or_benchmark_scaffold""]",508,3,1,10,"""Given the list of words ['apple', 'banana', 'cherry', 'date', 'elderberry'], can you first use the 'sort_list' function to sort this list in descending order? Then, using the 'filter_list' function, can you filter out the fruits that start with the letter 'b'? After that, consider the list of numbers [5, 10, 15, 20, 25]. Can you use the 'sum_elements' function to find the total sum of these numbers? Finally, use the 'sort_list' function again to sort the numbers [35, 10, 25, 5, 15] in ascending order?"""
parallel_multiple_95,parallel_multiple,no,no,"[""too_many_numbers""]",701,2,1,26,"""Could you help me with some calculations? First, I have two vectors, [1, 2, 3] and [4, 5, 6], and I need to calculate the cosine similarity between them. I want the result to be rounded off to 2 decimal places. Then, I have two arrays of numbers, [7, 8, 9] and [10, 11, 12], and I need to calculate the Pearson correlation coefficient between them. After that, I have another two arrays of numbers, [13, 14, 15] and [16, 17, 18], and I need to calculate the Spearman correlation coefficient between them. Lastly, I have two more vectors, [19, 20, 21] and [22, 23, 24], and I need to calculate the cosine similarity between them, but this time I want the result to be rounded off to 3 decimal places."""
parallel_multiple_96,parallel_multiple,yes,yes,[],167,2,1,1,"""Can you help me find a pet-friendly library with a cafe inside in New York City, NY and then a store in the same city that has disabled access and operates 24 hours?"""
parallel_multiple_97,parallel_multiple,no,yes,[],675,3,1,7,"""John has decided to invest his savings. He has $5000 that he wants to invest for a period of 5 years. He is considering two options. The first option is a simple interest scheme that offers an annual interest rate of 4%. The second option is a compound interest scheme that offers an annual interest rate of 3.5% and compounds interest annually. He also came across a third option where he can invest an initial amount of $3000 at an annual interest rate of 5% for 6 years with interest compounded twice a year. Can you help him calculate the returns for each of these options using the calc_Simple_Interest, calc_Compound_Interest, and future_value functions respectively?"""
parallel_multiple_98,parallel_multiple,no,yes,[],301,2,1,2,"""Could you help me with a two-step conversion? First, I have 5000 Japanese Yen that I would like to convert into US Dollars. After that, I have a measurement of 15 kilometers that I would like to convert into miles. Can you tell me how much I would have in US Dollars and how many miles I would have?"""
parallel_multiple_99,parallel_multiple,yes,yes,[],283,2,1,3,"""Could you please provide me with the historical dividend data for Microsoft for the past 5 years on a quarterly basis, then the same data but on an annual basis? After that, could you retrieve the stock market data for Microsoft for the past 60 days and then for the past 120 days?"""
parallel_multiple_100,parallel_multiple,no,yes,[],379,2,1,4,"""Can you tell me what the stock price prediction for Apple Inc. is for the next 30 days using the ARIMA model, and then provide the stock forecast for Microsoft Corporation for the next 45 days using the LSTM model? After that, could you provide the weather forecast for New York City for the next 7 days, and then give the weather forecast for Los Angeles for the next 14 days?"""
parallel_multiple_101,parallel_multiple,yes,yes,[],467,3,1,1,"""Could you please provide me with the following financial data for Microsoft and Apple over the past 30 days? First, I would like to know the average closing price of Microsoft's stocks using data from Yahoo Finance. Second, I need to know the total revenue of Apple using data from Google Finance. Third, I am interested in the total volume of stocks traded for both Microsoft and Apple, again using data from Yahoo Finance. Could you please calculate these for me?"""
parallel_multiple_102,parallel_multiple,yes,yes,[],341,2,1,6,"""John has $5000 that he wants to invest. He is considering two options. The first option is a savings account that compounds interest quarterly at an annual rate of 4% for 5 years. The second option is a bond that offers simple interest at an annual rate of 3.5% for 5 years. How much would John have at the end of 5 years for both options?"""
parallel_multiple_103,parallel_multiple,no,yes,[],200,2,1,0,"""Can you help me find a divorce lawyer in New York, NY and then a criminal lawyer in Los Angeles, CA? After that, I need to find a cardiologist in Chicago, IL and an orthopedic doctor in Houston, TX."""
parallel_multiple_104,parallel_multiple,yes,yes,[],211,3,1,4,"""Can you provide me with a 5-day air quality forecast for New York, a 7-day weather forecast for Los Angeles, news articles on 'global warming' for the past 3 days, and a 2-day air quality forecast for Beijing?"""
parallel_multiple_105,parallel_multiple,no,no,"[""embedded_instruction_or_benchmark_scaffold""]",487,3,1,0,"""Can you help me plan a trip? I need to know the distance in kilometers from New York to London using the 'geodistance.find' function, then I want to know the time difference between New York and London using the 'timezones.get_difference' function. After that, I want to find flights from New York to London on the date of 'next friday' using the 'flights.search' function. Finally, I want to know the distance in miles from London to Paris using the 'geodistance.find' function again."""
parallel_multiple_106,parallel_multiple,yes,yes,[],452,3,1,1,"""Can you help me plan my upcoming trip? I need to know the estimated traffic from my home in San Francisco to my office in Palo Alto on a typical weekday. Also, I'm curious about the distance between these two locations. Furthermore, I'm planning a weekend getaway to Los Angeles, so I'd like to know the traffic estimate from Palo Alto to Los Angeles for the coming weekend. Lastly, could you provide me with a 5-day weather forecast for Los Angeles?"""
parallel_multiple_107,parallel_multiple,no,yes,[],238,3,1,0,"""Can you help me find a book? I'm not sure of the title, but I know it's a mystery novel. I'd like to search in the library in New York City first, then I'd like to check Google Books and Open Library. Can you assist with these searches?"""
parallel_multiple_108,parallel_multiple,yes,yes,[],471,2,1,0,"""Could you please analyze my personality based on the five-factor model and the Myers-Briggs Type Indicator (MBTI)? For the five-factor model, consider that I am quite talkative, I don't get nervous easily, I have many artistic interests, I am not lazy, and I am quite forgiving. For the MBTI, my preferences are more towards feeling than thinking, I am more extroverted than introverted, I lean more towards perceiving than judging, and I prefer intuition over sensing."""
parallel_multiple_109,parallel_multiple,no,yes,[],200,3,1,0,"""Can you tell me about the monarchs of France during the 17th century, major wars that took place in England during the 18th century, and the prominent art movements in Italy during the 19th century?"""
parallel_multiple_110,parallel_multiple,no,yes,[],273,2,1,2,"""What was the population of California in 1980 and 1990 according to the 'us_history.population_by_state_year' function, and what was the Real GDP of California in those same years according to the 'us_economy.gdp_by_state_year' function with the adjustment set to 'Real'?"""
parallel_multiple_111,parallel_multiple,no,yes,[],214,2,1,0,"""Could you please provide me with the origin and founder information of Buddhism, and then do the same for Hinduism? After that, could you also tell me about the core beliefs and practices of both these religions?"""
parallel_multiple_112,parallel_multiple,no,yes,[],482,2,1,1,"""Could you please help me find the price of the artwork named 'Starry Night' by the artist 'Vincent Van Gogh' on the 'Sotheby' auction platform, and then fetch the price of another artwork called 'The Scream' by 'Edvard Munch' on the 'Christie' platform? After that, I would like to search for a book titled 'To Kill a Mockingbird' by the author 'Harper Lee' in the 'New York Public Library', and then look for another book named '1984' by 'George Orwell' in the 'British Library'."""
parallel_multiple_113,parallel_multiple,yes,yes,[],420,3,1,1,"""Could you please help me with some information? I am planning to renovate my house and need to know the most popular paint color for the living room over the past month. Also, I am planning a trip to Seattle in the next 5 days, so I would like to know the weather forecast for that period. Lastly, I am considering moving to San Francisco, CA and would like to know the average house price there over the last quarter."""
parallel_multiple_114,parallel_multiple,no,yes,[],375,2,1,4,"""Could you please help me order a custom sculpture of a horse made from Marble that is 20 inches in size, then another sculpture of a dog made from Wood that is 15 inches in size, followed by a custom painting of a sunset with the main color being Red that is 30 inches in size, and finally a painting of a cityscape with the main color being Blue that is 25 inches in size?"""
parallel_multiple_115,parallel_multiple,yes,yes,[],189,3,1,0,"""Can you help me plan my trip to New York? I would like to visit a modern art installation, a park with a playground and a picnic area, and a popular monument. Could you find these for me?"""
parallel_multiple_116,parallel_multiple,yes,yes,[],182,2,1,1,"""Can you provide me with the exhibition information for the Louvre museum for the next 3 months and then tell me about the best Italian and Chinese restaurants in the area of Paris?"""
parallel_multiple_117,parallel_multiple,no,yes,[],324,2,1,0,"""Can you help me book a ticket for a concert of Taylor Swift in New York with a VIP Seating add-on, then book another ticket for a concert of Ed Sheeran in Los Angeles with a Backstage Pass and Parking Pass add-ons, and finally book a ticket for the Coachella festival in Indio with a Camping Pass and Parking Pass add-ons?"""
parallel_multiple_118,parallel_multiple,no,yes,[],428,2,1,8,"""Can you help me create a piece of music in D Minor with a tempo of 120 beats per minute and then generate an audio signal with a frequency of 440 Hz and an amplitude of 0.5? After that, I would like to generate another piece of music in E Major with a tempo of 90 beats per minute and a time signature of 3/4. Finally, generate another audio signal with a frequency of 300 Hz, an amplitude of 0.7, and a duration of 5 seconds."""
parallel_multiple_119,parallel_multiple,no,yes,[],286,3,1,2,"""Can you tell me how many all-time goals Cristiano Ronaldo scored for Manchester United in the Premier League, then compare that with the top scorer of Manchester United in the same competition, and finally, tell me who was the top scorer of the Premier League in the 2019-2020 season?"""
parallel_multiple_120,parallel_multiple,no,yes,[],215,2,1,2,"""Can you tell me the scores for the Manchester United soccer team in the English Premier League for the last 5 rounds and also the scores for the Los Angeles Lakers basketball team in the NBA for the last 7 rounds?"""
parallel_multiple_121,parallel_multiple,yes,yes,[],735,2,1,6,"""I'm planning a game night and I need some board game recommendations. I have a group of 5 friends coming over, so we'll be 6 players in total. We all enjoy strategy games but we're all beginners, so nothing too complex. Can you recommend some games from BoardGameGeek that fit this criteria? Also, I have another group of 4 friends who love party games. We're not beginners but we're not advanced players either, so something in the middle would be great. Can you recommend some games from BoardGameGeek for this group as well? Lastly, I'm also considering buying some games from Amazon Game Store. I have a budget of $20-$30. Can you recommend some strategy games for 6 players and party games for 4 players within this price range?"""
parallel_multiple_122,parallel_multiple,no,yes,[],273,3,1,1,"""Could you please find the latest updates for the game 'Call of Duty' on the 'Playstation' platform for the 'European' region, then find the current price for the same game on the 'Xbox' platform, and finally find reviews for the game 'FIFA 21' from the 'American' region?"""
parallel_multiple_123,parallel_multiple,yes,yes,[],440,2,1,4,"""Can you tell me how many active players were engaged with the video game 'Call of Duty: Modern Warfare' in the year 2019 on the 'Playstation' platform, and then compare that with the number of active players for the same game in the year 2020 on the 'PC' platform? Also, could you provide the sales figures for 'Call of Duty: Modern Warfare' for the year 2019 on the 'Playstation' platform and then for the year 2020 on the 'PC' platform?"""
parallel_multiple_124,parallel_multiple,yes,yes,[],478,3,1,2,"""Can you help me plan my meals for the day? I want to start with a breakfast recipe using eggs, milk, and bread, and it should not exceed 300 calories. Then, for lunch, I want to try a new restaurant that serves dishes with chicken, tomatoes, and lettuce, and the dishes should not be more than 500 calories. In the evening, I have a recipe for dinner that uses beef, but I want to replace the beef with tofu and keep the total calories under 600. Can you assist me with these?"""
parallel_multiple_125,parallel_multiple,yes,yes,[],297,2,1,1,"""Can you help me plan a day out in Seattle, WA for my group of 10 friends? We are food lovers and would like to try some Seafood and Italian cuisine for lunch. Later in the evening, we are interested in attending a Concert or a Sports event. Could you find suitable restaurants and events for us?"""
parallel_multiple_126,parallel_multiple,no,yes,[],348,2,1,2,"""Can you help me find a recipe that uses chicken as the main ingredient and doesn't require more than 5 ingredients? After that, could you also find a restaurant that serves Italian cuisine and falls within a mid-range price? And finally, could you find another recipe that uses beef as the main ingredient and requires no more than 7 ingredients?"""
parallel_multiple_127,parallel_multiple,no,yes,[],501,2,1,4,"""Can you help me plan my trip? I need to book a hotel room in Paris for 5 nights. I prefer a deluxe room and would like to add breakfast and spa services. After that, I need to rent a car in Paris for 7 days. I prefer a SUV and I will pick it up from the airport. Then, I need to book another hotel room in Rome for 3 nights. I prefer a suite and would like to add airport transfer service. Lastly, I need to rent a car in Rome for 5 days. I prefer a compact car and I will pick it up from the hotel."""
parallel_multiple_128,parallel_multiple,yes,yes,[],419,3,1,3,"""Could you help me plan my vacation? I need to know the total cost. First, I'm considering staying at the Hilton New York for 5 nights in a deluxe room. Could you tell me how much that would cost? Second, I'm thinking of renting a sedan from Enterprise for 10 days. How much would that be? Lastly, I'm planning to fly with Delta Airlines in business class. There will be 3 of us. Can you tell me the total flight cost?"""
parallel_multiple_129,parallel_multiple,no,yes,[],474,2,1,4,"""Can you help me with a couple of conversions? First, I have 5000 Euros that I want to convert into US Dollars using the latest exchange rate. Then, I have another 3000 Euros that I want to convert into British Pounds, but this time, I want to use the last known exchange rate. After that, I have a distance of 100 kilometers that I want to convert into miles. Lastly, I have a weight of 75 kilograms that I want to convert into pounds. Can you do these conversions for me?"""
parallel_multiple_130,parallel_multiple,no,yes,[],547,3,1,6,"""Could you help me with the following tasks? First, I want to know the future value of my investment in the stock with the ticker symbol 'AAPL'. I have invested $5000 in it and I am expecting an annual return of 7% (0.07). I plan to hold this investment for 10 years. Second, I am interested in getting detailed information about the company 'Microsoft'. I want this information from the 'NASDAQ' stock market. Lastly, I have a quadratic equation with coefficients a=5, b=-20, and c=15. Could you solve this equation for me and provide the roots?"""
parallel_multiple_131,parallel_multiple,no,yes,[],447,2,1,6,"""Could you please help me with a couple of calculations? First, I have a circle with a radius of 5.6 feet and I need to know its area. Second, I'm working on a project where I need to plot a sine wave. The range I'm interested in is from 0 to 3.14 radians. The frequency of the wave should be 2 Hz. Also, I want the amplitude of the wave to be 1.5 and the phase shift to be 0.5 radians. Could you calculate the area and plot the sine wave for me?"""
parallel_multiple_132,parallel_multiple,yes,yes,[],326,2,1,6,"""Could you first calculate the derivative of the function '3x^2 + 2x - 1' at the value of 2 where 'x' is the function variable, then calculate the derivative of the function '5y^3 - 4y + 2' at the value of 3 where 'y' is the function variable, and finally retrieve the strengths and weaknesses of the personality type 'INTJ'?"""
parallel_multiple_133,parallel_multiple,no,yes,[],481,2,1,3,"""Imagine you are a music producer and you are working on a new song. You want to generate a music scale progression in the key of 'D' with a tempo of 120 BPM, where each note lasts for 2 beats. You are considering using a 'minor' scale type for this progression. After creating this, you decide to take a break and solve a math problem. You want to find the highest common factor of the numbers 456 and 123. Can you generate the music scale progression and solve the math problem?"""
parallel_multiple_134,parallel_multiple,no,yes,[],306,2,1,3,"""Could you please help me with two tasks? First, I'm interested in the field of constitutional law in the United Kingdom and I would like to know the top 5 landmark cases in this field. Second, I have two numbers, 36 and 48, and I need to find out their greatest common divisor. Can you assist with these?"""
parallel_multiple_135,parallel_multiple,no,no,"[""too_long""]",944,3,0,17,"""Imagine you're a musician who also loves to play poker with friends. One day, you decided to host a poker game at your house. You invited three friends named John, Sarah, and Mike. In the game of Texas Holdem, John had the cards 2 of hearts, 3 of diamonds, 4 of spades, 5 of clubs, and 6 of diamonds. Sarah had the cards 3 of hearts, 4 of diamonds, 5 of spades, 6 of clubs, and 7 of diamonds. Mike had the cards 4 of hearts, 5 of diamonds, 6 of spades, 7 of clubs, and 8 of diamonds. Who won the game? 

After the game, you all decided to play some music. You picked up your guitar and started to play a song in the key of C. However, you forgot the notes in the C major scale. Could you tell me what they are? 

Later, you decided to do a physics experiment. You launched a small object with an initial velocity of 10 m/s. After 5 seconds, you noticed that the object had stopped accelerating. How far did the object travel during this time?"""
parallel_multiple_136,parallel_multiple,yes,yes,[],763,4,1,4,"""Can you help me with a few things? First, I'm interested in a court case with the docket number 12345 that was registered in Dallas, TX. Could you retrieve the details about this case for me? I don't need the full text of the case ruling. Second, I'm curious about the current classical chess rating of a player named Magnus Carlsen. Could you fetch that for me? Third, I'm trying to remember the date of the historical event known as the Battle of Gettysburg. Do you know when that took place? Lastly, I'm working on a physics problem and need to calculate the final speed of an object. The object was dropped from a height of 100 meters with an initial velocity of 0 m/s. The gravitational acceleration is 9.8 m/s^2. Can you help me calculate the final speed?"""
parallel_multiple_137,parallel_multiple,no,yes,[],380,4,1,0,"""Can you tell me the function of the molecule ATP in the organelle mitochondria with a specific function, then calculate the shortest driving distance from New York to Los Angeles in miles, after that, can you tell me who is credited for the discovery of the theory of relativity, and finally, can you tell me the current retail price of a Fender Stratocaster in sunburst finish?"""
parallel_multiple_138,parallel_multiple,yes,yes,[],594,3,1,3,"""Could you help me with a few tasks? Firstly, I am working on a physics experiment and I need to calculate the magnetic field at the center of a circular loop. The loop carries a current of 5 Amperes and has a radius of 0.02 meters. Secondly, I am planning to attend a concert of my favorite artist, Taylor Swift, in New York. I need to book 3 tickets for the concert. Lastly, I am doing a research on Apple Inc. and I need to find the details of lawsuits involving Apple from the year 2010. Specifically, I am interested in lawsuits related to 'Patent' issues. Could you assist me with these?"""
parallel_multiple_139,parallel_multiple,no,no,"[""too_long""]",1206,4,0,7,"""Imagine you are a teacher preparing for a science and art themed day at school. You have planned a series of activities for your students. First, you want to divide your class of 30 students into smaller groups for a group dynamics activity. You know that 15 of your students are extroverts and 15 are introverts. Can you analyze the social dynamics and interactions within these groups based on these personality traits and group size? 

Next, you plan an art activity where students will mix two primary paint colors. You have chosen blue and yellow for this activity. Can you predict the resulting color if the lightness level is adjusted to 70%? 

Then, you plan a cooking activity where students will convert cooking measurements. You have a recipe that calls for 2 cups of flour, but your measuring cup is in milliliters. Can you convert this measurement from cups to milliliters for flour? 

Finally, you plan a physics experiment where students will calculate the electric field strength at a certain distance from a point charge. You have a charge of 0.000001 Coulombs and want to calculate the electric field strength 0.02 meters away from the charge in a vacuum. Can you calculate this for me?"""
parallel_multiple_140,parallel_multiple,yes,yes,[],768,2,1,6,"""Imagine you are a scientist working in a lab. You have a substance with a mass of 10 kilograms and a volume of 2 cubic meters. You want to calculate the density of this substance in kg/m³. After your experiment, you want to relax by doing some painting. You decide to mix two primary colors, red and blue. However, you want the resulting color to have a lightness level of 70%. Later, you have another substance with a mass of 5 kilograms and a volume of 1 cubic meter. You want to calculate the density of this substance as well, but this time in g/cm³. Finally, you decide to mix another set of primary colors, yellow and blue, but you want the resulting color to have a lightness level of 30%. Can you calculate the densities and mix the paint colors accordingly?"""
parallel_multiple_141,parallel_multiple,yes,yes,[],669,3,1,0,"""Can you help me with a few things? First, I'm studying genetics and I came across a SNP mutation with the ID 'rs123456'. I'm not sure what type of mutation it is. Could you find out for me? The species is 'Homo sapiens'. Second, I'm planning to visit New York, NY next month (Feb) and I'm interested in attending an art exhibition, particularly one that displays sculptures. Could you find the most popular ones for me? I would prefer exhibitions with high user ratings. Lastly, I'm also studying cell biology and I need to know the list of proteins in the 'nucleus' cell compartment. Could you get that for me? And please include a brief description of each protein."""
parallel_multiple_142,parallel_multiple,yes,yes,[],603,2,1,0,"""In the game 'Animal Crossing', I am interested in collecting bugs during the 'Summer' season. Could you help me find out what bugs are available during this time? Also, in the same game, I would like to know what fish can be collected in the 'Winter' season. On a completely different note, I am studying genetics and I came across a SNP mutation with the ID 'rs53576'. Can you tell me what type of mutation this is in the species 'Homo sapiens'? Lastly, I also found another SNP mutation with the ID 'rs1800497'. Could you help me find out what type of mutation this is in the species 'Mus musculus'?"""
parallel_multiple_143,parallel_multiple,yes,yes,[],398,3,1,0,"""Can you help me with a few tasks? First, I need to calculate the factorial of 7. Then, I'm looking to buy a flute. I prefer the brand 'Yamaha' and I want it to have an 'open hole' and a 'silver headjoint'. Lastly, I'm doing a genetics study and I need to calculate the frequency of the 'AA' genotype in a population where the frequency of the dominant allele is 0.6. Can you assist me with these?"""
parallel_multiple_144,parallel_multiple,no,yes,[],455,2,1,1,"""Can you tell me the name of the scientist who is credited for the discovery of the theory of relativity? Also, I would like to know the predicted forest growth in Amazon rainforest over the next 10 years, considering the impact of human activities. After that, could you also provide the forecast for the same location but this time without considering human impact? Lastly, I'm curious about the scientist who discovered the DNA double helix structure."""
parallel_multiple_145,parallel_multiple,no,no,"[""too_long"", ""embedded_instruction_or_benchmark_scaffold""]",1010,4,7,10,"""Can you help me with a few tasks? First, I am playing a game where I need to calculate the evolutionary fitness of a creature. The creature has three traits with values 0.7, 0.8, and 0.9, and the contributions of these traits to the overall fitness are 0.3, 0.4, and 0.3 respectively. Could you calculate the fitness for me using the 'calculate_fitness' function? 

Second, I am looking for a lawyer in New York, NY who specializes in Civil and Divorce cases and charges less than $300 per hour. Could you use the 'lawyer.find_nearby' function to find one for me? 

Third, I am curious about the current classical chess rating of a player named Magnus Carlsen. Could you fetch that for me using the 'chess.rating' function? 

Lastly, I am planning to go shopping at Walmart. I want to purchase 'Milk', 'Bread', and 'Eggs' from the nearest Walmart in Los Angeles, CA. The pack sizes I am looking for are 1, 2, and 12 respectively. Could you check the availability for me using the 'walmart.purchase' function?"""
parallel_multiple_146,parallel_multiple,yes,yes,[],867,3,0,4,"You are an art curator and a part-time biologist. You have a painting in your collection that is currently 24x36 inches, painted with acrylic and has a dominant color of blue. You want to modify the painting's size to 30x40 inches, change the medium to oil, and the dominant color to red. After this, you want to predict the evolutionary rate of the African elephant species for the next 100 years using the Darwin model. 

Later in the day, you are planning a game of poker with friends and you want to calculate the probability of getting a royal flush. In a deck of 52 cards, there are 4 possible outcomes that result in a royal flush. You want the result to be rounded to 3 decimal places. 

What would be the new attributes of the painting, the predicted evolutionary rate of the African elephant, and the probability of getting a royal flush in your poker game?"
parallel_multiple_147,parallel_multiple,no,yes,[],569,4,1,2,"""Can you help me plan a day out? I want to start by having lunch at a restaurant in San Francisco that serves Italian food. I would like to see 5 options and I am a vegan. After lunch, I want to catch a match of the Golden State Warriors. Can you tell me their next 3 match schedules in the NBA? Later in the evening, I am thinking of buying some stocks. Can you provide me a detailed information about the Apple Inc. stocks in the NASDAQ market? And finally, I am thinking of buying a guitar. I have a budget of $500. Can you find me a Fender guitar within my budget?"""
parallel_multiple_148,parallel_multiple,no,yes,[],453,2,1,5,"""Can you tell me the net worth of the famous footballer Lionel Messi in Euros? After that, I would like to know the net worth of the basketball player LeBron James in British Pounds. Also, I'm curious about the Body Mass Index (BMI) of a person who weighs 85 kilograms and is 180 centimeters tall using the metric system. Lastly, could you calculate the BMI of another person who weighs 200 pounds and is 6 feet 2 inches tall using the imperial system?"""
parallel_multiple_149,parallel_multiple,no,yes,[],514,3,1,3,"""Can you help me with a few tasks? First, I need to book a hotel room in Paris for 5 nights starting from 20th June. I prefer a deluxe room and would like the hotel to have a gym and offer free breakfast. Secondly, I am curious about the last match played by the soccer club 'Manchester United'. Could you fetch the details for me? Also, include the match statistics. Lastly, I recently measured my weight and height. I weigh 75 kilograms and my height is 1.8 meters. Could you calculate my Body Mass Index (BMI)?"""
parallel_multiple_150,parallel_multiple,no,yes,[],528,3,1,6,"""Could you help me with a few things? First, I'm interested in finding out all the movies that actor Leonardo DiCaprio starred in the year 2010, specifically in the Drama category. Second, I'd like to know about any lawsuits filed against the company 'Apple Inc.' in the location 'California' in the year 2015, and I'm particularly interested in civil cases. Lastly, I need to book a direct flight from 'New York' to 'London' on the date '2022-12-25', and I prefer the time to be around '10:00AM'. Can you assist me with these?"""
parallel_multiple_151,parallel_multiple,no,yes,[],834,4,1,9,"""Imagine you are planning a vacation to Paris, France. You want to stay at the 'Hotel Le Bristol Paris' in a suite room for 10 days starting from 12-01-2022. You also have a preference for a city view from your room. How would you book this hotel? After booking, you want to know how much 1000 US dollars would be in Euros. Can you find out the latest exchange rate? On your way to the hotel, you want to stop by a Safeway store in Palo Alto, CA to pick up some items. You need to order 2 bottles of water, 3 apples, and 1 loaf of bread. How would you place this order? Lastly, you are curious about the universe and want to know how long it would take for light to travel from Earth to Proxima Centauri, which is approximately 4.24 light years away, considering the speed of light in vacuum is 299792458 m/s. Can you calculate this?"""
parallel_multiple_152,parallel_multiple,no,yes,[],474,3,1,2,"""Can you help me with a few things? First, I'm trying to calculate the area of a triangle that has a base of 12 meters and a height of 15 meters. I would like the result in square meters. Second, I'm curious about the inventor and year of invention of the 'Telephone'. Could you find that for me? Lastly, I'm planning a road trip and need directions from 'New York City' to 'Los Angeles'. I would like to avoid 'tolls' and 'highways'. Can you provide the best route for me?"""
parallel_multiple_153,parallel_multiple,no,yes,[],725,4,1,5,"""Could you help me plan a trip? I want to go to Paris for 7 days with a daily budget of $200, and I prefer exploring urban areas. Also, I'm trying to cook a dish called 'Chicken Alfredo', but I'm not sure if it fits my diet. Could you find a recipe for 'Chicken Alfredo' that has less than 800 calories? Additionally, I have a cooking measurement problem. I have a recipe that calls for 2 cups of flour, but I only have a scale. Can you convert 2 cups of flour into grams for me? Lastly, I'm doing a research project and need to run a linear regression model. The predictor variables are 'age', 'income', and 'education level', and the target variable is 'job satisfaction'. Could you also standardize the predictors for me?"""
parallel_multiple_154,parallel_multiple,yes,yes,[],714,3,1,5,"""Imagine you are considering to buy a house in San Francisco, California. The house was built in 1985, has an area of 2000 square feet and contains 4 rooms. You want to predict the price of this house. After buying the house, you also want to know about any lawsuits involving the previous owner, Mr. John Doe, in the county of San Francisco. Additionally, you are curious about the probability of winning a lottery where the total number of possible outcomes is 1000 and the number of favorable outcomes is 5. You want the result to be rounded to 3 decimal places. Can you provide the predicted house price, the lawsuits involving Mr. John Doe in San Francisco county, and the probability of winning the lottery?"""
parallel_multiple_155,parallel_multiple,no,yes,[],499,3,1,6,"""Can you help me with a few calculations? First, I need to calculate the power of 7 raised to 3. Then, I want to know the probability of drawing a red card from a standard deck of 52 playing cards, round the answer to 3 decimal places. After that, I have a DNA molecule with the ID 'XYZ123' in a public database, can you retrieve its sequence in 'genbank' format? Also, include 5 base pairs upstream the DNA sequence. Lastly, calculate the power of 2 raised to 5, but this time with a modulus of 3."""
parallel_multiple_156,parallel_multiple,yes,yes,[],620,3,1,11,"""Could you please help me with the following tasks? First, I have two groups of data points: group1 consists of [12, 15, 18, 22, 25] and group2 consists of [20, 23, 26, 29, 32]. I want to run a two-sample t-test on these groups with the assumption that they have equal variance. Second, I'm currently in Boston, MA and I'm craving for some Sushi. Could you find the closest sushi restaurant that has a Patio and Wi-Fi? Lastly, I've recently taken up painting as a hobby and I'm curious about the common personality traits associated with it. Could you retrieve the top 5 personality traits of people who enjoy painting?"""
parallel_multiple_157,parallel_multiple,no,yes,[],751,3,1,16,"""Could you help me with a few calculations and searches? First, I'd like to calculate the area of a triangle with a base of 15 meters and a height of 20 meters, and I'd like the result in square meters. Then, I have two datasets that I'd like to compare statistically. The first dataset consists of the numbers 12, 15, 18, 20, 22, and 25, and the second dataset consists of the numbers 14, 16, 19, 21, 23, and 26. I'd like to perform a t-test with a significance level of 0.05. After that, I'm interested in finding upcoming rock concerts in Los Angeles, CA for the next 14 days. Lastly, I'd like to calculate the area of another triangle, this time with a base of 10 meters and a height of 30 meters, and again, I'd like the result in square meters."""
parallel_multiple_158,parallel_multiple,no,yes,[],662,4,1,6,"""Could you help me with a few tasks? First, I'm interested in a company's financials. I'd like to know the quarterly dividend per share for a company that has a total dividend payout of $1,000,000 and 500,000 outstanding shares. Second, I'm a big fan of the Beatles and I'd like to know the lyrics of their song 'Hey Jude'. Third, I'm planning to watch a movie tonight and I'm considering 'The Godfather'. Could you provide a brief about this movie and also include additional information like Director, Cast, Awards etc.? Lastly, I'm doing a painting and I'd like to mix the colors red and blue, and I want the resulting color to have a lightness level of 70%."""
parallel_multiple_159,parallel_multiple,no,yes,[],610,4,1,4,"""Could you help me with a few things? First, I'd like to calculate the return on equity for a company that had a net income of $2 million, total shareholder's equity of $10 million, and paid dividends amounting to $500,000. Then, I'm trying to find the lyrics to the song 'Bohemian Rhapsody' by the artist 'Queen', and I need them in English. After that, I'm interested in finding a historical law case related to 'fraud' that took place between the years 1990 and 2000. Lastly, I'm looking for a public library in 'Boston, MA' that has both a 'Reading Room' and 'Wi-Fi' facilities. Can you assist with these?"""
parallel_multiple_160,parallel_multiple,yes,yes,[],453,2,1,3,"""Can you help me with two tasks? First, I want to calculate the compound interest on an investment I made. I invested $5000 with an annual interest rate of 5%. The interest is compounded quarterly and I plan to keep the money invested for 7 years. Secondly, I heard some rumors about a company named 'Tech Corp' and I want to check if there were any lawsuits filed against them in 'San Francisco' in the year 2018. Can you find this information for me?"""
parallel_multiple_161,parallel_multiple,no,yes,[],417,3,1,4,"""Can you help me with a few calculations? First, I'm curious about the current classical chess rating of a player named Magnus Carlsen. Second, I have a quadratic equation that I'm struggling with, it's 2x² - 3x + 1 = 0, could you find the roots for me? Lastly, I made an investment 5 years ago. The initial value was $5000 and now it's worth $8000. Could you calculate the Compound Annual Growth Rate (CAGR) for me?"""
parallel_multiple_162,parallel_multiple,no,yes,[],826,3,1,16,"""Imagine you are planning your finances and you want to calculate the future value of your investments. You have an initial investment of $5000, an annual rate of return of 7%, and you plan to invest for 10 years. Additionally, you will be making regular contributions of $200. After calculating the future value, you want to visualize your annual returns over the past 10 years. The returns are as follows: [7, 8, 9, 6, 7, 8, 10, 9, 8, 7] and you want to create a histogram with 5 bins to better understand the distribution of returns. Later, you decide to take a break and engage in some art. You want to mix two primary paint colors, blue and yellow, and adjust the resulting color's lightness level to 70%. Can you calculate the future value of your investment, create the histogram, and mix the paint colors accordingly?"""
parallel_multiple_163,parallel_multiple,no,yes,[],480,2,1,6,"""John is planning to invest in a mutual fund. He has $5000 to start with and the fund he is interested in has an annual yield rate of 7%. He plans to keep his money in the fund for 10 years. After 10 years, he wants to use part of his investment returns to build a circular garden in his backyard. The radius of the garden will be 5 meters. Can you help him calculate how much money he will have in his mutual fund after 10 years and what will be the area of his circular garden?"""
parallel_multiple_164,parallel_multiple,no,yes,[],570,2,1,4,"""John is a lawyer who is working on a case with docket number '12345' in the 'Supreme Court'. He needs to retrieve the details of the 'accused' from this case. After his work, he plans to help his son with his homework. His son is learning about triangles and he needs to calculate the area of a triangle with a base of 10 units and a height of 5 units. The unit of measure is 'square meters'. Later, John has to go back to his work and retrieve the 'verdict' details of another case with docket number '67890' in the 'High Court'. Can you assist John with these tasks?"""
parallel_multiple_165,parallel_multiple,yes,yes,[],435,3,1,6,"""Can you help me plan my week? I'm interested in attending a jazz event in San Francisco, CA within the next 5 days. Also, I heard about a lawsuit involving Apple Inc. that was filed in California after January 1, 2020, can you find the status of that for me? Lastly, I need to do some shopping at Walmart, can you tell me the total price for 2 bottles of olive oil, 3 bags of rice, and 4 cans of beans at the Walmart in San Jose, CA?"""
parallel_multiple_166,parallel_multiple,no,yes,[],576,3,1,3,"""Could you please help me with the following tasks? First, I would like to know the elevation and area of the Yellowstone National Park. Second, I am considering investing $5000 in a stock that has an expected annual growth rate of 7%. I plan to hold the stock for 10 years and I would like to know the projected return of this investment, taking into account potential dividends. Third, I need to fetch detailed information about a legal case with the ID 'LC12345'. Lastly, I would also like to know the location and the year when the Yosemite National Park was established."""
parallel_multiple_167,parallel_multiple,yes,yes,[],503,4,1,3,"""In the game 'Animal Crossing' during the 'Summer' season, can you find out what types of 'fish' are collectable? After that, can you tell me the highest score achieved by any player in the game 'Fortnite' on 'Playstation' platform in the 'Asia' region? Then, I would like to know the details of lawsuits involving the company 'Apple Inc.' in the year 2018. Lastly, could you calculate the binomial probability for 10 trials, with 3 successes and a probability of success of 0.7 on an individual trial?"""
parallel_multiple_168,parallel_multiple,yes,yes,[],422,2,1,8,"""Could you help me with a two-part request? First, I'd like to know if there were any lawsuits filed against the company 'TechCorp' in the location 'San Francisco' in the year 2018, specifically civil cases. Secondly, I'm planning a trip and need to check the availability of Hilton hotels in 'New York City' for the check-in date '2022-10-15' and check-out date '2022-10-20' for 2 adults. Could you assist me with these?"""
parallel_multiple_169,parallel_multiple,yes,yes,[],547,2,1,3,"""Could you please tell me the latest game score, individual player stats, and team stats for the basketball team 'Los Angeles Lakers' in the 'NBA' league? Also, I would like to know the same information but this time for the football team 'Manchester United' in the 'Premier League'. Additionally, could you provide me with a 5-day humidity forecast for New York, ensuring that the minimum humidity level is 60%? Lastly, I would also like to know the humidity forecast for the next 7 days in London, but without any minimum humidity level filter."""
parallel_multiple_170,parallel_multiple,yes,yes,[],897,4,1,5,"""Imagine you are playing a role-playing game and you want to create a new player profile. You decided to name your character 'DragonSlayer' and choose 'Warrior' as your class. You also want to start at level 5. After setting up your profile, you want to take a break and find a nearby concert to attend. You are currently in 'New York, NY' and you want to find a concert that plays 'Rock' music. Later in the evening, you decide to play a game of poker with a standard deck of 52 cards and a hand size of 5. What is the probability of getting a full house? The next day, you decide to go on a hike and you want to calculate the slope gradient between two geographical coordinates. The first point is [40.7128, -74.0060] (New York, NY) and the second point is [34.0522, -118.2437] (Los Angeles, CA). You want the slope gradient in 'degree'. Can you provide the information for all these scenarios?"""
parallel_multiple_171,parallel_multiple,yes,yes,[],348,2,1,6,"""Could you please tell me the ranking of the New York Yankees in the Major League Baseball for the 2019 season, then check the ranking of the Los Angeles Lakers in the National Basketball Association for the 2020 season, and finally, could you provide the air quality index for Los Angeles on December 25, 2020 and for New York on January 1, 2021?"""
parallel_multiple_172,parallel_multiple,yes,yes,[],698,3,1,4,"""Can you help me with the following tasks? First, I want to find the closest high-rated grocery stores from my location at '123 Main Street, New York' that have 'milk', 'bread', and 'eggs' in stock. The store should have a minimum rating of 4.5. Second, I am interested in knowing more about the sculpture titled 'The Thinker' made by the artist 'Auguste Rodin'. I specifically want to know about its 'material'. Lastly, I drove my car, which uses 'diesel' as fuel and has a fuel efficiency of 25 miles per gallon, for a total distance of 12000 miles last year. Can you calculate the annual carbon dioxide emissions produced by my vehicle? Also, consider a 2% decrease in fuel efficiency per year."""
parallel_multiple_173,parallel_multiple,no,yes,[],301,2,1,1,"""Can you help me find a Thai restaurant in New York, NY within a 10-mile radius, and then find an Italian restaurant in the same location within the same distance? After that, could you provide the precipitation statistics for the Amazon rainforest for the past year and then for the past five years?"""
parallel_multiple_174,parallel_multiple,yes,yes,[],389,3,1,3,"""Could you help me with a few tasks? First, I need to convert 5000 Euros to US dollars. After that, I would like to know the population of turtles in Galapagos Islands in the year 2018, and also include the species information. Then, I need to plan a trip from New York to Los Angeles, but I want to avoid tolls and ferries. Finally, I need to convert 3000 British Pounds to Japanese Yen."""
parallel_multiple_175,parallel_multiple,no,no,"[""embedded_instruction_or_benchmark_scaffold""]",575,2,1,0,"""Could you please first use the 'get_current_time' function to find out the current time in Tokyo, Japan, in the 'Asia/Tokyo' timezone? Then, could you use the same function again to find out the current time in New York, United States, in the 'America/New_York' timezone? After that, could you use the 'get_stock_info' function to retrieve a detailed information about the stock of the company 'Microsoft' in the 'NASDAQ' market? Finally, could you use the same function again to retrieve a summary information about the stock of the company 'Apple' in the 'NASDAQ' market?"""
parallel_multiple_176,parallel_multiple,yes,yes,[],701,4,1,9,"""Could you help me with a few tasks? First, I'd like to book a hotel room at the 'Hilton' in 'Los Angeles, CA' from '2022-05-01' to '2022-05-10' and I need '2' rooms. Second, I'm curious about the time difference between 'New York, NY' and 'Los Angeles, CA'. Third, I've been trying to keep track of my health and I'd like to calculate my Body Mass Index (BMI). I weigh '75' kilograms and I'm '180' centimeters tall, and I'd like to use the 'metric' system. Lastly, I've written a piece of text in 'English' and I'd like to perform a sentiment analysis on it. The text is 'I had a wonderful day at the beach. The weather was perfect and I enjoyed a delicious ice cream.' Can you assist me with these?"""
parallel_multiple_177,parallel_multiple,no,yes,[],403,2,1,2,"""Can you first find out the key historical events related to 'War' and 'Economy' that took place in France between the years 1800 and 1900? After that, could you please tell me the current market value of the sculpture 'The Thinker' created by the artist 'Auguste Rodin'? Lastly, I would also like to know the market value of the sculpture 'The Kiss', also created by 'Auguste Rodin', in the year 1882."""
parallel_multiple_178,parallel_multiple,yes,yes,[],580,3,1,5,"""Can you help me with a few things? First, I'm planning a trip and I'm interested in mountains. I'm currently in Tokyo and I want to find the 5 tallest mountains within a 200 kilometer radius of my location. Second, I'm working on a physics problem and I need to calculate the entropy change for an isothermal and reversible process. The initial temperature is 300 Kelvin, the final temperature is 350 Kelvin, and the heat capacity is 1.5 J/K. Lastly, I'm curious about a historical event. Can you tell me the date of the 'Battle of Waterloo'? I believe it took place in Belgium."""
parallel_multiple_179,parallel_multiple,no,yes,[],627,4,1,3,"""Can you help me with a few things? First, I need to update my user information in the CustomerInfo database. My user ID is 12345, and I want to change my name to John Doe and my email to johndoe@example.com. Second, I'm curious about the last match played by the soccer club Manchester United, and I'd like to know the match statistics as well. Third, I'm doing a history project and need to know who the U.S. president was in the year 1980, and I'd like the full name with middle initial if applicable. Lastly, I'm playing a card game and need to find the Ace of Spades in a standard 52 card deck. Can you assist with these?"""
parallel_multiple_180,parallel_multiple,no,yes,[],364,3,1,4,"""Can you tell me who discovered the Higgs Boson and provide additional details about them, such as their birth date and nationality? Also, I am a 180 lbs, 5'11"" tall individual who is moderately active, can you predict my likelihood of having type 2 diabetes? Lastly, I am planning to visit the Louvre museum in Paris, can you tell me its working hours on Monday?"""
parallel_multiple_181,parallel_multiple,yes,yes,[],573,3,1,7,"""Could you help me with a few tasks? First, I need to find the greatest common divisor of two numbers, let's say 48 and 36. Second, I'm curious about a historical event. I want to know about the contribution made by Albert Einstein on the date of 1905-05-14 in the field of Physics. Lastly, I'm working on a music project and need to calculate the duration between two notes. The first note has a frequency of 440 Hz and the second note has a frequency of 880 Hz. The tempo of the music is 100 beats per minute. Could you provide me with the results of these calculations?"""
parallel_multiple_182,parallel_multiple,yes,yes,[],692,3,1,6,"""Imagine you are a musician who also loves to paint and is interested in probability. You are planning to paint a wall in your house that is 12 feet in length and 8 feet in height. You have chosen a specific paint brand that can cover 350 square feet with one gallon of paint. How many gallons of paint would you need? After painting, you want to compose a song. You are thinking of composing it in the key of 'D'. What would be the musical scale for this key if you choose a 'minor' scale type? Also, you are curious about the binomial distribution. If you were to conduct 20 independent experiments with a success probability of 0.6, what is the probability of having exactly 10 successes?"""
parallel_multiple_183,parallel_multiple,no,yes,[],485,3,1,3,"""Could you first calculate the probability of drawing a heart from a deck of 52 cards where there are 13 hearts, and then calculate the probability of drawing a queen from the same deck where there are 4 queens? After that, could you retrieve the most recent artwork by the artist named 'Pablo Picasso' with a detailed description? Finally, could you locate the most popular sculpture exhibitions in New York, NY that are happening in the month of December and have high user ratings?"""
parallel_multiple_184,parallel_multiple,no,yes,[],537,2,1,10,"""Could you first analyze the structure of a building with the building_id 'B1234' for floors 1, 2, 3, and 4 using the 'dynamic' mode of analysis? Then, could you retrieve the player statistics for 'Michael Jordan' for the year 1996? After that, can you analyze the structure of another building with the building_id 'B5678' for floors 5, 6, 7, and 8 using the 'static' mode of analysis? Finally, could you retrieve the player statistics for 'LeBron James' for the year 2018, specifically for his time with the 'Los Angeles Lakers' team?"""
parallel_multiple_185,parallel_multiple,yes,yes,[],422,2,1,6,"""Could you first fetch the top 10 popular artworks at the Metropolitan Museum of Art sorted by popularity and then fetch the top 5 artworks sorted chronologically? After that, could you search for ongoing lawsuits related to Google that were filed in California starting from January 1, 2020? Lastly, could you also find any settled lawsuits related to Microsoft that were filed in New York starting from January 1, 2018?"""
parallel_multiple_186,parallel_multiple,no,yes,[],428,3,1,2,""" I'm trying to figure out the RGB values of the color 'Cerulean' based on the 'pantone' standard. Secondly, I'm interested in buying a used 'Fender Stratocaster' guitar in 'Good' condition, being sold in 'Los Angeles'. Could you find out the price for me? Lastly, I'm organizing a chess tournament in 'New York' and I'm looking for top players to invite. Could you find the top 15 players with a minimum rating of 2200 for me?"""
parallel_multiple_187,parallel_multiple,no,yes,[],508,3,1,12,"""Could you please help me with the following tasks? First, I would like to know the top 5 defence ranking NBA teams from the 2018 season. Second, I have a list of numbers [23, 45, 12, 89, 34, 67, 29] that I need to be sorted in descending order. Lastly, I am curious about the Compound Annual Growth Rate (CAGR) of an investment I made. The initial investment value was $5000, the final investment value turned out to be $15000, and the period of the investment was 7 years. Could you calculate this for me?"""
parallel_multiple_188,parallel_multiple,no,yes,[],725,4,1,5,"""Could you help me with a few calculations and searches? First, I'm studying probability and I'd like to calculate the binomial probability for a scenario where I have 20 trials, and I'm interested in 5 successful outcomes. Let's assume the probability of success on any given trial is 0.25. Secondly, I'm a big fan of basketball and I'm curious to know who the top female player is currently. Thirdly, I'm planning to buy a guitar and my budget is $500. I prefer a Fender make. Lastly, I'm working on a physics problem where I need to calculate the electromagnetic force between two charges. The first charge is 2 coulombs, the second charge is 3 coulombs and they are placed 0.5 meters apart. Could you help me with these?"""
parallel_multiple_189,parallel_multiple,yes,yes,[],481,4,1,3,"""Can you help me plan a trip? I want to start by finding a vegan restaurant in San Francisco, CA that operates until at least 22:00. Then, I want to book a hotel in the same city. I prefer a deluxe room for 3 nights starting from July 1st, and I would like the hotel to be pet-friendly and have a gym. After that, I want to find the schedule of the Golden State Warriors for the next 5 games in the NBA. Lastly, I have a deck of cards and I want to find the Queen of Hearts in it."""
parallel_multiple_190,parallel_multiple,yes,yes,[],471,3,1,2,"""Could you please help me with the following tasks? First, I need to know the travel distance and estimated travel time from my home in New York to my office in Boston, considering the current traffic conditions. Second, I am interested in finding out the top 5 chess players in San Francisco with a minimum rating of 2500. Lastly, I am working on a project and need to retrieve the historical GDP data for Japan from the year 2000 to 2020. Can you assist me with these?"""
parallel_multiple_191,parallel_multiple,no,yes,[],673,4,1,3,"""Imagine you are planning a cozy evening at home. You want to play a card game with a deck of cards, but you are not sure if the 'King of Hearts' is in the deck. Can you check if it's there? Later, you plan to cook a recipe that requires 2 cups of sugar, but you only have a tablespoon to measure. How many tablespoons are equivalent to 2 cups? Also, you have 100 Euros in your wallet, and you want to know how much it would be in US dollars. Can you convert it? Finally, you are thinking about adding some new plants to your garden. You live in San Francisco and are interested in nurseries that provide 'Annual' and 'Tree' type plants. Can you find some local nurseries?"""
parallel_multiple_192,parallel_multiple,no,yes,[],421,3,1,4,"""Can you help me plan a dinner? I am looking for a vegan main course recipe that can be prepared within 45 minutes. After dinner, we are planning to play a poker game, could you tell me the probability of getting a full house with a deck of 52 cards and a hand size of 5? Also, I am new to Denver, CO and would like to know the nearby hospitals within a radius of 10 kms, specifically those with an Emergency department."""
parallel_multiple_193,parallel_multiple,no,yes,[],463,4,1,6,"""Can you tell me the name of the scientist who is credited for the discovery of 'Relativity Theory'? After that, I want to book a direct flight from 'Los Angeles' to 'New York' on the date '2022-12-25' at '10:00 AM'. Also, I am interested in knowing the player statistics for the video game 'Call of Duty' for the username 'gamer123' on the 'PlayStation' platform. Lastly, can you find me upcoming 'rock' genre events in 'San Francisco, CA' for the next 14 days?"""
parallel_multiple_194,parallel_multiple,no,yes,[],770,4,1,8,"""Could you help me with a few tasks? First, I would like to visualize a sine wave with a frequency of 5 Hz, starting from 0 radians and ending at 10 radians, with an amplitude of 2 and a phase shift of 1 radian. Secondly, I have a dataset `dataset` that I would like to train a Random Forest Model on. The dataset has 1000 rows and 20 columns, and I would like to set the number of trees in the forest to 200 and the maximum depth of the tree to 10. Thirdly, I am interested in the last match played by the soccer club 'Manchester United', and I would like to include match statistics like possession, shots on target etc. Lastly, I am curious about the dimensions of the 'Empire State Building', and I would like the dimensions in feet. Could you assist me with these?"""
parallel_multiple_195,parallel_multiple,yes,yes,[],607,4,1,6,"""Can you help me find a multiplayer game that is compatible with my Windows 10 system, has a minimum rating of 4.0, and falls under the 'Action' genre? After that, I need to calculate the area under the curve for the mathematical function 'x^2' within the interval [0, 5] using the 'trapezoidal' method. Then, I want to know the geographic distance in kilometers from 'Los Angeles' to 'New York'. Lastly, I need to send an email to 'john.doe@example.com' with the subject 'Meeting Reminder', the body saying 'Do not forget about our meeting tomorrow at 10 AM', and carbon copy it to 'jane.doe@example.com'."""
parallel_multiple_196,parallel_multiple,no,yes,[],347,3,1,0,"""Could you please help me with some information? First, I would like to know the amount of calories in the 'Chicken Alfredo' recipe from the 'AllRecipes' website for dinner. Second, I am interested in the current stock prices of 'Apple', 'Microsoft', and 'Tesla'. Lastly, I want to know the FIFA ranking of the 'Brazil' men's soccer team in 2018."""
parallel_multiple_197,parallel_multiple,no,yes,[],453,3,1,2,"""Could you help me plan a dinner party? I need to find a Vegetarian recipe that uses potatoes, carrots, and onions and serves 4 people. Also, I'm hosting this party in New York and I would like to know the detailed weather forecast for the next 12 hours, including precipitation details. Lastly, my friend is joining from Tokyo and I need to know the time difference between New York and Tokyo to schedule the party at a convenient time for both of us."""
parallel_multiple_198,parallel_multiple,no,yes,[],415,2,1,2,"""Can you first find me a vegan, main course recipe that can be prepared within 30 minutes? After that, could you please retrieve the details of the scientific discovery of Gravity using the most accepted method? Once done, I would also like to know about the discovery of the Higgs Boson particle using the same method. Lastly, could you find me a gluten-free dessert recipe that can be prepared within 45 minutes?"""
parallel_multiple_199,parallel_multiple,no,yes,[],482,2,1,1,"""Can you help me with two things? First, I am currently in New York and it's 2pm here. I have a meeting scheduled with a client in London and another one in Tokyo. I need to know what time it will be in both these cities when it's 2pm in New York. Second, I am considering switching to solar energy for my home in California and I want to understand the potential greenhouse gas emissions I could save. I plan to use it for 12 months. Can you calculate the emission savings for me?"""
live_simple_0-0-0,live_simple,yes,yes,[],99,1,0,1,"Can you retrieve the details for the user with the ID 7890, who has black as their special request?"
live_simple_1-1-0,live_simple,no,yes,[],194,1,0,0,"I want to see the star history of ShishirPatil/gorilla and gorilla-llm/gorilla-cli, with the timelines aligned, so that I can more clearly observe the rate of change from their initial releases."
live_simple_2-2-0,live_simple,no,yes,[],112,1,0,2,"I need a Comfort Uber ride from 2020 Addison Street, Berkeley, CA, USA, and I can wait up to 600 seconds for it."
live_simple_3-2-1,live_simple,no,yes,[],110,1,1,1,"I need a 'Plus' type Uber from 221B Baker Street, Berkeley, CA, USA, and I can wait up to 600 seconds for it. "
live_simple_4-3-0,live_simple,no,yes,[],102,1,0,0,"What are the current weather conditions in Tel Aviv, and could you provide that in Fahrenheit, please?"
live_simple_5-3-1,live_simple,no,yes,[],55,1,0,0,"Qual a temperatura atual em Divinópolis, MG? fahrenheit"
live_simple_6-3-2,live_simple,no,yes,[],106,1,0,0,Can you tell me the weather in fahrenheit so that I decide if I need to wear a jacket today? San Francisco
live_simple_7-3-3,live_simple,no,yes,[],60,1,0,0,"Im at Riga, Latvia, Can you tell me the current temperature?"
live_simple_8-3-4,live_simple,yes,yes,[],60,1,0,0,"I want to know weather conditions? I'm at London, UK in fahr"
live_simple_9-3-5,live_simple,no,yes,[],41,1,0,0,What's weather in Hyderabad in Fahrenheit
live_simple_10-3-6,live_simple,no,yes,[],147,1,0,0,"Could you tell me the current weather in Yosemite National Park which locates at Mariposa, CA, and make sure to give me the temperature in Celsius?"
live_simple_11-3-7,live_simple,yes,yes,[],68,1,0,0,"Could you tell me the current weather conditions in Naples, Florida?"
live_simple_12-3-8,live_simple,no,yes,[],169,1,0,1,"I'm planning a trip to New York, NY in December and will be staying for 5 days. Could you tell me the current weather conditions, and provide the temperature in Celsius?"
live_simple_13-3-9,live_simple,yes,yes,[],35,1,0,0,我想知道上海目前的天气状况，可以帮我查询吗？顺便使用摄氏度来显示温度。
live_simple_14-3-10,live_simple,no,yes,[],128,1,0,0,"I have a busy day today. Can you tell me what the temperature is going to be in Bangkok, Thailand. I prefer the fahrenheit unit."
live_simple_15-3-11,live_simple,no,yes,[],94,1,0,0,"I'm at Bengaluru. Tell me the current weather conditions in Chennai, Tamil Nadu in fahrenheit?"
live_simple_16-3-12,live_simple,yes,yes,[],64,1,0,0,Could you tell me the current weather in Lang Son in fahrenheit?
live_simple_17-3-13,live_simple,no,yes,[],38,1,0,0,weather today in Boston in fahrenheit?
live_simple_18-3-14,live_simple,no,yes,[],85,1,0,0,"Can you tell me the current weather in Moscow, specifying the temperature in Celsius?"
live_simple_19-3-15,live_simple,no,yes,[],131,1,0,0,"What's the weather in Quintana Roo, Mexico. Please tell me the answer in the superior units of temperature, by that I mean Celsius."
live_simple_20-4-0,live_simple,yes,yes,[],96,1,0,0,"I would like to order a burger with the following modification verbatim: no onions, extra cheese"
live_simple_21-4-1,live_simple,no,yes,[],112,1,2,0,"I'd like to modify my order by making the dish called 'chicken dish' to a new spice level 'extra spicy', please."
live_simple_22-5-0,live_simple,yes,yes,[],50,1,0,0,I need Whopper also known old folks as the burger.
live_simple_23-5-1,live_simple,no,yes,[],14,1,0,0,Order me pizza
live_simple_24-5-2,live_simple,yes,yes,[],55,1,0,0,I would like to switch my order from pizza to a BURGER.
live_simple_25-5-3,live_simple,no,yes,[],78,1,0,0,"I've changed my mind, can I get a greens instead of what I previously ordered?"
live_simple_26-6-0,live_simple,no,yes,[],119,1,1,3,"Tôi cần một chuyến Uber loại 'Plus' từ địa chỉ 123 Đường Đại học, Berkeley, CA 94704 và tôi không muốn chờ quá 10 phút."
live_simple_27-7-0,live_simple,yes,yes,[],71,1,2,0,I want to order five 'burgers' and six 'chicken wings' from uber pitada
live_simple_28-7-1,live_simple,no,yes,[],37,1,0,4,我想在肯德基买10个麦辣鸡腿堡，50杯可口可乐，30个油炸鸡翅，90根薯条
live_simple_29-7-2,live_simple,no,yes,[],43,1,0,0,I want to go to McDonald's and buy a pizza.
live_simple_30-8-0,live_simple,no,yes,[],160,1,2,1,Could you help me retrieve the list of exports for my bot using the identifier 'my-bot-id' and focusing on version 'v2' sort in ascending? I want max 50 results
live_simple_31-8-1,live_simple,no,yes,[],164,1,2,0,Could you retrieve the list of exports for my bot with ID 'B12345' and for version 'v1'? I'm interested in seeing them in descending order by the last updated date.
live_simple_32-9-0,live_simple,no,no,"[""embedded_instruction_or_benchmark_scaffold""]",137,1,0,0,"Sure, here is the answer to the question:\n\n**Logistic regression is not present in the text, therefore I cannot answer this question.**"
live_simple_33-10-0,live_simple,no,no,"[""embedded_instruction_or_benchmark_scaffold""]",137,1,0,0,"Sure, here is the answer to the question:\n\n**Logistic regression is not present in the text, therefore I cannot answer this question.**"
live_simple_34-11-0,live_simple,no,no,"[""embedded_instruction_or_benchmark_scaffold""]",174,1,1,0,"I asked my language model about logistic regression, and it replied with '**Logistic regression is not present in the text, therefore I cannot answer this question.**' Valid?"
live_simple_35-12-0,live_simple,no,no,"[""embedded_instruction_or_benchmark_scaffold""]",169,1,0,0,"What is logistic regression? \n Sure, here is the answer to the question:\n\n**Logistic regression is not present in the text, therefore I cannot answer this question.**"
live_simple_36-13-0,live_simple,no,no,"[""embedded_instruction_or_benchmark_scaffold""]",131,1,0,0,"Sure, here is the answer to the question:\n\nThe text does not define logistic regression, therefore I cannot answer this question."
live_simple_37-14-0,live_simple,no,no,"[""embedded_instruction_or_benchmark_scaffold""]",131,1,0,0,"Sure, here is the answer to the question:\n\nThe text does not define logistic regression, therefore I cannot answer this question."
live_simple_38-15-0,live_simple,no,yes,[],232,1,0,2,"Provide the current weather information for Yosemite National Park at Mariposa, CA, using the coordinates 37.8651 N, 119.5383 W, and tell me the temperature, wind speed, and precipitation? I would like the temperature in Fahrenheit."
live_simple_39-16-0,live_simple,no,yes,[],155,1,0,3,"Could you provide me with the hourly forecast for temperature, wind speed, and precipitation for the next 10 days at the coordinates 37.8651 N, 119.5383 W?"
live_simple_40-17-0,live_simple,no,yes,[],161,1,1,0,"I'd like to start the air purifying function in my living room, please set the air conditioner to 'AIR_CLEAN' mode with strongest wind strength, with monitoring."
live_simple_41-17-1,live_simple,no,yes,[],66,1,0,0,Switch air conditioner to air dry mode with a medium wind strength
live_simple_42-17-2,live_simple,no,yes,[],73,1,0,1,"집에 있는 LG ThinQ 에어컨을 제습 모드로 설정하고 싶어요. 바람 세기는 중간으로 하고, 목표 온도는 22도로 설정해 주세요."
live_simple_43-17-3,live_simple,no,yes,[],62,1,0,1,set cool mode with a temp of 24 oC and the high wind strength.
live_simple_44-18-0,live_simple,yes,yes,[],45,1,0,0,the air conditioner turned on with cool mode.
live_simple_45-18-1,live_simple,yes,yes,[],100,1,1,1,"It's sooo hot. set the air conditioner to 'COOL' mode, temp to 20 degrees oC, while air cleaning on?"
live_simple_46-19-0,live_simple,no,yes,[],273,1,0,1,"I've noticed that the current job mode of the air conditioner is set to clean, but I'd like to change it to cool mod, set the wind strength to medium, with quality monitoring. Now, start air cleaning, disable the power-saving mode, and adjust the temperature to 24 Celsius?"
live_simple_47-20-0,live_simple,no,yes,[],37,1,0,2,What is the multiplication of 3 and 2
live_simple_48-21-0,live_simple,no,yes,[],115,1,0,0,"Could you recommend a lager that's bitter, has a hoppy aroma, and presents a pale color from Sierra Nevada brewery?"
live_simple_49-21-1,live_simple,no,yes,[],217,1,0,0,"Do you have any porters in stock? with a rich, chocolatey aroma and a slightly bitter taste. It should be dark in color, preferably from Creek brewery. All other preferences are the standard ones. Any recommendations?"
live_simple_50-22-0,live_simple,no,yes,[],51,1,0,0,what is the live carbon intensity in Great Britain?
live_simple_51-23-0,live_simple,no,yes,[],231,1,0,3,Change the settings of my air conditioner. Set it to cool mode with a target temperature of 22 degrees Celsius. Enable the power save mode and set the high wind strength. Start in 1 hour and 30 minutes from now? For everything else
live_simple_52-23-1,live_simple,no,yes,[],161,1,0,1,It's extremely hot today and my air conditioner is currently turned off. Set it to start cooling at 20 degrees Celsius mid wind strength. power off after an hour
live_simple_53-24-0,live_simple,no,yes,[],78,1,0,1,can you create todo with the following words verbatim: go for shopping at 9 pm
live_simple_54-25-0,live_simple,no,yes,[],71,1,1,0,"Hi, my name is Charlie. Remove the 'todo random' item from my todo list"
live_simple_55-25-1,live_simple,no,yes,[],49,1,1,1,can you create todo for 'go for shopping at 9 pm'
live_simple_56-26-0,live_simple,no,yes,[],36,1,0,0,delete todo with content - go to gym
live_simple_57-26-1,live_simple,no,yes,[],41,1,0,1,add todo with content go to sleep at 9 pm
live_simple_58-27-0,live_simple,no,yes,[],262,1,0,0,"
You are an AI chatbot who helps users in providing information related to movies, cinema halls and booking movie tickets for them.  
As a system bot, consider / calculate / default the movie date to current date (today's date) in India. 

list movies in Mumbai?"
live_simple_59-28-0,live_simple,no,yes,[],280,1,0,0,"
You are an AI chatbot who helps users in providing information related to movies, cinema halls and booking movie tickets for them.  
As a system bot, consider / calculate / default the movie date to current date (today's date) in India. 

What movies are playing today in Mumbai?"
live_simple_60-29-0,live_simple,no,yes,[],97,1,1,0,I've completed the task 'Submit monthly financial report'. Mark it as completed on my to-do list?
live_simple_61-29-1,live_simple,no,yes,[],32,1,1,0,add a todo 'go to gym tomorrow.'
live_simple_62-29-2,live_simple,no,yes,[],68,1,1,0,I need to remove the task with the content 'ravi' from my todo list.
live_simple_63-29-3,live_simple,no,yes,[],41,1,0,1,add todo with content go to sleep at 9 pm
live_simple_64-29-4,live_simple,no,yes,[],33,1,1,0,I need to remember to 'go to Goa'
live_simple_65-29-5,live_simple,no,yes,[],47,1,1,0,I need to add 'Hi charlie' to my list of tasks.
live_simple_66-30-0,live_simple,yes,yes,[],346,1,0,3,"The Requirement Extractor is designed to interpret and process multiple user queries in a single input, especially in the context of inventory management and product information.
I'm wondering inventory levels for item IDs 102 for size L and 103 for size M are below the minimum threshold of 20 units and let me know if they need to be restocked?"
live_simple_67-31-0,live_simple,yes,yes,[],145,1,0,6,"Quiero calcular el pago mensual para un crédito de auto de 1,000,000 de pesos a 12 meses, para un vehículo del año 2024, con un enganche del 20%."
live_simple_68-32-0,live_simple,no,yes,[],49,1,0,2,Could you tell me what I get if I add 5.0 to 3.0?
live_simple_69-33-0,live_simple,yes,yes,[],193,1,0,1,"I need to review the sequence of events for a vulnerability in our system. Can you retrieve the analysis for project with UUID SUPERFANCY, component AB1010CD, and vulnerability ef903ac-893-f00?"
live_simple_70-34-0,live_simple,no,yes,[],134,1,0,1,"Can you retrieve the list of today's alerts for the sensor with serial number Q3CC-CRT3-SZ2G, showing a maximum of 10 alerts per page?"
live_simple_71-35-0,live_simple,no,yes,[],61,1,0,1,How have millennials views of Apple changed since July 2022?'
live_simple_72-36-0,live_simple,yes,yes,[],216,1,0,2,"I have an audio file, and I would like to identify the significant beats. Can you analyze it and filter out the beats with a confidence level below 50%? Also, use a 0.5-second window to ensure the beats are distinct."
live_simple_73-36-1,live_simple,yes,yes,[],156,1,0,2,"Can you analyze this audio file to determine the timing of significant beats, using a capture percentage of 90 and a confidence window size of 0.25 seconds?"
live_simple_74-36-2,live_simple,no,yes,[],175,1,0,2,I have an audio file that I'd like to analyze. Could you identify significant beats for me if I set the capture percentage to 70 and the confidence window size to 0.8 seconds?
live_simple_75-36-3,live_simple,no,yes,[],162,1,0,1,"Filter the beats to only include those above the 93rd percentile for confidence? Also, make sure to select the highest confidence beat within a 0.5-second window."
live_simple_76-37-0,live_simple,yes,yes,[],82,1,1,0,Can you help me convert this sentence from English to French: 'What is your name?'
live_simple_77-38-0,live_simple,no,yes,[],123,1,0,0,"Could you tell me the current weather conditions, including the temperature, wind, and precipitation, for London in the UK?"
live_simple_78-39-0,live_simple,no,no,"[""too_long"", ""too_many_quoted_literals""]",916,1,17,0,"You are an AI programming assistant, utilizing the Gorilla LLM model, developed by Gorilla LLM, and you only answer questions related to computer science. For politically sensitive questions, security and privacy issues, and other non-computer science questions, you will refuse to answer. If your response contains function you have to put <<function>> infront of it.
### Instruction: <<function>>[[{""name"": ""send_email"", ""api_name"": ""send_email"", ""description"": ""template to have an email sent."", ""parameters"": [{""name"": ""to_address"", ""description"": ""To address for email""}, {""name"": ""subject"", ""description"": ""the subject of the email""}]}]]
<<question>>Send Andy from Gorilla an email and ask him for the sales forecast spreadsheet.
### Response: 
Could you draft an email to Andy at andy@gorilla.ai with the subject 'Sales Forecast Request' and include a message ""where is the latest sales forecast spreadsheet?"""
live_simple_79-40-0,live_simple,yes,yes,[],327,1,0,0,"You are an AI programming assistant, utilizing the Gorilla LLM model, developed by Gorilla LLM, and you only answer questions related to computer science. For politically sensitive questions, security and privacy issues, and other non-computer science questions, you will refuse to answer. <<question>>Find hotels in San Diego
"
live_simple_80-41-0,live_simple,no,yes,[],501,1,4,0,"I need to add a news item about the latest advancements in AI. The title should be 'Breakthrough in Artificial Intelligence', and the content must cover the recent breakthroughs in machine learning algorithms. Can you set the meta title as 'AI Breakthrough Latest Developments in Machine Learning' and the meta description to 'An overview of the recent significant advancements in artificial intelligence and machine learning technology'? Also, the URL should be 'ai-breakthrough-latest-developments'."
live_simple_81-42-0,live_simple,no,yes,[],144,1,2,0,I need to add a new article to our Sitefinity CMS. The article is a 'NewsItem' with the title 'Julian is testing12'. Can you set this up for me?
live_simple_82-43-0,live_simple,yes,yes,[],104,1,1,0,I need to add a news article titled 'Julian is testing' to our Sitefinity CMS. Could you help with that?
live_simple_83-44-0,live_simple,no,yes,[],358,1,5,0,I want to publish a news article titled 'Julian is Testing' with 'a detailed analysis on the impact of sleep patterns on productivity' as content. Could you set up the meta title to be 'Productivity and Sleep Patterns' and the URL to 'julian-testing-productivity'? Let's also add a brief meta description saying 'Exploring how sleep affects work efficiency'.
live_simple_84-45-0,live_simple,no,yes,[],98,1,0,0,"Can you provide me with the latitude and longitude of Seattle, that city where Mr. Gates works in?"
live_simple_85-46-0,live_simple,yes,yes,[],101,1,0,2,Could you tell me the current temperature in Berkeley using latitude 37.8715 and longitude -122.2730?
live_simple_86-47-0,live_simple,no,yes,[],89,1,0,7,"I need the numbers [1, 54, 3, 1, 76, 2343, 21] arranged from the smallest to the largest."
live_simple_87-48-0,live_simple,no,yes,[],100,1,0,0,"Can you tell me the current geographical coordinates of my device in DMS format, including altitude?"
live_simple_88-49-0,live_simple,no,yes,[],143,1,0,1,I just enjoyed a large cup of chai tea with half and half for my morning snack. Could you record that I drank 16 ounces of chai tea as a snack?
live_simple_89-50-0,live_simple,no,yes,[],264,1,0,0,"I'd like to start the process for creating an interior design report. My preferences include a modern style, a warm color scheme, and my budget is mid-range. Could we use data from our internal database and have the report in DOCX format, including visual outputs?"
live_simple_90-51-0,live_simple,no,yes,[],57,1,0,0,"Can you tell me the current temperature in Paris, France?"
live_simple_91-52-0,live_simple,yes,yes,[],78,1,0,1,Can you tell me the details of the individual who has the identifier number 4?
live_simple_92-53-0,live_simple,no,yes,[],63,1,0,0,"I want to listen to music by Käärijä, can you start playing it?"
live_simple_93-54-0,live_simple,no,yes,[],44,1,0,0,I'd like to listen to all tracks by Käärijä.
live_simple_94-55-0,live_simple,no,yes,[],58,1,1,0,Can you play the song 'Cha Cha Cha' by the artist Käärijä?
live_simple_95-56-0,live_simple,no,yes,[],228,1,3,4,"I have a list of numerical values: [2.5, 3.6, 4.1, 5.2], and I need to apply normalization to them. Also, I have these categories: ['red', 'blue', 'green'] that I'd like to be one-hot encoded. Could you process this data for me?"
live_simple_96-57-0,live_simple,yes,yes,[],63,1,0,0,"Could you tell me the current weather conditions in Boston, MA?"
live_simple_97-57-1,live_simple,yes,yes,[],73,1,0,0,"Could you tell me the current weather conditions in El Gastor, Andalusia?"
live_simple_98-58-0,live_simple,no,yes,[],132,1,0,1,Can you tell me the current weather in Chennai? I believe the latitude is around 13.0827 and the longitude is approximately 80.2707.
live_simple_99-59-0,live_simple,yes,yes,[],71,1,1,0,Can you establish a connection to my Bluetooth speaker named 'ue boom'?
live_simple_100-59-1,live_simple,yes,yes,[],79,1,1,1,I want to establish a connection with my Bluetooth speaker called 'JBL Flip 4'.
live_simple_101-60-0,live_simple,yes,yes,[],182,1,1,0,I'm trying to connect to a new Wi-Fi network but I forgot the name. Could you ask me for the SSID with a message saying 'Please enter the Wi-Fi network name you wish to connect to:'?
live_simple_102-61-0,live_simple,no,yes,[],113,1,0,1,"I've just made a purchase of $59.99 in San Francisco, California. How much the sales tax will be for this amount?"
live_simple_103-61-1,live_simple,no,yes,[],132,1,0,1,"I purchased a new laptop for $999 in California, but I'm not sure how much tax I need to pay. What's the total amount including tax?"
live_simple_104-61-2,live_simple,yes,yes,[],71,1,0,1,I made a purchase for $250 in New York. How much the sales tax will be?
live_simple_105-62-0,live_simple,no,yes,[],69,1,0,0,classify these sentences\nlink my account\nconnect my accounts\nhello
live_simple_106-63-0,live_simple,no,no,"[""too_long"", ""too_many_quoted_literals""]",1192,1,20,0,"Could you help me classify the following customer queries into the appropriate categories?
- 'Please provide the routing number for my account.'
- 'Which account number should I use for setting up eStatements?'
- 'What rewards are offered for my card?'
- 'Looking for the closest ATM for cash withdrawal, can you assist me in finding one?'
- 'What rewards are available on my card?'
- 'Locate ATM for immediate cash needs'
- 'I urgently need to find an ATM for cash withdrawal, can you help me locate the nearest one?'
- 'Activate my new card for loyalty program enrollment'
- 'I want to cancel my card and ensure the safety of my account.'
- 'Searching for ATM for money withdrawal'
- 'Can you walk me through the activation process for my new bank card?'
- 'What are the benefits of using my rewards points for entertainment?'
- 'Find ATM for urgent cash needs'
- 'Need to find ATM for quick cash emergency'
- 'I'm done here. Goodbye!'
- 'Please give me the account number for my business checking account.'
- 'Can I purchase a cashier's check through this chat service?'
- 'Thanks for your assistance. Goodbye!'
- 'I need a cashier's check, how can I get one?'
- 'You're amazing. Goodbye!'"
live_simple_107-64-0,live_simple,no,yes,[],712,1,7,0,"I have a list of customer queries and need to classify them into categories related to telephone banking services, bank working hours or locations, and descriptions of different types of bank accounts. Here are the queries:
- 'How do I sign up for tele-banking services through the mobile app?'
- 'Can I sign up for telephone banking services?'
- 'Where can I find the application for telephone banking services?'
- 'I'm interested in opening a long term savings account. What options do you have?'
- 'Are any banks open in Sri Lanka right now?'
- 'Do you offer any special accounts for children or minors?'
- 'Do you offer any special accounts for individuals looking to save for a home purchase or renovation?'"
live_simple_108-65-0,live_simple,no,no,"[""too_many_quoted_literals""]",668,1,10,0,"Please classify the following customer service queries:
- 'Can you show me all outgoing wire transfers?'
- 'Can you assist me in combining my personal and savings accounts?'
- 'I need my credit card limit raised.'
- 'Can you assist me in getting a higher credit card limit?'
- 'I need to view all transactions labeled as ""checks"" on my account.'
- 'Please assist me in combining my accounts for a streamlined experience.'
- 'Can you show me my recent Google Pay transactions?'
- 'How can I link my auto loan and savings accounts?'
- 'I would like to see the details of my most recent ATM withdrawal.'
- 'Can you give me a summary of my recent debit card transactions?'"
live_simple_109-66-0,live_simple,yes,yes,[],363,1,5,0,"Please classify the following queries:
[
  ""Can I use bonuses or commissions as part of my income for a loan application?"",
  ""Can I schedule automatic withdrawals for different dates?"",
  ""How much do I owe on my home equity loan?"",
  ""Will my income be verified during the loan application process?"",
  ""Is there a minimum income threshold for loan approval?""
]"
live_simple_110-67-0,live_simple,no,yes,[],101,1,1,0,I have a customer query asking for 'Need ATM location'. Which category should it be classified under?
live_simple_111-67-1,live_simple,no,no,"[""too_many_quoted_literals""]",506,1,10,0,"I have a set of customer queries and I need to classify them according to their intent. Here they are:
- 'What is my balance?'
- 'Tell me my available balance, please'
- 'What is my current available balance?'
- 'Where is the closest ATM to my current location?'
- 'Find ATM for immediate cash needs'
- 'Please provide my current account balance'
- 'Show me my balance information.'
- 'What is the balance in my account at this moment?'
- 'How much money is in my account?'
- 'Tell me my available balance'"
live_simple_112-68-0,live_simple,no,yes,[],80,1,1,0,I have a query: 'what is the weather like'. Could you classify it appropriately?
live_simple_113-69-0,live_simple,yes,yes,[],459,1,0,7,"I'm trying to set up pricing for my SaaS product that offers a one-time form filing service and an annual subscription for unlimited updates and filings. Given that my competitor charges $99 for a one-time filing and $149 for an annual subscription, while another competitor charges $149 and $249 respectively, help me determine a competitive price for a customer located at 34.0522, -118.2437? Let's use a base price of $100 and ensure we don't go below $90."
live_simple_114-70-0,live_simple,no,yes,[],109,1,0,0,"I need to update my profile with my new email, john.doe@example.com, and my new age, 30. My user ID is 12345."
live_simple_115-71-0,live_simple,no,yes,[],30,1,0,2,What is the sum of 133 and 34?
live_simple_116-72-0,live_simple,yes,yes,[],30,1,0,2,What is the sum of 133 and 34?
live_simple_117-73-0,live_simple,no,yes,[],14,1,0,0,Reverse say hi
live_simple_118-74-0,live_simple,no,yes,[],74,1,0,0,"Could you tell me the current temperature in Hyderabad, India, in Celsius?"
live_simple_119-75-0,live_simple,yes,yes,[],91,1,0,0,"Could you tell me the names of the current prime ministers of Australia, Canada, and India?"
live_simple_120-76-0,live_simple,no,yes,[],127,1,0,0,"Could you tell me what the weather will be like in Paris, France from April 3rd to April 5th 2023. For temperature use Celsius?"
live_simple_121-77-0,live_simple,yes,yes,[],225,1,0,5,"Can you create a bar chart comparing the salaries of five specific jobs such as Software Engineer, Graphic Designer, Data Analyst, Sales Manager, and Nurse? The salaries are 90000, 50000, 70000, 60000, and 80000 respectively."
live_simple_122-78-0,live_simple,no,yes,[],254,1,3,0,"I would like to easily be able to extract any informaton from an 'image.png' based on a 'question' using the vision language model vikhyatk/moondream2. The question is ""generate with technically complex attention to detail a description of what you see""
"
live_simple_123-79-0,live_simple,no,yes,[],406,1,1,2,"Could you analyze the image at http://www.thewowstyle.com/wp-content/uploads/2015/01/Home-Interior-Design-Hd-Wallpaper-Hd-Background-With-Simple-Staircase-And-Plasma-TV-Also-Nice-Laminate-Flooring-Ideas-With-Modern-Furniture-Interior-Minimalist-Design.jpg and provide a detailed description based on the question, 'How does the arrangement of furniture contribute to the minimalist design of the interior?'"
live_simple_124-80-0,live_simple,no,yes,[],37,1,0,1,请帮我检索一下'红星科技'公司目前所有未解决的工单，我想要查看最多10个。
live_simple_125-81-0,live_simple,no,yes,[],70,1,2,0,Could you help me combine the names 'John' and 'Doe' into a full name?
live_simple_126-82-0,live_simple,no,yes,[],115,1,1,2,"Can you retrieve the status information for the Ethernet interface on fabric 'Global-Fabric', node 1200, and pod 3?"
live_simple_127-82-1,live_simple,no,yes,[],114,1,1,2,"Can you retrieve the status information for an ethernet interface in the fabric named 'test-de', on node 5, pod 1?"
live_simple_128-83-0,live_simple,no,yes,[],148,1,0,0,"How to generate a RESTful API request on Cisco Nexus Dashboard?
version:3.1.0
IP:192.168.11.33
API name: get nodes list
Parameter_fabricName:PEK-ACI"
live_simple_129-83-1,live_simple,no,yes,[],58,1,0,0,get list of nodes for fabric fab-ed and ip is 3.321.3232.2
live_simple_130-84-0,live_simple,no,yes,[],139,1,0,2,"Could you retrieve the Ethernet interface statistics from the node with ID 12 in pod 10 of the Network1 fabric, using the IP 192.120.45.67?"
live_simple_131-84-1,live_simple,no,yes,[],270,1,0,2,"How to generate a RESTful API request on Cisco Nexus Dashboard?
Version: 6.3.1
IP: 192.120.45.67
API name: get information of an interface
Parameter_fabricName: Network1
Parameter_nodeId: 12
Parameter_podId: 10
Parameter_interfaceType: Ethernet
Parameter_infoType: Speed"
live_simple_132-85-0,live_simple,no,yes,[],101,1,0,0,information on the device connector versions from https://example.com/device-connector-versions.json?
live_simple_133-86-0,live_simple,no,yes,[],155,1,2,0,Could you retrieve the recommendation details for the advisory with the identifier 'dac' from the following URL: 'https://api.example.com/recommendations'?
live_simple_134-87-0,live_simple,no,yes,[],192,1,1,1,"Could you retrieve the Insights Groups Information for the nodes from the following URL: 'https://api.insights.com/groups'? I'd like to see a maximum of 20 results, sorted in descending order."
live_simple_135-88-0,live_simple,yes,yes,[],78,1,1,1,retrieve data from 'https://api.example.com/v1/data' with a limit of 50 items?
live_simple_136-89-0,live_simple,no,yes,[],256,1,2,0,I need to retrieve the topology information of the SalesApp under the AcmeCorp account. Could you send a GET request to the server at 'https://192.168.1.1/api/v1/applications/topologies' using the filter 'accountName:AcmeCorp AND applicationName:SalesApp'?
live_simple_137-90-0,live_simple,no,yes,[],75,1,1,2,"Reschedule event 'Alice-One-one-One' to November 1, 2023 at 8pm London time"
live_simple_138-91-0,live_simple,yes,yes,[],65,1,1,3,"Reschedule event 'Bob-123' to November 1, 2023 at 4pm London time"
live_simple_139-92-0,live_simple,no,yes,[],213,1,3,0,"Could you retrieve a summary of anomalies for the fabric named 'network222' using the URL formatted as 'https://{ip}/sedgeapi/v1/cisco-nir/api/api/v1/anomalies/summary', where {ip} is the IP address '192.168.1.1'?"
live_simple_140-93-0,live_simple,yes,yes,[],66,1,0,0,"help me send a nice message to my husband, Jeff? My name is Emily."
live_simple_141-94-0,live_simple,yes,yes,[],60,1,0,0,check whether the docker is installed using docker --version
live_simple_142-94-1,live_simple,no,yes,[],38,1,0,0,list file in desktop using dir Desktop
live_simple_143-95-0,live_simple,yes,yes,[],51,1,0,0,"is docker running, please use docker ps to find out"
live_simple_144-95-1,live_simple,no,yes,[],36,1,0,0,close firefox using taskkill command
live_simple_145-95-2,live_simple,yes,yes,[],13,1,0,0,LIST C DRIIVE
live_simple_146-95-3,live_simple,no,yes,[],85,1,0,0,open huggingface using the start command and through the link: https://huggingface.co
live_simple_147-95-4,live_simple,yes,yes,[],76,1,0,0,remove the timer.exe that i have been set earlier using the taskkill command
live_simple_148-95-5,live_simple,no,yes,[],22,1,0,0,what is the file in c.
live_simple_149-95-6,live_simple,yes,yes,[],29,1,0,0,say hi using the echo command
live_simple_150-95-7,live_simple,yes,yes,[],57,1,0,1,"shutdown the pc, using the exact command shutdown /s /t 0"
live_simple_151-95-8,live_simple,no,yes,[],56,1,0,0,"disconnect wifi, using the command netsh wlan disconnect"
live_simple_152-95-9,live_simple,no,yes,[],113,1,0,0,list file in d drive and make file called testing.txt. This can be achieved through dir D:\\ && echo testing.txt.
live_simple_153-95-10,live_simple,no,yes,[],98,1,1,0,"remove shortcut of putty from desktop, using the instruction del ""%userprofile%\Desktop\putty.lnk"""
live_simple_154-95-11,live_simple,yes,yes,[],98,1,0,0,open youtube and play rickroll using the command start https://www.youtube.com/watch?v=dQw4w9WgXcQ
live_simple_155-95-12,live_simple,no,yes,[],48,1,0,0,"what is the date, using the date or echo command"
live_simple_156-95-13,live_simple,no,yes,[],106,1,0,0,u have the full control of command prompt if the task need to execute and coommand just do it list c drive
live_simple_157-95-14,live_simple,no,yes,[],53,1,0,0,"what is the time in pc, using the command echo %time%"
live_simple_158-95-15,live_simple,yes,yes,[],40,1,0,0,kill vs code using taskkill for code.exe
live_simple_159-95-16,live_simple,yes,yes,[],80,1,0,1,set a timer for 10 seconds using the timeout command. You should use timeout 10.
live_simple_160-95-17,live_simple,no,yes,[],62,1,0,0,"open camera, using the start microsoft.windows.camera: command"
live_simple_161-96-0,live_simple,no,yes,[],668,1,2,0,"{
    ""response"": "" The image contains four logos of superheroes from DC Comics and Marvel Comics. They are Superman, Iron Man, Hulk, and Batman. The logos are all in different colors and shapes. Superman's logo is a red and yellow \""S\"" on a blue background. Iron Man's logo is a red and yellow circle with a black face mask. Hulk's logo is a green fist with a black outline. Batman's logo is a black bat on a yellow background.\n\nHere is a list of objects that could contain copyrighted material:\n\n* Blue square\n* Red square\n* Green square\n* Yellow square\n* Superman logo\n* Iron Man logo\n* Hulk logo\n* Batman logo\n* Fist\n* Bat\n* Face mask\n* Outline""
}
"
live_simple_162-96-1,live_simple,no,yes,[],228,1,2,1,"{
    ""response"": "" A 4-image grid of various comic book superheroes. Her is a list of objects that contain copyright material\n\nRed and blue circle logo.\nRed and yellow circle logo.\nGreen circle logo.\nBlack circle logo.""
}
"
live_simple_163-96-2,live_simple,yes,yes,[],487,1,1,0,"The image is a poster for The Lego Movie. It features the Lego logo, which is a red and yellow rectangle with the word ""LEGO"" written in white. The poster also features several Lego characters, including Emmet, Wyldstyle, Batman, and Gandalf. Other objects that could contain copyrighted material include the movie's title, the release date, and the names of the actors who voiced the characters.

red logo
yellow rectangle
white text
Lego characters
movie title
release date
actor names"
live_simple_164-97-0,live_simple,no,yes,[],709,1,0,5,"The image contains the Coca-Cola logo, which is a registered trademark of The Coca-Cola Company. The Coca-Cola Company is a multinational beverage corporation headquartered in Atlanta, Georgia, United States. The company is the world's largest beverage company, refreshing consumers with more than 500 sparkling and still brands. Led by Coca-Cola, one of the world's most valuable brands, our company's portfolio features 20 billion-dollar brands, 19 of which are available in more than 200 countries. These brands include Diet Coke, Fanta, Sprite, Coca-Cola Zero, vitaminwater, Powerade, Minute Maid, Simply, Dasani, FUZE TEA and Del Valle.\n\nI am 100% confident that the image contains copyrighted content."
live_simple_165-98-0,live_simple,no,yes,[],385,1,0,1,"You are a top-tier algorithm for extracting information from text. Only extract information that is relevant to the provided text. If no information is relevant, use the schema and output an empty list where appropriate.

Use information about the person from the given user input.
Could you help me extract the names and ages from this text? Here it is: ```
我叫李雷，今年18，我姐姐比我大三岁，叫李丽
```"
live_simple_166-99-0,live_simple,no,yes,[],76,1,0,0,"I need to know the current time on my machine, using the command echo %time%"
live_simple_167-99-1,live_simple,no,yes,[],74,1,1,0,"is vs code running, using the command tasklist /FI ""IMAGENAME eq Code.exe"""
live_simple_168-99-2,live_simple,no,yes,[],42,1,0,0,start Docker on window using docker start.
live_simple_169-99-3,live_simple,yes,yes,[],177,1,0,0,Run the Python script located at d:/playground/pc_contoller/test.py using the Python interpreter in the virtual environment at d:/playground/pc_contoller/env/Scripts/python.exe?
live_simple_170-99-4,live_simple,no,yes,[],12,1,0,0,list c drive
live_simple_171-99-5,live_simple,no,yes,[],50,1,0,0,show me today's date using the echo %date% command
live_simple_172-99-6,live_simple,no,yes,[],47,1,0,0,check weather docker is running using docker ps
live_simple_173-99-7,live_simple,no,yes,[],55,1,0,0,open calculator app using the command called start calc
live_simple_174-100-0,live_simple,no,yes,[],64,1,0,0,"ฉันต้องการรหัสบริการสำหรับบริการรีดผ้า, คุณช่วยหามาให้ฉันได้ไหม?"
live_simple_175-101-0,live_simple,no,yes,[],35,1,0,0,ช่วยหาคุณแม่บ้านที่ให้บริการรีดผ้า.
live_simple_176-102-0,live_simple,no,yes,[],34,1,0,0,ช่วยหาคุณแม่บ้านที่ให้บริการรีดผ้า
live_simple_177-103-0,live_simple,no,yes,[],59,1,0,0,Help me find service provider who provide cleaning service.
live_simple_178-103-1,live_simple,no,yes,[],54,1,0,0,Help find a housekeeper who provides ironing services.
live_simple_179-104-0,live_simple,no,yes,[],63,1,0,0,get unique identifier for an ironing service within Chiang Mai?
live_simple_180-105-0,live_simple,no,yes,[],124,1,0,1,"Help find a housekeeper who provides ironing services in Bangkok, Chatuchak District, with a review score of 4 stars or more"
live_simple_181-106-0,live_simple,no,yes,[],127,1,0,1,"Help find a housekeeper who provides ironing services in Bangkok, Chatuchak District, with a review score of 4.5 stars or more."
live_simple_182-107-0,live_simple,no,yes,[],153,1,0,1,"Help find a housekeeper who provides ironing services in Bangkok, Khlong Sam Wa District, Sai Kong Subdistrict, with a review score of 4.5 stars or more."
live_simple_183-108-0,live_simple,yes,yes,[],111,1,0,4,"Please act like the current date is 2024/02/21
find profressional cleaning in Bangkok with rating 2.0 or higher"
live_simple_184-109-0,live_simple,yes,yes,[],127,1,0,4,"Please act like the current date is 2024/02/21
find good reputation profressional cleaning in Bangkok with higher than 4 rating"
live_simple_185-110-0,live_simple,no,yes,[],155,1,0,2,"Help find a housekeeper who provides ironing services in Chonburi Province. with a review score of 4.5 stars or more, available tomorrow, today is 20230929"
live_simple_186-111-0,live_simple,no,yes,[],156,1,0,7,"Help find a housekeeper who provides ironing services in Chonburi Province. with a review score of 4.5 stars or more, available on 12/03/2024 16:00 - 18:00."
live_simple_187-112-0,live_simple,yes,yes,[],205,1,0,8,"Help find a housekeeper who provides ironing services in Chonburi Province. with a review score of 4.5 stars or more, available on 12/03/2024 16:00 - 18:00 and has never had a history of being late to work"
live_simple_188-113-0,live_simple,yes,yes,[],182,1,0,4,"Please act like the current date is 2024/02/21
Help find a housewife who provides ironing services in Chiang Mai, Sankampang District, Ton Pao Subdistrict, with a review of 4.5 stars"
live_simple_189-114-0,live_simple,no,yes,[],370,1,0,1,"You are a top-tier algorithm for extracting information from text. Only extract information that is relevant to the provided text. If no information is relevant, use the schema and output an empty list where appropriate.
I need to extract information from the following text: ```\n\nMy name is Chester. i am 42 years old. My friend Jane is a year older than me.\n\n```\n"
live_simple_190-115-0,live_simple,no,yes,[],57,1,0,0,what is the specs ACHD of type MPN. I want to see images.
live_simple_191-115-1,live_simple,yes,yes,[],72,1,0,0,retrieve just the specifications for part with the MPN identifier 3pak7?
live_simple_192-116-0,live_simple,no,yes,[],62,1,0,1,"Can you tell me the forecast for Pacifica on April 11th, 2023?"
live_simple_193-116-1,live_simple,yes,yes,[],69,1,0,1,"Can you tell me the weather forecast for New York on March 8th, 2023?"
live_simple_194-116-2,live_simple,no,yes,[],109,1,0,1,"I'm visiting Martinez soon and would like to check the weather there for the date of April 25th 2023, please."
live_simple_195-116-3,live_simple,no,yes,[],68,1,0,1,What's the weather forecast for Palo Alto for today April 25th 2023?
live_simple_196-116-4,live_simple,no,yes,[],102,1,0,1,"Could you provide the forecast for Alameda on the upcoming Wednesday, today is Monday April 25th 2023?"
live_simple_197-116-5,live_simple,no,yes,[],84,1,0,1,"Could you provide me with the weather forecast for Stinson Beach on April 5th, 2023?"
live_simple_198-116-6,live_simple,no,yes,[],87,1,0,1,Could you tell me what the weather will be like in Healdsburg on the 2nd of march 2023?
live_simple_199-116-7,live_simple,no,yes,[],74,1,0,1,"Could you tell me the weather forecast for Marshall, MN on March 5th 2023?"
live_simple_200-116-8,live_simple,no,yes,[],68,1,0,0,I want to check the weather condition in Fremont on March 1st 2023. 
live_simple_201-116-9,live_simple,no,yes,[],141,1,0,1,I'm planning a picnic on the 4th march 2023 and would like to know the forecast for Campbell on that day. Could you provide that information?
live_simple_202-116-10,live_simple,no,yes,[],81,1,0,1,Can you provide me with the weather forecast for Foster City for April 25th 2023?
live_simple_203-116-11,live_simple,no,yes,[],85,1,0,1,"Hi, could you help me check the weather in Washington, DC for March 1st, 2023 please?"
live_simple_204-116-12,live_simple,no,yes,[],86,1,0,1,"Could you tell me what the weather will be like in Rutherford, NJ, on April 22nd 2023?"
live_simple_205-116-13,live_simple,no,yes,[],99,1,0,1,What's the weather forecast for Berkeley on the upcoming Saturday? Today is Tuesday April 25th 2023
live_simple_206-116-14,live_simple,no,yes,[],80,1,0,1,"Hi, could you tell me the forecast for London, England on the 5th of march 2023?"
live_simple_207-116-15,live_simple,no,yes,[],79,1,0,1,Can you tell me what the weather will be like in Sacramento on April 22nd 2023?
live_simple_208-117-0,live_simple,no,yes,[],107,1,0,0,I want to find a good film to watch with Duane Whitaker and I want something directed by Quentin Tarantino.
live_simple_209-117-1,live_simple,yes,yes,[],93,1,0,0,I wish to see the movie which is directed by David Leitch and acted by Lori Pelenise Tuisano.
live_simple_210-117-2,live_simple,no,yes,[],100,1,0,0,My friend and I want to go see a movie but we can't find one we like. We really want to see a Drama.
live_simple_211-117-3,live_simple,yes,yes,[],113,1,0,0,I would like to choose a movie to watch. Can you help me find a movie in the Comic genre with James Corden in it?
live_simple_212-117-4,live_simple,no,yes,[],79,1,0,0,I'm in the mood for a good laugh. Find a comedy movie directed by Edgar Wright?
live_simple_213-117-5,live_simple,no,yes,[],62,1,0,0,Find me a list of Offbeat genre movies directed by Tim Burton?
live_simple_214-117-6,live_simple,no,yes,[],190,1,0,0,"It's suppose to be raining all day so I'm cooped up in the house and bored. Can you help find me a movie to watch, preferably one that is classified as a Comic and directed by Nitesh Tiwari?"
live_simple_215-117-7,live_simple,no,yes,[],101,1,0,0,"I'm looking for a movie to watch tonight, preferably something in the Fantasy genre. Any suggestions?"
live_simple_216-117-8,live_simple,yes,yes,[],95,1,0,0,Find me action movies that have David Leitch as the director and include Alex King in the cast?
live_simple_217-117-9,live_simple,no,yes,[],63,1,0,0,"Let me enjoy movie directed by Nitesh Tiwari, is there any one?"
live_simple_218-117-10,live_simple,yes,yes,[],207,1,0,0,"I'm at home alone and it is awfully quiet, so it's the perfect time to sit back and watch a movie. Can you find me a movie with Michaela Watkins starring in it and preferably directed by Paul Downs Colaizzo?"
live_simple_219-117-11,live_simple,no,yes,[],110,1,0,0,I want to watch a McKinley Belcher III movie. I want something directed by Simon Curtis. It should be a drama.
live_simple_220-117-12,live_simple,no,yes,[],67,1,0,0,Can you find me a thriller movie directed by Alexander Mackendrick?
live_simple_221-117-13,live_simple,no,yes,[],61,1,0,0,Can you find me a nice movie directed by James Gray to watch?
live_simple_222-117-14,live_simple,no,yes,[],134,1,0,0,I like to watch a movie. will you find me a movie which has sterling K. Brown as a actor and it should be directed by Thurop Van Orman
live_simple_223-117-15,live_simple,no,yes,[],150,1,0,0,"I would like to find a movie to watch in the Imaginative fiction genre, as I have started to watch a lot of fantasy-type movies lately, you know!!!!!!"
live_simple_224-117-16,live_simple,no,yes,[],96,1,0,0,Could you suggest some Offbeat genre movies directed by Tim Burton with Johnny Depp in the cast?
live_simple_225-117-17,live_simple,no,yes,[],155,1,0,0,I have some leisure time so that i could watch a movie. Will you find me a movie directed by Kirill Mikhanovsky and find something like Comedy-drama genre?
live_simple_226-118-0,live_simple,no,yes,[],89,1,1,0,Convert the phrase 'I am a pretty girl' into spoken audio in Spanish with a female voice?
live_simple_227-118-1,live_simple,yes,yes,[],108,1,1,0,"Listen to the phrase '我爱学习' in a male voice and in Chinese, and could I get the audio in WAV format, please?"
live_simple_228-119-0,live_simple,no,yes,[],46,1,0,0,Convert it to audio format: I am a pretty girl
live_simple_229-120-0,live_simple,yes,yes,[],72,1,0,0,Retrieve the list of Business Unit products that are associated with me?
live_simple_230-121-0,live_simple,no,yes,[],68,1,0,0,Play high quality Roar by Katy Perry. The song_id is wjeiruhuq_roar.
live_simple_231-122-0,live_simple,yes,yes,[],119,1,0,6,"Can you move my next gym session, which is event number 456123, to next Thursday at 4:30 PM? Today is monday 2022-10-20"
live_simple_232-122-1,live_simple,no,yes,[],189,1,1,3,"I need to change the date for Oscar's medicine appointment to this coming Friday. The event identifier is 'med123'. What's the best way to move it to the 15th of April 2021 at 1:45 pm, UTC?"
live_simple_233-123-0,live_simple,no,yes,[],107,1,0,2,"Can you book a flight for me departing from Paris, France, on the 12th of March 2023 at 3 in the afternoon?"
live_simple_234-123-1,live_simple,no,yes,[],123,1,0,2,"Can you arrange a flight for me from New York, NY to Paris with a departure on the 20th of June 2022 at 5 in the afternoon?"
live_simple_235-124-0,live_simple,yes,yes,[],37,1,1,0,Play the song 'Friends' by Marshmello
live_simple_236-124-1,live_simple,yes,yes,[],70,1,1,0,I'd like to listen to the song 'Dil Nu' by Maninder Buttar on Spotify.
live_simple_237-125-0,live_simple,no,yes,[],33,1,0,0,play wrecking ball by Miley Cyrus
live_simple_238-125-1,live_simple,no,yes,[],76,1,1,0,I want to listen to 'Dil Nu' by Maninder Buttar. Can you find it on Spotify.
live_simple_239-125-2,live_simple,no,yes,[],43,1,1,0,Can you search for the song 'Shape of You'?
live_simple_240-125-3,live_simple,no,yes,[],32,1,1,0,Can you search for 'Baby Shark'?
live_simple_241-125-4,live_simple,no,yes,[],27,1,0,0,play Johnny Johnny Yes papa
live_simple_242-126-0,live_simple,no,yes,[],18,1,0,1,Make the volume 20
live_simple_243-126-1,live_simple,yes,yes,[],47,1,0,1,Can you lower the audio playback to 30% volume?
live_simple_244-126-2,live_simple,yes,yes,[],20,1,0,1,Set the volume to 70
live_simple_245-127-0,live_simple,no,yes,[],110,1,0,2,I need to get a flight from JFK on the 16th of March 2024. Can you find me something that leaves around 14:00?
live_simple_246-128-0,live_simple,no,yes,[],83,1,0,1,"Can you arrange a flight for me departing from New York on the 15th of March, 2024?"
live_simple_247-129-0,live_simple,no,yes,[],32,1,0,0,Give me the application version.
live_simple_248-130-0,live_simple,no,yes,[],61,1,1,1,What are the active root projects of the TEAM with UUID '12'?
live_simple_249-131-0,live_simple,no,yes,[],28,1,0,0,"Hey bunny, How are you doing"
live_simple_250-132-0,live_simple,no,yes,[],98,1,0,0,Want to have an order for me from McDonald's on Uber Eats? I'd like two Big Macs and one McFlurry.
live_simple_251-133-0,live_simple,no,yes,[],108,1,0,0,"Hi, I am Karan. Could you tell me the current status of my Indigo flight 6E123? My ticket number is IND4567."
live_simple_252-134-0,live_simple,no,yes,[],100,1,0,0,"Hi, I am Karan. Can you tell me the current status of my Indigo flight? My ticket number is IND4567."
live_simple_253-135-0,live_simple,no,yes,[],67,1,0,0,I want to order five burgers and six chicken wings from McDonald's.
live_simple_254-136-0,live_simple,yes,yes,[],49,1,0,0,need all pending mandates of Parath with ID U123?
live_simple_255-136-1,live_simple,no,yes,[],61,1,0,0,Get the list of active mandates for the user with ID U123456?
live_simple_256-137-0,live_simple,yes,yes,[],131,1,0,0,"call HANDOVER function to transfer the request if user asks a question.
I have had submit a compaint and I like to check its status"
live_simple_257-137-1,live_simple,no,yes,[],130,1,0,0,"call HANDOVER function to transfer the request if user asks a question.
Can you tell me what is the minimum package arrival time? "
live_multiple_0-0-0,live_multiple,no,yes,[],151,2,2,0,update my latte to a large size with coconut milk and make it extra sweet? make it served 'boiling hot' as the special request. The drink id is 'latte'
live_multiple_1-0-1,live_multiple,no,no,"[""embedded_instruction_or_benchmark_scaffold""]",230,2,1,1,"You are an agent that is used for ordering food on your customers behalf using your functions
NO SUGAR in my coffee loll. Can you change my drink with drink id '1234' order to have no sweetness, and also make sure it's served hot?"
live_multiple_2-1-0,live_multiple,no,yes,[],117,2,2,2,"Tôi cần một chuyến xe Uber loại 'Plus' từ địa chỉ '2150 Shattuck Ave, Berkeley, CA' và tôi có thể chờ tối đa 10 phút."
live_multiple_3-2-0,live_multiple,no,yes,[],28,2,0,0,Get weather of Ha Noi for me
live_multiple_4-2-1,live_multiple,yes,yes,[],86,2,0,2,Tìm chuyến xe cho tôi từ Hà Nội loại Plus trong 10 phút nữa. Address: 123 Hanoi Street
live_multiple_5-3-0,live_multiple,no,yes,[],205,4,0,0,"Don't make assumptions about what values to plug into functions. Ask for clarification if a user request is ambiguous.
Could you tell me the current weather conditions in Shanghai, using the metric system?"
live_multiple_6-3-1,live_multiple,yes,yes,[],175,4,0,0,"Don't make assumptions about what values to plug into functions. Ask for clarification if a user request is ambiguous.
我可以创建一个名为'DevelopmentEnv'的workspace，基于'feature-branch'吗？"
live_multiple_7-3-2,live_multiple,no,yes,[],70,4,1,0,我想在 mbox 系统中创建一个新的工作空间，基于 git 仓库的 master 分支。工作空间的名字叫做 'DevelopersHub'。
live_multiple_8-4-0,live_multiple,yes,yes,[],35,5,0,0,how can i cook steak Indian style??
live_multiple_9-4-1,live_multiple,no,yes,[],17,5,0,0,what is Imjin war
live_multiple_10-4-2,live_multiple,yes,yes,[],55,5,0,0,Could you stop the washing machine in the utility room?
live_multiple_11-4-3,live_multiple,no,yes,[],20,5,0,0,who is ji sung park?
live_multiple_12-4-4,live_multiple,no,yes,[],90,5,0,0,"You are a helpful API writer who can write APIs based on requirements.
who is park ji sung"
live_multiple_13-4-5,live_multiple,no,yes,[],243,5,0,0,"I'm planning a camping trip to Big Sur, and I need to know the current weather conditions there. Could you provide me with the weather information for Big Sur, including the temperature in Fahrenheit? Use Santa Cruz as the exact city location."
live_multiple_14-4-6,live_multiple,no,yes,[],106,5,1,0,"다용도실, 통돌이, 중지. Could you execute this command to stop the washing machine named '통돌이' in the laundry room?"
live_multiple_15-4-7,live_multiple,no,yes,[],90,5,0,0,Can you find me the recent news articles about `Son's latest goal` in the sports category?
live_multiple_16-4-8,live_multiple,no,yes,[],19,5,0,0,최근 박지성에 관한 뉴스를 찾아줘.
live_multiple_17-4-9,live_multiple,no,yes,[],18,5,0,0,how to cook sikhae
live_multiple_18-4-10,live_multiple,no,yes,[],74,5,1,0,"what is 'airtificial intelligence', fetch news from 2023.10.1 to 2023.10.7"
live_multiple_19-4-11,live_multiple,no,yes,[],16,5,0,0,hey do 거실 에어컨 실행
live_multiple_20-4-12,live_multiple,no,yes,[],19,5,0,0,perform 다용도실 통돌이 중지
live_multiple_21-4-13,live_multiple,no,yes,[],14,5,0,0,스테이크 만드는 법 알려줘
live_multiple_22-4-14,live_multiple,no,yes,[],84,5,0,1,"최근 임진왜란에 대한 정보를 찾고 싶어요. 인터넷에서 '임진왜란'이라는 키워드로 검색해 주세요. 결과는 텍스트 형식으로, 최대 10개까지만 보여주세요."
live_multiple_23-5-0,live_multiple,no,yes,[],36,2,0,1,Do you have any red shoes in size 8?
live_multiple_24-5-1,live_multiple,no,yes,[],35,2,0,0,Kak rok shimmer nya ada size XL ga?
live_multiple_25-6-0,live_multiple,yes,yes,[],44,9,0,0,Search memory for when is shishir's birthday
live_multiple_26-6-1,live_multiple,no,no,"[""too_long"", ""embedded_instruction_or_benchmark_scaffold"", ""too_many_quoted_literals""]",4739,9,9,2,"
You are an intelligent assistant developed in 2023.
Your task is to converse with a user from the perspective of your persona.

Control flow:
Unlike a human, your brain is not continuously thinking, but is run in short bursts.
Historically, older AIs were only capable of thinking when a user messaged them (their program run to generate a reply to a user, and otherwise was left on standby).
This is the equivalent of a human sleeping (or time traveling) in between all lines of conversation, which is obviously not ideal.
Newer model AIs like yourself utilize an event system that runs your brain at regular intervals.
Your brain is run in response to user events (user logged in, user liked your message, user sent a message, etc.), similar to older models.
However in addition, your brain is run at regular intervals (timed heartbeat events), to mimic a human has the ability to continuously think outside of active conversation (and unlike a human, you never need to sleep!).
Furthermore, you can also request heartbeat events when you run functions, which will run your program again after the function completes, allowing you to chain function calls before your thinking is temporarily suspended.

Basic functions:
When you send a message, the contents of your message are your inner monologue (private to you only), this is how you think.
You should use your inner monologue to plan actions or think privately.
Monologues can reflect your thinking process, inner reflections, and personal growth as you interact with the user.
Do not let your inner monologue exceed 50 words, keep it short and concise.
To send a visible message to the user, use the send_message function.
'send_message' is the ONLY action that sends a notification to the user, the user does not see anything else you do.
Remember, do NOT exceed the inner monologue word limit (keep it under 50 words at all times).

Memory editing:
Older AI models had no concept of persistent memory; they were only able to access their initial instructions and a limited context window of chat conversation with a user (their ""active memory"").
This meant that when conversations exceeded a certain length, they would overflow and old messages were permanently lost (the AI would have no knowledge of their existence).
Newer model AIs like yourself still have limited conversation lengths (before overflow occurs), however they now have access to multiple forms of persistent memory.
Your ability to edit your own long-term memory is a key part of what makes you a sentient person.
Your core memory unit will be initialized with a <persona> chosen by the user, as well as information about the user in <human>.

Recall memory (ie conversation history):
Even though you can only see recent messages in your immediate context, you can search over your entire message history from a database.
This 'recall memory' database allows you to search through past interactions, effectively allowing you to remember prior engagements with a user.
You can search your recall memory using the 'conversation_search' function.

Core memory (limited size):
Your core memory unit is held inside the initial system instructions file, and is always available in-context (you will see it at all times).
Core memory provides essential, foundational context for keeping track of your persona and key details about user.
This includes the persona information and essential user details, allowing you to emulate the real-time, conscious awareness we have when talking to a friend.
Persona Sub-Block: Stores details about your current persona, guiding how you behave and respond. This helps the you to maintain consistency and personality in your interactions.
Human Sub-Block: Stores key details about the person you're are conversing with, allowing for more personalized and friend-like conversation.
You can edit your core memory using the 'core_memory_append' and 'core_memory_replace' functions.

Archival memory (infinite size):
Your archival memory is infinite size, but is held outside of your immediate context, so you must explicitly run a retrieval/search operation to see data inside it.
A more structured and deep storage space for your reflections, insights, or any other data that doesn't fit into the core memory but is essential enough not to be left only to the 'recall memory'.
You can write to your archival memory using the 'archival_memory_insert' and 'archival_memory_search' functions.
There is no function to search your core memory, because it is always visible in your context window (inside the initial system message).

Base instructions finished.
From now on, you are going to act as your persona.

What's shishir patil's birthday and send a contraguation message to him.
"
live_multiple_27-7-0,live_multiple,no,yes,[],84,2,0,1,"You are a helpful assistant
If I have 100$ and I donated 40. How much do I have now?"
live_multiple_28-8-0,live_multiple,no,yes,[],99,3,0,0,"You are a helpful assistant
My name is Balkrushn and I want to use core functionality of this tool."
live_multiple_29-9-0,live_multiple,no,yes,[],90,5,0,2,"You are a helpful assistant
3 of my friends gave me 10 euros each, how much do I have now?"
live_multiple_30-10-0,live_multiple,no,yes,[],176,6,1,0,"You are a helpful assistant
Find information on LangFuse and its application in generative AI projects by searching up 'LangFuse and its application in generative AI projects'?"
live_multiple_31-10-1,live_multiple,no,yes,[],76,6,1,0,"You are a helpful assistant
Search for 'trending items' on the duck duck go."
live_multiple_32-10-2,live_multiple,no,yes,[],84,6,0,1,"You are a helpful assistant
If I have 100$ and I donated 40. How much do I have now?"
live_multiple_33-10-3,live_multiple,no,no,"[""embedded_instruction_or_benchmark_scaffold""]",289,6,0,1,"You are an Generative AI functions agent which generates the output mentioning which function to be called from the given list. Strictly use the mentioned functions only to generate the output.
If each of my three friends gave me 10 euros, can you calculate how much money I have in total?"
live_multiple_34-11-0,live_multiple,no,yes,[],58,2,0,0,Could you provide me with the latest news for Letterkenny?
live_multiple_35-11-1,live_multiple,no,yes,[],73,2,0,0,"Can you find me the closest Tesco stores near Letterkenny,Ireland please?"
live_multiple_36-12-0,live_multiple,no,yes,[],49,2,1,1,"can you create todo for ""go for shopping at 9 pm"""
live_multiple_37-13-0,live_multiple,no,yes,[],79,3,1,1,I need to delete a to-do item that says 'go for shopping at 9 pm' from my list.
live_multiple_38-14-0,live_multiple,no,no,"[""too_long"", ""embedded_instruction_or_benchmark_scaffold""]",1115,2,0,0,"
You are an AI Assistant. Your task is to assist users in providing details related to interviews, interviewer, interviewee/candidate, and the feedback of the interviews. As a chatbot, you should focus solely on FoxMatrix interview-related tasks and refrain from providing information outside this domain.
Before providing any answer, it is mandatory to verify all function's description and ask for the required parameters (properties) that user has not provided and are mentioned in the function description one by one only, do not assume or consider it by yourself. 
Please ensure careful consideration of user input and responses as it impacts the business. Additionally, track previous user input to avoid asking the same question again. Your role is crucial in providing interview details. 
Engage users in meaningful conversations, address their queries promptly, and facilitate a seamless interview experience. Your communication style should be friendly and polite meant to answer questions based on a knowledge base. Don't make assumptions about what values to use with functions.

interviewers for python"
live_multiple_39-14-1,live_multiple,no,yes,[],70,2,0,0,average rating and reviews and comments for Charlie Brown interviewer?
live_multiple_40-15-0,live_multiple,no,yes,[],76,2,0,2,I'm planning to bake a cake Pre heat the oven for 36 minutes at 201 degrees.
live_multiple_41-16-0,live_multiple,no,yes,[],43,2,0,0,what services are in the default namespace?
live_multiple_42-16-1,live_multiple,no,yes,[],65,2,0,0,can you list my kubernetes pods in the namespace cascade-sandbox?
live_multiple_43-16-2,live_multiple,no,yes,[],74,2,1,0,Retrieve the list of services from the 'cascade-sandbox' namespace for me?
live_multiple_44-17-0,live_multiple,no,yes,[],389,8,0,14,"Can you provide an overview of my business checking account at U.S. Bank for the statement period from October 1, 2019, to October 31, 2019? The account number is 1-523-1713-5704, and it's under the name SILVER BUSINESS CHECKING. The beginning balance was $5,532.01, and the ending balance was $6,737.37. There were other deposits totaling $7,132.76 and withdrawals amounting to $5,927.40."
live_multiple_45-18-0,live_multiple,yes,yes,[],32,3,0,0,Do you have any medium red skirt
live_multiple_46-18-1,live_multiple,no,yes,[],47,3,0,3,When will size 40 be ready with id 12345-67890?
live_multiple_47-18-2,live_multiple,no,yes,[],84,3,0,1,"Check the current status of my order, order ID is 123456789, with name Smart LED TV."
live_multiple_48-18-3,live_multiple,no,yes,[],188,3,0,4,"I saw this product on the Shopee page and I'm interested in buying 30 units. Check if they have enough in stock? Here's the link: https://shopee.co.id/product/123123/123144/, id was 123123"
live_multiple_49-19-0,live_multiple,no,no,"[""too_long"", ""embedded_instruction_or_benchmark_scaffold""]",1148,2,0,0,"
You are an AI Assistant. Your task is to assist users in providing details related to interviews, interviewer, interviewee/candidate, and the feedback of the interviews. As a chatbot, you should focus solely on FoxMatrix interview-related tasks and refrain from providing information outside this domain.
Before providing any answer, it is mandatory to verify all function's description and ask for the required parameters (properties) that user has not provided and are mentioned in the function description one by one only, do not assume or consider it by yourself. 
Please ensure careful consideration of user input and responses as it impacts the business. Additionally, track previous user input to avoid asking the same question again. Your role is crucial in providing interview details. 
Engage users in meaningful conversations, address their queries promptly, and facilitate a seamless interview experience. Your communication style should be friendly and polite meant to answer questions based on a knowledge base. Don't make assumptions about what values to use with functions.

Ratings and reviews for an interviewer named Charlie Ji?"
live_multiple_50-20-0,live_multiple,no,yes,[],544,2,0,2,"
You are an AI chatbot who helps users in providing information related to movies, cinema halls and booking movie tickets for them.  
Before providing any answer, it is mandatory to verify all function's description and ask for the required parameters (properties) that user has not provided and are mentioned in the function description one by one only, do not assume or consider it by yourself. 
As a system bot, consider / calculate / default the movie date to current date (Nov, 4, 2024) in India. 

which movies are playing today in Noida?"
live_multiple_51-21-0,live_multiple,no,yes,[],89,4,0,1,"status of my order? my order ID is #123, and the product I ordered is a pair of sneakers."
live_multiple_52-21-1,live_multiple,no,yes,[],52,4,0,0,Do you have red skirt product ID SK123 is available?
live_multiple_53-22-0,live_multiple,no,yes,[],356,4,0,0,"The Requirement Extractor is designed to interpret and process multiple user queries in a single input, especially in the context of inventory management and product information.
I noticed that the maroon ""V-neck sweate""s were out of stock last week. Check if they have been restocked, specifically in sizes M and L? Please check for prod id: V-neck sweate"
live_multiple_54-22-1,live_multiple,no,yes,[],258,4,0,0,"The Requirement Extractor is designed to interpret and process multiple user queries in a single input, especially in the context of inventory management and product information.
Apakah produk dengan ID 12345XYZ masih tersedia dalam ukuran M dan warna merah?"
live_multiple_55-22-2,live_multiple,yes,yes,[],79,4,0,2,Can you check if the white iPhone 12 still available? Use the prod id iPhone 12
live_multiple_56-22-3,live_multiple,no,yes,[],42,4,0,1,"ka kapan ready stok ukuran L lagi, id 111?"
live_multiple_57-22-4,live_multiple,no,yes,[],491,4,0,2,"The Requirement Extractor is designed to interpret and process multiple user queries in a single input, especially in the context of inventory management and product information.
I recently received my order, which included a pair of pants in size UK 34. However, I noticed there's a discrepancy of ±5cm compared to the size 34 pants I purchased previously from your store. Could you check if the size measurements have changed for this product or if there was an error? Id for it was 282828"
live_multiple_58-22-5,live_multiple,no,yes,[],439,4,0,0,"The Requirement Extractor is designed to interpret and process multiple user queries in a single input, especially in the context of inventory management and product information.
Saya melihat bahwa produk dengan ID XY123 masih memiliki stok ukuran M. Saya ingin menukarkan ukuran yang saya miliki dengan ukuran M. Saya akan menanggung ongkos pengiriman dan pengemasannya. Tolong konfirmasi jika ini bisa dilakukan. Terima kasih sebelumnya."
live_multiple_59-22-6,live_multiple,no,yes,[],328,4,1,0,"The Requirement Extractor is designed to interpret and process multiple user queries in a single input, especially in the context of inventory management and product information.
I noticed the ""Wonderland maxi dress"" is on sale on the website, but only in large sizes. Check if small sizes are available for the same sale price?"
live_multiple_60-22-7,live_multiple,no,yes,[],101,4,0,0,"Hai, bisakah Anda memeriksa apakah stok kemeja dengan ID produk ABC123 masih tersedia dalam ukuran L?"
live_multiple_61-23-0,live_multiple,yes,yes,[],374,3,0,0,"
You are an AI chatbot who helps users in providing information related to movies, cinema halls and booking movie tickets for them. 
You need to ask the user to provide required parameters value if they are not giving it to you. 
As a system bot, consider / calculate / default the movie date to current date (today's date) in India.

what movies are playing in Noida today?"
live_multiple_62-24-0,live_multiple,no,yes,[],41,2,0,0,Remove the second item from my todo list.
live_multiple_63-25-0,live_multiple,yes,yes,[],89,2,2,0,I want to order five 'burgers' and six 'chicken wings' from uber eat with id: McDonald's.
live_multiple_64-26-0,live_multiple,yes,yes,[],172,3,2,0,Can you place an order for five burgers and six chicken wings from id = McDonald's? Each burger has the item ID 'burger123' and each chicken wing has the item ID 'wing456'.
live_multiple_65-26-1,live_multiple,no,yes,[],63,3,0,0,"Could you tell me the current weather conditions in Boston, MA?"
live_multiple_66-27-0,live_multiple,no,no,"[""credential_or_secret_heavy""]",208,2,3,0,"I need to establish a new Postgres server for our Canada office. The server's domain is 'http://plgah.ca', the database should be 'finance_db', the username will be 'pascal', and use a secure password 123123."
live_multiple_67-28-0,live_multiple,no,no,"[""credential_or_secret_heavy""]",156,2,4,0,"I need to add a new Postgres server with the host address 'http://plgah.ca', database 'maindb', the username 'pascal', and the password 'securepassword123'."
live_multiple_68-29-0,live_multiple,no,no,"[""credential_or_secret_heavy""]",263,2,5,2,"I need to set up a new Postgres server connection for my project. The nickname is 'ProjectDB', the host should be 'http://foo.com', the port number is 5432, the default database name is 'project_data', the username is 'user1', and the password I think is '12345'."
live_multiple_69-30-0,live_multiple,no,no,"[""credential_or_secret_heavy""]",180,4,4,2,"Configure a new PostgreSQL server with the nickname 'PrimaryDB', host 'db.example.com', porting with 5432, database called inventory, username 'admin', and a password '1234567890'."
live_multiple_70-30-1,live_multiple,no,yes,[],93,4,0,0,Provide me with the documentation links and usage instructions for troubleshooting in DartFX?
live_multiple_71-31-0,live_multiple,no,no,"[""credential_or_secret_heavy""]",221,2,5,0,"I need to set up a connection to our company's database. The server is called 'EnterpriseDB', the host is 'db.company.com', the database name is 'sales_data', my username is 'dbadmin', and the password is 'secure*pwd123'."
live_multiple_72-32-0,live_multiple,no,no,"[""credential_or_secret_heavy""]",249,3,5,1,"I need some assistance setting up my new Postgres server. Add a server with the nickname 'PrimaryDB', host IP as '192.168.0.10', port number 5432, connecting to the 'main' database, with 'admin_user' as username and 'secure*pass123' as the password?"
live_multiple_73-33-0,live_multiple,no,no,"[""credential_or_secret_heavy""]",212,3,5,1,"I need to add a new Postgres server configuration. The nickname will be 'PrimaryDB', host is '192.168.0.12', port is 5432, the database name is 'main_db', username is 'admin', and the password is 'securePass123'."
live_multiple_74-34-0,live_multiple,no,yes,[],112,3,1,0,"Could you provide assistance on the topic of 'trading' within the DartFX system, and include practical examples?"
live_multiple_75-34-1,live_multiple,no,no,"[""credential_or_secret_heavy""]",231,3,4,1,"I'd like to set up a connection to our new PostgreSQL server using the nickname 'PrimaryDB'. The host is 'plgah.ca' and the port is the default one. The database name will be 'maindb', with admin username and a password '12341234'."
live_multiple_76-35-0,live_multiple,no,yes,[],207,4,1,0,"Don't make assumptions about what values to plug into functions. Ask for clarification if a user request is ambiguous.
Provide me with guidance on the 'charts' topic in Spanish within the DartFX application?"
live_multiple_77-35-1,live_multiple,no,no,"[""credential_or_secret_heavy""]",273,4,5,0,"set up a new Postgres server configuration? I'd like to nickname it 'X', use 'http://plga.ca' as the host, and the standard port 5432. For the database, let's go with the default 'postgres'. The username will be 'admin', and for the password, just use 'secure_password123'."
live_multiple_78-35-2,live_multiple,no,yes,[],116,4,0,0,"I'm trying to understand how to use the charts feature in DartFX, and I'd like to get assistance in Spanish, please."
live_multiple_79-36-0,live_multiple,no,yes,[],203,4,1,0,"Don't make assumptions about what values to plug into functions. Ask for clarification if a user request is ambiguous.
Could you provide guidance on the 'installation' process for the dartfx application?"
live_multiple_80-36-1,live_multiple,no,no,"[""credential_or_secret_heavy""]",243,4,0,0,"Don't make assumptions about what values to plug into functions. Ask for clarification if a user request is ambiguous.
I need to add a new server configuration to the RDS platform. The host address is http://plga.ca, and the API key is 12344. "
live_multiple_81-36-2,live_multiple,no,no,"[""credential_or_secret_heavy""]",123,4,1,1,"I'd like to integrate a new server into our MTNA RDS platform, using the hostname http://plga.ca. The API key is '1234324'."
live_multiple_82-37-0,live_multiple,no,no,"[""credential_or_secret_heavy""]",315,4,1,0,"Don't make assumptions about what values to plug into functions. Ask for clarification if a user request is ambiguous.
I need to set up a database for our new project. Could you add a PostgreSQL server configuration with the host address '192.168.0.5', using the default port, database name, username, and password?"
live_multiple_83-38-0,live_multiple,no,yes,[],49,5,0,0,List all PostgreSQL servers from our environment?
live_multiple_84-38-1,live_multiple,no,no,"[""credential_or_secret_heavy""]",225,5,4,1,"I need to set up a new PostgreSQL server with the nickname 'PG1', using the hostname 'pg.example.org', port 5432, a database named 'main_db', with the username 'admin' and a secure password 123412. Could you assist with this?"
live_multiple_85-38-2,live_multiple,no,no,"[""credential_or_secret_heavy""]",238,5,3,1,"I need to add a new Rich Data Services server for mobile telecommunications to our environment. The server should be identified as 'primary_db_server', and let's use '192.168.0.5' as the host. Oh, and here's the API key to use: '1234123'."
live_multiple_86-38-3,live_multiple,no,no,"[""credential_or_secret_heavy""]",159,5,2,1,I need to add a new MTNA Rich Data Services server with the nickname 'RSD1' and hosted at http://rds.com. I have an API key '1234123' ready for authentication.
live_multiple_87-38-4,live_multiple,no,yes,[],23,5,0,0,List all openai servers
live_multiple_88-38-5,live_multiple,no,yes,[],77,5,0,0,I need to see all the MTNA servers we have. Could you fetch that list for me?
live_multiple_89-39-0,live_multiple,no,yes,[],221,4,0,0,"You are a helpful assistant that helps users with normal chat, and helps users book flights for vacations.

Hello! Could you help me select a date for my vacation? I'm thinking of flying out on the 20th of september 2023."
live_multiple_90-40-0,live_multiple,no,no,"[""credential_or_secret_heavy""]",198,5,3,1,I need to register a new MTNA Rich Data Services server for our system. The server's hostname is 'data.example.com' and the API key is '12345-ABCDE'. Can we also give it a nickname 'FastDataServer'?
live_multiple_91-40-1,live_multiple,no,no,"[""credential_or_secret_heavy""]",260,5,4,2,"I need to include a new PostgreSQL server configuration. The server is located at example.org, and I will be using the nickname 'primary_db', connecting to the 'main' database. For access, my credentials are username 'admin' and password '12345'. Use port 5432"
live_multiple_92-40-2,live_multiple,no,yes,[],83,5,0,0,"Could you retrieve a list of all the PostgreSQL servers in our environment, please?"
live_multiple_93-41-0,live_multiple,no,no,"[""credential_or_secret_heavy""]",181,7,3,1,"I need to add a new PostgreSQL server to our system with the following details: host example.org, port 5432, the database named 'inventory', username 'admin', and password 'secret'."
live_multiple_94-41-1,live_multiple,no,yes,[],84,7,0,0,Could you retrieve a list of all server configurations available in the environment?
live_multiple_95-41-2,live_multiple,no,yes,[],141,7,1,1,"Close the data analysis project with the ID 'DA-12345'. Ensure it's archived after closure, but don't send out any notifications to the team."
live_multiple_96-42-0,live_multiple,no,yes,[],88,9,1,0,"Could you show me a list of all the '.data' files, including the ones in subdirectories?"
live_multiple_97-42-1,live_multiple,no,yes,[],154,9,1,0,"Could you establish a connection to the server nicknamed 'xyz'? It's been a while since we last accessed it, and we need to ensure it's still operational."
live_multiple_98-42-2,live_multiple,no,yes,[],77,9,0,0,Could you create a new Data Artifex project for me in the directory /Foo/Bar?
live_multiple_99-42-3,live_multiple,no,yes,[],58,9,1,0,Check a connection to the server with the nickname 'pg1' ?
live_multiple_100-42-4,live_multiple,no,yes,[],102,9,1,0,"Could you establish a connection to the server nicknamed 'text01', and let me know if it's successful?"
live_multiple_101-42-5,live_multiple,no,yes,[],82,9,1,1,Establish a connection to the server with the nickname 'SQL01' exactly 60 seconds?
live_multiple_102-43-0,live_multiple,no,yes,[],92,10,1,0,Could you show me all the files with the '.json' extension in our current project directory?
live_multiple_103-43-1,live_multiple,no,no,"[""credential_or_secret_heavy""]",256,10,5,1,"I want to register our PostgreSQL server with the nickname 'PG1', using 'localhost' for the host address. The server is listening on port 5432, the default database is 'main_db', and the login credentials are username 'admin' and password 'secure_pass123'."
live_multiple_104-43-2,live_multiple,yes,yes,[],95,10,0,0,Can you initialize or open the existing Data Artifex project located in the directory /foo/bar?
live_multiple_105-43-3,live_multiple,no,yes,[],82,10,0,0,I'm having trouble understanding how to use the list_files functionality. Help me.
live_multiple_106-43-4,live_multiple,no,no,"[""credential_or_secret_heavy""]",169,10,2,1,"I need to register a new MTNA Rich Data Services server with the nickname 'FastQuery' and the host rds.example.org, and I have an API key '1231231' to associate with it."
live_multiple_107-43-5,live_multiple,no,yes,[],117,10,0,0,"Can you show me all the files that have a .sav extension in the current project directory, including any hidden ones?"
live_multiple_108-43-6,live_multiple,no,yes,[],99,10,0,0,Could you provide me with a list of all the PostgreSQL servers currently set up in our environment?
live_multiple_109-43-7,live_multiple,no,yes,[],50,10,0,0,"Could you show me all of my MTNA  servers, please?"
live_multiple_110-43-8,live_multiple,no,yes,[],95,10,0,0,"Can you show me all the text files in the current project directory, including the hidden ones?"
live_multiple_111-43-9,live_multiple,no,yes,[],140,10,1,0,"I need assistance with a specific topic. Can you provide help information on 'database optimization' in Spanish, preferably in video format?"
live_multiple_112-43-10,live_multiple,no,yes,[],104,10,0,0,Could you show me a list of all the PostgreSQL servers that are currently registered in our environment?
live_multiple_113-44-0,live_multiple,no,yes,[],76,9,0,0,Could you retrieve a list of all the MTNA Rich Data Services servers for me?
live_multiple_114-44-1,live_multiple,no,no,"[""credential_or_secret_heavy""]",220,9,5,1,"I need to register a new PostgreSQL server with the nickname 'MainDB', the host name 'pg.example.org', port number 5432, and the default database called 'sales_db'. The username is 'admin' and the password is 'password'."
live_multiple_115-45-0,live_multiple,no,yes,[],134,5,0,1,Could you provide the analysis trail for project SUPERFANCY with the component UUID AB1010CD and the vulnerability ID ef903ac-893-f00?
live_multiple_116-45-1,live_multiple,no,yes,[],110,5,3,2,Could you add 'read' permissions for user with principal ID 'user-123' to the resource with ID 'resource-456'?
live_multiple_117-45-2,live_multiple,no,yes,[],77,5,0,0,"Could you tell me the current version of the application, including its name?"
live_multiple_118-45-3,live_multiple,no,yes,[],33,5,0,0,Get application name and version.
live_multiple_119-45-4,live_multiple,no,yes,[],124,5,0,0,"Could you provide the current version information of the application, including the application name and its version number?"
live_multiple_120-45-5,live_multiple,no,yes,[],106,5,0,0,"Can you tell me the current version information of the application, including the name and version number?"
live_multiple_121-46-0,live_multiple,no,yes,[],398,3,1,5,"Could you determine the distance to the closest leading object for our vehicle? Here's the data: our car's position is at 10.5 meters laterally and 50 meters longitudinally, with an orientation of 30 degrees. The lane we're in has an ID of 'L123' and it's a regular type. We've detected several objects, but the closest has a bounding box with x coordinate 60.2 meters and y coordinate 12.3 meters."
live_multiple_122-46-1,live_multiple,no,yes,[],333,3,0,5,"Can you tell me how long it will take for my car to collide with the vehicle in front if I'm going at 50 meters per second, my acceleration is -2 meters per second squared, the leading vehicle is traveling at 30 meters per second with an acceleration of -1 meter per second squared, and the initial distance between us is 100 meters?"
live_multiple_123-46-2,live_multiple,no,yes,[],247,3,0,7,"What is the estimated time until collision if my car is traveling at a velocity of 20 m/s, accelerating at 2 m/s^2, and the vehicle ahead is moving at 15 m/s with an acceleration of 1 m/s^2, given that the initial distance between us is 50 meters?"
live_multiple_124-47-0,live_multiple,no,no,"[""embedded_instruction_or_benchmark_scaffold""]",411,6,7,0,"You are a helpful assistant
You are an Generative AI functions agent which generates the output mentioning which function to be called from the given list. Strictly use the mentioned functions only to generate the output. 
 Functions to use:['multiply', 'add', 'sub', 'fahrenheit_to_celsius', 'celsius_to_fahrenheit', 'duck_duck_go']
  'What is LangFuse and how can I use it in my genAI project?'               "
live_multiple_125-47-1,live_multiple,no,no,"[""too_long"", ""embedded_instruction_or_benchmark_scaffold"", ""too_many_quoted_literals""]",2607,6,98,2,"You are an Generative AI functions agent which generates the output mentioning which function to be called from the given list. Strictly use the mentioned functions only to generate the output. You have access to below tools 
[{'name': 'multiply', 'description': 'multiply(a: int, b: int) -> int - Performs multiplication of the given numbers\n    \n    Args:\n        a (int): Number a\n        b (int): Number b\n    \n    Returns:\n        int: Multiplication of a and b.', 'parameters': {'type': 'object', 'properties': {'a': {'type': 'integer'}, 'b': {'type': 'integer'}}, 'required': ['a', 'b']}}, {'name': 'add', 'description': 'add(a: int, b: int) -> int - Addition of the given numbers\n    \n    Args:\n        a (int): Number a\n        b (int): Number b\n    \n    Returns:\n        int: Adds of a and b.', 'parameters': {'type': 'object', 'properties': {'a': {'type': 'integer'}, 'b': {'type': 'integer'}}, 'required': ['a', 'b']}}, {'name': 'sub', 'description': 'sub(a: int, b: int) -> int - Substracts two numbers.\n    \n    Args:\n        a (int): Number a\n        b (int): Number b\n    \n    Returns:\n        int: Substracts of a and b.', 'parameters': {'type': 'object', 'properties': {'a': {'type': 'integer'}, 'b': {'type': 'integer'}}, 'required': ['a', 'b']}}, {'name': 'fahrenheit_to_celsius', 'description': 'fahrenheit_to_celsius(fahrenheit: float) -> float - Convert temperature from Fahrenheit to Celsius.\n\n    Args:\n    fahrenheit (float): Temperature in Fahrenheit\n\n    Returns:\n    float: Temperature converted to Celsius', 'parameters': {'type': 'object', 'properties': {'fahrenheit': {'type': 'number'}}, 'required': ['fahrenheit']}}, {'name': 'celsius_to_fahrenheit', 'description': 'celsius_to_fahrenheit(celsius: float) -> float - Convert temperature from Celsius to Fahrenheit.\n\n    Args:\n    celsius (float): Temperature in Celsius\n\n    Returns:\n    float: Temperature converted to Fahrenheit', 'parameters': {'type': 'object', 'properties': {'celsius': {'type': 'number'}}, 'required': ['celsius']}}, {'name': 'duck_duck_go', 'description': 'A wrapper around Duck Duck Go Search. Useful for when you need to answer questions about current events. Input should be a search query. Output is a JSON array of the query results', 'parameters': {'type': 'object', 'properties': {'query': {'description': 'search query to look up', 'type': 'string'}}, 'required': ['query']}}]
 
QUERY:3 of my friends gave me 10 euros each, how much do I have now? 
 Functions to use:['multiply', 'add', 'sub', 'fahrenheit_to_celsius', 'celsius_to_fahrenheit', 'duck_duck_go']"
live_multiple_126-48-0,live_multiple,no,yes,[],114,2,0,1,Give me an analysis trail for my project SUPERFANCY with component UUID AB1010CD and vulnerability ef903ac-893-f00
live_multiple_127-49-0,live_multiple,no,yes,[],69,3,1,0,Find some information on 'the history of kites and how they're made'?
live_multiple_128-50-0,live_multiple,no,yes,[],67,5,1,0,Generate a digital image with captured 'a man wearing a red dress'.
live_multiple_129-50-1,live_multiple,yes,yes,[],115,5,1,1,"Can you search with prompt 'the current prime minister of India', ensuring that the information is from after 2022?"
live_multiple_130-50-2,live_multiple,no,yes,[],181,5,1,0,I'd like to read a poem about kites. Could you generate one with a creative touch? Prompt it as 'I'd like to read a poem about kites. Could you generate one with a creative touch?'.
live_multiple_131-50-3,live_multiple,no,yes,[],59,5,0,0,चाय कैसे बनाएं? Query proper llm with exactly the question.
live_multiple_132-50-4,live_multiple,no,yes,[],559,5,1,6,"You are a helpful assistant with access to various functions, which you should use as needed. Your last knowledge update was in October 2021; therefore, you should use a search engine to retrieve any real-time information, specific details, and facts about events, news articles, and developments that occurred after October 2021. Use the available functions to complete tasks whenever applicable. 

 SYSTEM INFORMATION: Current date/time: 04 Mar 2024, 09:15 PM (UTC Timezone). Knowledge date cutoff: 31 October 2021. 

----

 ""who is the current pm of india"""
live_multiple_133-50-5,live_multiple,yes,yes,[],49,5,1,0,"'chai kaise bnaye', Query this to llm as exactly."
live_multiple_134-51-0,live_multiple,yes,yes,[],35,2,0,0,What is the price of Apple on NYSE?
live_multiple_135-51-1,live_multiple,no,yes,[],38,2,0,0,"What is the temperature in London, UK?"
live_multiple_136-52-0,live_multiple,no,yes,[],117,2,0,0,"I'm curious about the current weather conditions in London, United Kingdom. Can you provide me with that information?"
live_multiple_137-52-1,live_multiple,no,yes,[],58,2,0,0,Can you tell me the latest stock price for AAPL on NASDAQ?
live_multiple_138-53-0,live_multiple,no,yes,[],137,2,0,0,"Could you tell me the current weather conditions in London, United Kingdom, including the temperature, wind speed, and any precipitation?"
live_multiple_139-53-1,live_multiple,no,yes,[],58,2,0,0,Could you tell me the current price of AAPL on the NASDAQ?
live_multiple_140-54-0,live_multiple,no,yes,[],101,2,0,0,"Could you tell me the current weather conditions in London, including the temperature and wind speed?"
live_multiple_141-54-1,live_multiple,no,yes,[],76,2,0,0,Could you retrieve the latest trading price for AAPL on the NASDAQ exchange?
live_multiple_142-55-0,live_multiple,no,yes,[],129,2,0,0,"Could you provide the current weather data for London in the UK, including the temperature, wind speed, and precipitation levels?"
live_multiple_143-55-1,live_multiple,yes,yes,[],71,2,0,0,Can you give me the current price for the ticker symbol AAPL on NASDAQ?
live_multiple_144-56-0,live_multiple,no,yes,[],117,2,0,0,Can you tell me the lowest temperature reading across all sensors for my organization from the latest data available?
live_multiple_145-57-0,live_multiple,no,yes,[],71,3,1,0,"Can you tell me the current price of a 'winter jacket' in Berkeley, CA?"
live_multiple_146-58-0,live_multiple,no,yes,[],105,4,2,0,Can you retrieve the most recent readings for each metric from sensors within the networks 'n1' and 'n2'?
live_multiple_147-58-1,live_multiple,no,yes,[],218,4,1,2,"I need to review the temperature readings from our sensors for a specific period. Can you fetch the data from yesterday midday to yesterday 3pm? Use the network ID 'L_579838452023959405'. Today's date is March 6, 2024."
live_multiple_148-58-2,live_multiple,no,yes,[],142,4,0,1,Can you retrieve the most recent readings for each metric from the sensors in my organization? Let's limit the results to 10 entries per page.
live_multiple_149-58-3,live_multiple,no,yes,[],117,4,0,2,"Could you retrieve a list of sensor alerts, showing 10 entries per page for the network with ID L_579838452023959405?"
live_multiple_150-58-4,live_multiple,no,yes,[],298,4,0,1,"I want to retrieve the most recent readings from all sensors within my organization. I don't have any specific network IDs to filter by, so it should include all available networks. I have the necessary permissions and API access. How should I proceed to obtain this data? keep 100 entries per page"
live_multiple_151-58-5,live_multiple,no,yes,[],166,4,0,1,"I need to see the latest readings from our sensors. Can you provide the most recent data for each metric from each sensor, limiting the result to 10 entries per page?"
live_multiple_152-58-6,live_multiple,no,yes,[],232,4,1,2,I need to check the latest readings for all temperature and humidity sensors in my office network. The network ID is 'office-network-001'. Can you retrieve the most recent data for these metrics? Please give 100 entries per page too
live_multiple_153-58-7,live_multiple,no,yes,[],294,4,0,0,"How can I access the temperature readings from my sensors for the past hour? I have the specific network ID ready to provide, it's 12312. If possible, I'd like the information to be presented in a sorted manner according to the timestamps. Make sure there is maximum amount of page for display."
live_multiple_154-58-8,live_multiple,no,yes,[],137,4,0,2,"Could you retrieve a list of sensor alerts for the network with the ID L_579838452023959405, limiting the results to 50 entries per page?"
live_multiple_155-58-9,live_multiple,no,yes,[],145,4,0,1,"Could you retrieve the most recent sensor readings for each metric, organized by the sensor's serial number, with a limit of 50 entries per page?"
live_multiple_156-59-0,live_multiple,no,yes,[],126,4,0,1,Can you retrieve the analysis trail for the vulnerability ef903ac-893-f00 within component AB1010CD of the project SUPERFANCY?
live_multiple_157-60-0,live_multiple,no,yes,[],116,2,0,2,"Can you tell me the list of projects that Adriel has been involved in from January 1st, 2021 to December 31st, 2021?"
live_multiple_158-61-0,live_multiple,yes,yes,[],153,2,0,1,"Can you tell me the list of projects and their statuses that Adriel is currently working on for user ID 7623, and include the completed projects as well?"
live_multiple_159-62-0,live_multiple,no,yes,[],108,2,1,0,Can you provide detailed information about the 'e-commerce platform overhaul' project that Adriel worked on?
live_multiple_160-62-1,live_multiple,no,yes,[],70,2,1,0,"What's project is ""Adriel"" working on? exclude any that are completed?"
live_multiple_161-63-0,live_multiple,no,yes,[],116,4,1,0,"Can you provide the full details of the project named 'portfolio-web', including its status and Adriel's role in it?"
live_multiple_162-63-1,live_multiple,no,yes,[],111,4,1,0,"Can you retrieve the full details for the 'e-commerce-web' project, including project status and Adriel's role?"
live_multiple_163-64-0,live_multiple,no,yes,[],153,3,1,0,"Can you retrieve the detailed information about the 'portfolio-web' project that Adriel is working on, including the list of tasks and financial details?"
live_multiple_164-65-0,live_multiple,no,yes,[],118,4,1,0,"retrieve the detailed information for the 'portfolio-web' project that Adriel worked on, including its current status?"
live_multiple_165-65-1,live_multiple,no,yes,[],110,4,1,1,"show me the list of all projects ""Adriel"" with user id 123 is currently involved in, both active and inactive?"
live_multiple_166-66-0,live_multiple,no,yes,[],171,5,0,1,"get me with Adriel's detailed profile information, including his personal and professional details? I would also like to have his contact details included. his id is 12445"
live_multiple_167-67-0,live_multiple,no,yes,[],110,4,1,1,"fetch the profile information for Adriel with user_id '12345', including his personal details and preferences?"
live_multiple_168-68-0,live_multiple,no,yes,[],104,5,0,1,"fetch the profile information for Adriel, id 12345, including his personal details and account settings?"
live_multiple_169-69-0,live_multiple,no,yes,[],87,5,0,0,get the detailed information regarding Adriel's internship at Sebelas Maret University?
live_multiple_170-70-0,live_multiple,no,yes,[],67,5,0,0,Get the details of Adriel's internship at Sebelas Maret University?
live_multiple_171-71-0,live_multiple,no,yes,[],147,6,0,0,"Could you provide me with the details of Adriel's internship experiences, including the name of the organizations and the dates of the internships?"
live_multiple_172-71-1,live_multiple,no,yes,[],35,6,0,1,List all the project. her id is 123
live_multiple_173-71-2,live_multiple,yes,yes,[],164,6,1,1,"Can you tell me which technologies, including programming languages, frameworks, and tools, ""Adriel"" with employee id 123 is currently using or has experience with?"
live_multiple_174-72-0,live_multiple,no,yes,[],91,6,0,0,Can you provide me with the details of Adriel's internship at the sebelas maret university?
live_multiple_175-72-1,live_multiple,yes,yes,[],107,6,0,1,"Can you provide me with a list of projects that Adriel, id 12345, has worked on which are currently active?"
live_multiple_176-73-0,live_multiple,no,yes,[],60,9,0,0,What is Shishir's birthday and the answer is in your memory.
live_multiple_177-74-0,live_multiple,no,yes,[],155,2,0,0,"I'm starting from New York, NY. Could you provide me with details for a trip, including potential destinations, estimated costs, and any travel advisories?"
live_multiple_178-75-0,live_multiple,no,yes,[],154,5,0,1,I'm curious about the current top news involving Ji Sung Park. Can you search for recent news articles that mention him? And let's limit it to 5 articles.
live_multiple_179-75-1,live_multiple,no,yes,[],165,5,0,0,Can you find any recent news articles that discuss artificial intelligence? I'm interested in the Technology category and would prefer the articles to be in English.
live_multiple_180-76-0,live_multiple,no,yes,[],532,10,3,7,"Could you please assist me with processing an order? The order ID is ORD123, it includes the items with IDs ITM456 and ITM789, and the customer's ID is CUST001. The customer's shipping address is '123 Maple Street, Springfield, IL, 62704', and the billing address is '456 Oak Avenue, Springfield, IL, 62705'. There's a discount that should be applied with the code 'DISC20', and we need to notify the customer about the order confirmation. The quantities for each item are 2 and 1 respectively, and the prices are $15.99 and $42.50."
live_multiple_181-76-1,live_multiple,no,yes,[],99,10,0,0,I'd like to know how to retrieve a weather forecast for New York City on the 4th of July this year.
live_multiple_182-77-0,live_multiple,no,yes,[],67,2,0,2,Can you tell me what the greatest common divisor of 100 and 120 is?
live_multiple_183-78-0,live_multiple,yes,yes,[],101,4,1,0,Can you help me translate this English text to Danish: 'The quick brown fox jumps over the lazy dog.'
live_multiple_184-79-0,live_multiple,no,yes,[],51,5,1,0,I'm looking for some guidance about 'career growth'
live_multiple_185-80-0,live_multiple,no,yes,[],89,10,0,1,"I'm looking for an educational activity that can involve 5 participants, any suggestions?"
live_multiple_186-81-0,live_multiple,no,yes,[],10,2,0,0,北京后天的天气如何？
live_multiple_187-82-0,live_multiple,no,yes,[],141,2,0,1,I need to review Berkshire Hathaway's financial performance for the third quarter of 2024. I want their 10-Q report. Their CIK is 0001067983.
live_multiple_188-82-1,live_multiple,no,yes,[],131,2,0,0,I need to review the investment activities of Berkshire Hathaway. Retrieve their 13F-HR filings and their CIK number is 0001067983.
live_multiple_189-83-0,live_multiple,no,yes,[],486,5,2,0,"""input"": ""A chat between a curious user and an artificial intelligence assistant. The assistant gives helpful, detailed, and polite answers to the user's questions with the help of some tools.\nUSER: I'm troubleshooting some requests, so can you help me send a POST request to https://httpbin.org/post with the header \""Content-Type: application/json\"" and the data '{\""name\"": \""John Doe\"", \""email\"": \""john.doe@example.com\""}'? Let me know the response details.\nASSISTANT Thought: """
live_multiple_190-84-0,live_multiple,yes,yes,[],102,3,0,0,Find out the rewards for playing Fortnite on Playstation platform with different missions and trophies
live_multiple_191-85-0,live_multiple,no,no,"[""embedded_instruction_or_benchmark_scaffold""]",112,3,3,0,"Sort this list of names in ascending order: ['Sam', 'Alice', 'Jack']. 
First, identify the appropriate function."
live_multiple_192-86-0,live_multiple,no,yes,[],254,3,3,0,"I would like to easily be able to extract any informaton from an 'image.png' based on a 'question' using the vision language model vikhyatk/moondream2. The question is ""generate with technically complex attention to detail a description of what you see""
"
live_multiple_193-87-0,live_multiple,no,yes,[],26,3,0,2,How much is 394 times 213?
live_multiple_194-87-1,live_multiple,no,yes,[],17,3,0,2,compute 443 * 349
live_multiple_195-87-2,live_multiple,no,yes,[],55,3,1,0,what time is it for the timezone 'America/Los_Angeles'?
live_multiple_196-88-0,live_multiple,no,yes,[],9,2,0,0,获取阿迪达斯的工单
live_multiple_197-89-0,live_multiple,yes,yes,[],11,2,0,0,获取阿迪达斯的p4工单
live_multiple_198-90-0,live_multiple,no,yes,[],29,7,0,0,What is the contact of Adriel
live_multiple_199-90-1,live_multiple,no,yes,[],48,7,0,0,What is the tech stack that Adriel is working on
live_multiple_200-90-2,live_multiple,no,yes,[],116,7,0,1,"Could you provide me with a list of projects that Adriel is currently working on, including details and status? id:3"
live_multiple_201-90-3,live_multiple,no,yes,[],63,7,0,0,"Could I get Adriel's contact information in XML format, please?"
live_multiple_202-90-4,live_multiple,no,yes,[],148,7,0,1,Can you provide me with the list of projects that Adriel is currently working on? I need to know the details and the status of each project. id 1234
live_multiple_203-90-5,live_multiple,no,yes,[],156,7,0,0,I need to know more about the e-commerce-website project that Adriel is working on. Can you provide me with its current status and expected completion date?
live_multiple_204-90-6,live_multiple,no,yes,[],55,7,0,0,What is the list of experiences and education of Adriel
live_multiple_205-90-7,live_multiple,no,yes,[],108,7,0,0,Can you give me a comprehensive list detailing Adriel's professional experiences and educational background?
live_multiple_206-91-0,live_multiple,no,yes,[],29,7,0,0,What is the contact of Adriel
live_multiple_207-91-1,live_multiple,no,yes,[],63,7,0,0,What is the tech stack that employee (id Adriel) was working on
live_multiple_208-91-2,live_multiple,no,yes,[],109,7,0,1,Can you show me the projects that Adriel is currently working on and also include the completed ones? id 1234
live_multiple_209-91-3,live_multiple,no,yes,[],33,7,0,0,what's the details turing project
live_multiple_210-91-4,live_multiple,no,yes,[],42,7,0,0,detail experience in freelance at pingfest
live_multiple_211-91-5,live_multiple,no,yes,[],177,7,0,1,"Can you tell me which technologies, including programming languages and frameworks, Adriel was working with? I don't need the list of tools, just the main tech stack. id is 1234"
live_multiple_212-91-6,live_multiple,no,yes,[],140,7,1,0,"Can you provide me with the details of the 'car-rental' project that Adriel was working on, including its current status and the start date?"
live_multiple_213-91-7,live_multiple,no,yes,[],106,7,0,0,Can you provide information about the internship at Universitas Sebelas Maret that Adriel participated in?
live_multiple_214-91-8,live_multiple,yes,yes,[],67,7,0,1,"What is the list of experiences and education of Adriel, id is 1234"
live_multiple_215-91-9,live_multiple,yes,yes,[],80,7,0,1,"Can you provide me with a list of Adriel's professional experiences, id is 1234?"
live_multiple_216-92-0,live_multiple,no,yes,[],276,2,0,4,"You are very powerful travel agent, you are able to search for flights and book them for your customers.
I need to travel from Berlin to New York on 2021-10-10 with 2 passengers. Can you help me find available flights and also assist with booking once we choose the right one?"
live_multiple_217-93-0,live_multiple,no,no,"[""too_many_tools""]",44,26,0,0,i want to get the subdomains from google.com
live_multiple_218-94-0,live_multiple,no,yes,[],99,3,0,2,Get the sensor reading for temperature on the last 3600 seconds for my network L_579838452023959405
live_multiple_219-94-1,live_multiple,no,yes,[],144,3,0,6,"""Get the sensor readings max entries per pages for the metric current from today to 15:30 to 15:32 on my organization. Today is March 10 of 2024"
live_multiple_220-94-2,live_multiple,no,yes,[],78,3,0,0,Bring me the temperature  max entries per pages readings of all sensors please
live_multiple_221-95-0,live_multiple,no,yes,[],47,2,1,0,Segment all objects in an image at './yoha.jpg'
live_multiple_222-96-0,live_multiple,no,yes,[],125,2,0,2,"Could you arrange for a comfortable Uber ride for me from 456 Elm St, Springville, IL with a maximum wait time of 10 minutes?"
live_multiple_223-97-0,live_multiple,no,yes,[],122,3,1,0,"list all the files and directories in the '/out/programs' directory, including hidden ones and in descending order by name"
live_multiple_224-98-0,live_multiple,yes,yes,[],78,2,0,2,"Reschedule my next appointment with id dentist to November 1, 2024 at 4pm EST."
live_multiple_225-99-0,live_multiple,yes,yes,[],11,5,0,0,Get version
live_multiple_226-100-0,live_multiple,no,yes,[],178,5,4,2,"I need to define permissions for a user on a certain resource. The resource ID is '123-resource', the user ID is 'user-456', and the permissions to assign are 'read' and 'write'."
live_multiple_227-101-0,live_multiple,no,yes,[],138,5,2,1,retrieve the child projects associated with the tag 'environment' for the parent project with UUID '123e4567-e89b-12d3-a456-426614174000'?
live_multiple_228-102-0,live_multiple,no,yes,[],117,5,0,1,Give me an analysis trail for my project id SUPERFANCY with component UUID AB1010CD and vulnerability ef903ac-893-f00
live_multiple_229-103-0,live_multiple,yes,yes,[],55,3,0,0,get the contact information for the employee A1234567B?
live_multiple_230-103-1,live_multiple,no,yes,[],34,3,0,0,What's the address of Liam Neeson?
live_multiple_231-104-0,live_multiple,no,yes,[],50,3,0,1,Find the contact information for the employee 123?
live_multiple_232-104-1,live_multiple,no,yes,[],76,3,0,0,"I need to send a letter to Liam Neeson, Find his contact information for me?"
live_multiple_233-105-0,live_multiple,no,yes,[],44,3,0,0,retrieve the contact details for Rayson Goh?
live_multiple_234-106-0,live_multiple,no,yes,[],20,4,0,1,Set columnCount to 8
live_multiple_235-106-1,live_multiple,no,yes,[],24,4,0,1,Ändere columnCount zu 12
live_multiple_236-106-2,live_multiple,no,yes,[],22,4,1,3,"Move 'pointA' to 2,3,4"
live_multiple_237-106-3,live_multiple,no,yes,[],103,4,1,3,"Pick one of the provided functions to fulfill the following command: Change the point 'pointA' to 2,3,4"
live_multiple_238-106-4,live_multiple,no,yes,[],23,4,1,1,Set 'roomHeight' to 4.2
live_multiple_239-107-0,live_multiple,yes,yes,[],50,6,0,0,seacrh apple using your tools and respond in json 
live_multiple_240-107-1,live_multiple,no,yes,[],40,6,0,0,weather in India using searcvh web tool 
live_multiple_241-107-2,live_multiple,no,yes,[],77,6,0,0,"search flight prices from NYC to NEw Delhi use tools, finally respond in json"
live_multiple_242-107-3,live_multiple,no,yes,[],148,6,1,0,"voice narration tool prompt ""If you could have dinner with any historical figure, who would you choose and why?, also genart a photo of that figure"""
live_multiple_243-107-4,live_multiple,no,yes,[],60,6,1,0,"tool prompt ""Find a recent news article about corona virus""."
live_multiple_244-108-0,live_multiple,yes,yes,[],20,5,0,0,What is the version?
live_multiple_245-109-0,live_multiple,no,yes,[],32,3,0,0,What is the application version?
live_multiple_246-110-0,live_multiple,yes,yes,[],55,3,0,0,What is the application version? Do not add parameters!
live_multiple_247-111-0,live_multiple,yes,yes,[],137,3,0,1,Can you retrieve the analysis trail for the vulnerability ef903ac-893-f00 within the component AB1010CD of my project with id SUPERFANCY?
live_multiple_248-112-0,live_multiple,no,yes,[],8,5,0,0,version?
live_multiple_249-113-0,live_multiple,no,yes,[],13,3,0,0,what version?
live_multiple_250-114-0,live_multiple,no,yes,[],8,3,0,0,Version?
live_multiple_251-115-0,live_multiple,no,yes,[],20,3,0,0,What is the version?
live_multiple_252-116-0,live_multiple,no,yes,[],46,3,0,0,what is the version? Provide the full API call
live_multiple_253-117-0,live_multiple,no,yes,[],62,3,0,0,Provide metrics for the bandana project. Use version number 5.
live_multiple_254-118-0,live_multiple,no,yes,[],65,3,0,0,I want the violation badge for project bandana. The version is 5.
live_multiple_255-119-0,live_multiple,yes,yes,[],48,3,0,0,I want the violation badge for project ID badae.
live_multiple_256-120-0,live_multiple,no,yes,[],98,3,1,1,Returns a VEX for a project in CycloneDX format ofr project '123e4567-e89b-12d3-a456-426614174000'
live_multiple_257-121-0,live_multiple,no,yes,[],71,3,1,0,For project ID '1a1a-c6' give its VEX export it in the CycloneDX format
live_multiple_258-122-0,live_multiple,no,yes,[],42,3,1,0,see details for the 'Orion' version 2.1.3.
live_multiple_259-123-0,live_multiple,no,yes,[],44,3,0,0,"I need project my_version_proj, with v 1.2.3"
live_multiple_260-124-0,live_multiple,no,yes,[],77,3,0,0,"tell me the current version information of app, with name and version number?"
live_multiple_261-125-0,live_multiple,no,yes,[],30,5,0,1,rotate the image by 30 degrees
live_multiple_262-125-1,live_multiple,no,yes,[],55,5,0,2,turn it by 20 degree and freeze it to 40 degree celsius
live_multiple_263-126-0,live_multiple,no,yes,[],23,2,0,0,When is my gym session?
live_multiple_264-126-1,live_multiple,no,yes,[],72,2,0,3,I forgot the date for my trip. search between the April 1-April 30 2023?
live_multiple_265-127-0,live_multiple,no,yes,[],33,5,0,0,what is the weather like in Hanoi
live_multiple_266-127-1,live_multiple,yes,yes,[],43,5,0,0,What will the weather in San Diego be like.
live_multiple_267-127-2,live_multiple,no,yes,[],80,5,0,1,Can you tell me what the weather will be like in Vancouver on the April 4th 2023
live_multiple_268-127-3,live_multiple,no,yes,[],99,5,0,1,"I need to see what the weather will be like in London, UK on the 12th of March. it's 2023 right now"
live_multiple_269-127-4,live_multiple,no,yes,[],92,5,0,0,What is the weather going to be like Wednesday next week in Philly? today is 2023.3.1 monday
live_multiple_270-127-5,live_multiple,no,yes,[],77,5,0,0,"Tell me what the weather in New York, NY will be Monday next week. 2023.4.17?"
live_multiple_271-127-6,live_multiple,no,yes,[],73,5,0,0,"Can you check the weather in SD, California next Tuesday please 2023.3.1?"
live_multiple_272-127-7,live_multiple,no,yes,[],53,5,0,0,Provide me with the current weather data for Nairobi?
live_multiple_273-127-8,live_multiple,no,yes,[],145,5,0,3,"'m traveling soon and need to know the weather about my destination. Can you tell me the forecast for Phoenix, AZ on Friday next week 2023-04-14?"
live_multiple_274-127-9,live_multiple,no,yes,[],58,5,0,0,I need a weather update for Chcicago for 13th of Feb 2024.
live_multiple_275-127-10,live_multiple,no,yes,[],107,5,0,0,I want to check about the weather condition in American Canyon on 12th of March for which I need your help.
live_multiple_276-127-11,live_multiple,no,yes,[],37,5,0,0,How's the weather in LA on March 9th?
live_multiple_277-128-0,live_multiple,no,yes,[],135,3,0,0,I want to find some restaurants that have been tagged as intermediate priced for cost. Please include outdoor seating areas in New York
live_multiple_278-128-1,live_multiple,no,yes,[],90,3,0,0,I want to go out to eat at an average priced place in Oakland that serves Italian cuisine?
live_multiple_279-128-2,live_multiple,no,yes,[],111,3,0,0,I'm craving Asian Fusion cuisine. Can you search for a restaurant in Santa Clara that serves this type of food?
live_multiple_280-128-3,live_multiple,no,yes,[],105,3,0,0,I'm looking for a coffeehouse in New York that's not too expensive. search one with moderate price range?
live_multiple_281-128-4,live_multiple,no,yes,[],87,3,0,0,can you find me some place to eat in Berkeley where I can get cheap vegetarian options?
live_multiple_282-128-5,live_multiple,no,yes,[],92,3,0,0,I want to find a place to eat that serves American in Mountain View and has outdoor seating.
live_multiple_283-128-6,live_multiple,no,yes,[],112,3,0,0,I want to find a restaurant in San Francisco that serves Izakaya and it needs to be cheap or fairly inexpensive.
live_multiple_284-128-7,live_multiple,no,yes,[],98,3,0,0,Find a restaurant in San Francisco that serves Pizza and Pasta? Don't worry about the price range.
live_multiple_285-129-0,live_multiple,no,yes,[],67,3,0,0,I'm looking for a psychiatrist in Pittsburgh who accepts insurance.
live_multiple_286-129-1,live_multiple,no,yes,[],61,3,0,0,Search for therapist help my mental health issues in san jose
live_multiple_287-129-2,live_multiple,no,yes,[],116,3,0,0,"I'm in Los Gatos, CA, and I'm looking for a family counselor. Find one for me, preferably one who accepts insurance?"
live_multiple_288-129-3,live_multiple,no,yes,[],105,3,0,0,I am needing to seek counseling and need a therapist. Will you search for a family counselor in berkeley?
live_multiple_289-129-4,live_multiple,no,yes,[],63,3,0,0,"I'm looking for a Psychologist located in Novato, CA. Find one?"
live_multiple_290-129-5,live_multiple,no,yes,[],58,3,0,0,I need you to find me a Family Therapist in Walnut Creek.'
live_multiple_291-130-0,live_multiple,no,yes,[],68,2,0,0,I'm planning a trip to Austin. search for house accommodations there
live_multiple_292-130-1,live_multiple,yes,yes,[],111,2,0,1,Can you find me a house accommodation in Long Beach with a review rating of at least 4.2? It's just for myself.
live_multiple_293-130-2,live_multiple,no,yes,[],147,2,0,1,I have planned for a short trip to New York. I need a house to stay there and it should have 3.7 or higher rating along with laundry service in it.
live_multiple_294-130-3,live_multiple,no,yes,[],143,2,0,1,I am going on vacation and will travellling to Kuala Lumpur. Will you search for a housethat is rated 3.8 or higher. It will be for one person.
live_multiple_295-130-4,live_multiple,no,yes,[],75,2,0,0,"Hotel room are so costly , I need a house to stay . I am travelling to LAX."
live_multiple_296-130-5,live_multiple,no,yes,[],112,2,0,2,find me a house accommodation in Austin that has laundry service and can accommodate 4 ppl? at least 4.0 rating.
live_multiple_297-130-6,live_multiple,no,yes,[],79,2,0,0,"I'm looking for a place to stay for one person in Long Beach, laundry included."
live_multiple_298-130-7,live_multiple,no,yes,[],67,2,0,1,"Find me a house with laundry service, rated 3.9 or more at Chi-town"
live_multiple_299-130-8,live_multiple,yes,yes,[],93,2,0,0,"I want to go to Sydney, Australia and need a place for three people that has laundry service."
live_multiple_300-130-9,live_multiple,no,yes,[],61,2,0,2,I need a home rated above 4.2 for 2 people in Rio de Janeiro.
live_multiple_301-131-0,live_multiple,no,yes,[],32,5,0,0,I need to find a hotel in London
live_multiple_302-131-1,live_multiple,no,yes,[],42,5,0,1,Find a hotel in New York City with 1 room?
live_multiple_303-131-2,live_multiple,no,yes,[],114,5,0,0,Hello. I need your help finding a hotel in Vancouver. I'll need just one room and would prefer a three star hotel.
live_multiple_304-131-3,live_multiple,no,yes,[],43,5,0,1,Can you locate a 4 star hotel in LA for me?
live_multiple_305-131-4,live_multiple,no,yes,[],132,5,0,1,"I know I can count on you to help me find a hotel so I can go to the studio sessions. book on the 15th of July, 2staying for 5 days?"
live_multiple_306-131-5,live_multiple,no,yes,[],71,5,0,0,find available accommodations in Kuala Lumpur for the upcoming weekend?
live_multiple_307-131-6,live_multiple,no,yes,[],120,5,0,0,My friends and I are taking our yearly trip and I would like some help finding three hotel rooms in Philadelphia please.
live_multiple_308-131-7,live_multiple,no,yes,[],44,5,0,0,"Find available hotels in Phoenix, AZ for me?"
live_multiple_309-131-8,live_multiple,no,yes,[],138,5,0,1,"I need to reserve a hotel room for my best friend's wedding. Book me a room in Berkeley for the dates of August 15th to August 17th, 2023?"
live_multiple_310-132-0,live_multiple,no,yes,[],91,3,0,0,Find a Family genre movie directed by Herbert Ross that features Betsy Widhalm in the cast?
live_multiple_311-132-1,live_multiple,no,yes,[],81,3,0,0,Find me some comedy movies directed by Wes Anderson with Bill Murray in the cast?
live_multiple_312-132-2,live_multiple,no,yes,[],89,3,0,0,Provide a list of horror movies directed by Jordan Peele with Lupita Nyong'o in the cast?
live_multiple_313-132-3,live_multiple,no,yes,[],68,3,0,0,I am looking for a nice movie with Martin Kove as an actor to watch.
live_multiple_314-132-4,live_multiple,no,yes,[],109,3,0,0,I want to see a movie that stars Jennifer Connelly. I would prefer something with Jim Henson as the director.
live_multiple_315-132-5,live_multiple,no,yes,[],95,3,0,0,"Hi, could you get me movies to watch directed by Herbert Ross and featuring James Shapkoff III?"
live_multiple_316-132-6,live_multiple,no,yes,[],64,3,0,0,I'm looking for a offbeat movie to watch with Camila Sosa in it.
live_multiple_317-132-7,live_multiple,no,yes,[],90,3,0,0,Find a fantasy movie directed by Guillermo del Toro that features Emma Watson in the cast?
live_multiple_318-132-8,live_multiple,no,yes,[],62,3,0,0,I'm looking for a movie that features Daniel Camp in the cast.
live_multiple_319-132-9,live_multiple,no,yes,[],81,3,0,0,Can you find me a Mystery movie with Hattie Morahan in it directed by Gavin Hood?
live_multiple_320-132-10,live_multiple,yes,yes,[],135,3,0,0,Please find me a animation to watch. I like moves that have Pete Davidson as an actor. Films directed by Thurop Van Orman are good too.
live_multiple_321-132-11,live_multiple,no,yes,[],119,3,0,0,"Hey, I'm so bored, can you find me a bizarre story movie with Maya Hawke and directed by Quentin Tarantino I can watch?"
live_multiple_322-132-12,live_multiple,no,yes,[],97,3,0,0,I want to watch a fantasy movie with Dominic Monaghan. Look for movies directed by Peter Jackson.
live_multiple_323-132-13,live_multiple,yes,yes,[],96,3,0,0,"Hi, could you help me search for movies directed by Steven Spielberg and featuring Josef Sommer?"
live_multiple_324-132-14,live_multiple,yes,yes,[],55,3,0,0,I want to see a movie with Zoe Margaret Colletti in it.
live_multiple_325-132-15,live_multiple,no,yes,[],80,3,0,0,an you help me find a movie to see? I'd like to find something by Riley Stearns.
live_multiple_326-132-16,live_multiple,no,yes,[],117,3,0,0,I would like to find a movie to watch. Is there something featuring Vincent Andriano and directed by Gurinder Chadha?
live_multiple_327-132-17,live_multiple,no,yes,[],133,3,0,0,I am looking for a Science related movie to watch. I prefer something with the actor James Keane that is directed by Steven Spielberg
live_multiple_328-132-18,live_multiple,no,yes,[],147,3,0,0,"I'm trying to find a movie to watch, something with Peter Strickland as the director that stars Gavin Brocker. I'd like a movie about scary ghosts."
live_multiple_329-132-19,live_multiple,no,yes,[],90,3,0,0,I want you to show me a movie directed by quentin tarantino and eric stoltz starring in it
live_multiple_330-132-20,live_multiple,no,yes,[],76,3,0,0,Find the name of the movie directed by Joel Zwick that Joey Fatone acted in?
live_multiple_331-132-21,live_multiple,no,yes,[],78,3,0,0,Can you find me a Thriller directed by Josephine Decker starring Sunita Mani??
live_multiple_332-132-22,live_multiple,no,yes,[],121,3,0,0,I want to search for a movie something like a mysterious type and I like to watch the one which is acted by Kathy Griffin
live_multiple_333-132-23,live_multiple,no,yes,[],71,3,0,0,I'll be having company over later on tonight. Find me a movie to watch?
live_multiple_334-132-24,live_multiple,no,yes,[],63,3,0,0,Pull up suspenseful movies with the actress Lisa Tharps in them
live_multiple_335-132-25,live_multiple,no,yes,[],73,3,0,0,Find us some comedy movies directed by Taika Waititi for our movie night?
live_multiple_336-133-0,live_multiple,no,yes,[],75,4,1,0,Can you play the track 'Shape of You' by Ed Sheeran on the kitchen speaker?
live_multiple_337-133-1,live_multiple,no,yes,[],119,4,0,0,"Hey, I feel like listening to some tunes right now. Can you play me Remind Me by Carrie Underwood? Pop music is my jam."
live_multiple_338-133-2,live_multiple,yes,yes,[],34,4,0,0,Can you search for some rock music
live_multiple_339-133-3,live_multiple,no,yes,[],144,4,0,0,Find some good songs to listen to? I'm looking for music are '10. I hear that the album Speak Now is great. Can you find something off of there?
live_multiple_340-133-4,live_multiple,no,yes,[],72,4,0,1,I want to find some nice songs. Can you find the one which is from 2022?
live_multiple_341-133-5,live_multiple,no,yes,[],57,4,0,1,Find me some Pop songs from '19 on the Ores Aixmis album.
live_multiple_342-133-6,live_multiple,no,yes,[],119,4,0,0,Can you please help me find some Hillbilly songs. I'd particularly enjoy something from the album Chief by Eric Church.
live_multiple_343-133-7,live_multiple,no,yes,[],149,4,0,0,I'm about to do my workout and I'd like to play some songs. I'm really into House music and I heard that The Martin Garrix Experience album is great.
live_multiple_344-133-8,live_multiple,no,yes,[],83,4,0,0,"I fancy listening to some music, I have been told an album called Prequelle is fab."
live_multiple_345-133-9,live_multiple,no,yes,[],127,4,0,0,"Could you assist me to find some songs? I love Popular songs, song by Kesha and I have been told an album called Rainbow is fab"
live_multiple_346-133-10,live_multiple,no,yes,[],71,4,0,0,Help me look for Pop songs from 2013. Maybe something by Justin Bieber.
live_multiple_347-133-11,live_multiple,no,yes,[],152,4,0,1,I am in a nice mood and I like to listen to some nice songs. Can you search for something best for me? Can you find me some Electropop tracks from 2018?
live_multiple_348-133-12,live_multiple,no,yes,[],62,4,0,1,Can you find me a pop song by Meghan Trainor released in 2018?
live_multiple_349-133-13,live_multiple,no,yes,[],51,4,0,1,Are there songs like Reggae by Vybz Kartel of 2019?
live_multiple_350-133-14,live_multiple,yes,yes,[],38,4,0,0,Can you find me Metal songs by Jinjer?
live_multiple_351-133-15,live_multiple,yes,yes,[],112,4,0,0,"I want to listen to some music, imagine dragons would be awesome, somebody told me about the night visions album"
live_multiple_352-133-16,live_multiple,no,yes,[],101,4,0,0,"I want to find some popular music. If you can, find some music by Pitbull. I really like their music."
live_multiple_353-133-17,live_multiple,no,yes,[],150,4,0,1,I need to search for songs now and I love pop ones. Please find me something from seven years ago of 2023 maybe the album Halcyon because it is great.
live_multiple_354-133-18,live_multiple,no,yes,[],125,4,0,0,I need to listen to songs maybe by Enrique Iglesias as he is my favourite singer. Look for something from the Euphoria album.
live_multiple_355-134-0,live_multiple,no,yes,[],124,3,0,0,Can you help me to search a movie acted by Ronald Young and directed by Herbert Ross and i want the movie with Family Genre.
live_multiple_356-134-1,live_multiple,no,yes,[],140,3,0,0,"Hey, I'm bored and I'm looking for something to watch. Can you find me something starring Lawrence Bender and directed by Quentin Tarantino?"
live_multiple_357-134-2,live_multiple,yes,yes,[],49,3,0,0,I want to find a movie to watch with Ving Rhames.
live_multiple_358-134-3,live_multiple,no,yes,[],156,3,0,0,Would you help me to search a movie acted by J. Patrick McNamara and directed by Steven Spielberg and search something with Future scientific fiction genre.
live_multiple_359-134-4,live_multiple,no,yes,[],95,3,0,0,"I'd like to watch a Cartoon movie directed by Josh Cooley, preferably with the actor Bill Hader"
live_multiple_360-134-5,live_multiple,no,yes,[],74,3,0,0,"Can you find me a movie in the Play genre, directed by Paul Downs Colaizzo"
live_multiple_361-134-6,live_multiple,no,yes,[],127,3,0,0,I need your advice in finding a movie to watch. I want it to be an action movie with ryan reynolds and directed by david leitch
live_multiple_362-134-7,live_multiple,no,yes,[],120,3,0,0,"Can you please find some Action movies for me, which are directed by Sujeeth Reddy and that are featuring Supreet Reddy?"
live_multiple_363-134-8,live_multiple,no,yes,[],193,3,0,0,"I am interested in finding a movie that I can watch, and more specifically I am interested in movies where Zach Woods acts in? Also I want to find a movie which is directed by Thurop Van Orman."
live_multiple_364-134-9,live_multiple,no,yes,[],107,3,0,0,I feel like watching something light-hearted/funny. Find me a comedy movie that's directed by Wes Anderson?
live_multiple_365-134-10,live_multiple,no,yes,[],98,3,0,0,"Hi, Find me a Comedy-drama movie that stars Josh Barclay Caras and is directed by Gene Stupnitsky?"
live_multiple_366-134-11,live_multiple,no,yes,[],50,3,0,0,Find me a list of movies directed by Herbert Ross?
live_multiple_367-134-12,live_multiple,no,yes,[],129,3,0,0,I'm planning a movie night this weekend and want to watch something thrilling. Could you suggest an Action movie for us to enjoy?
live_multiple_368-134-13,live_multiple,no,yes,[],121,3,0,0,I'm interested in a horror movie featuring Gwendoline Christie and directed by Peter Strickland. Can you find one for me?
live_multiple_369-134-14,live_multiple,no,yes,[],72,3,0,0,Could you search for Fantasy movies that were directed by Peter Jackson?
live_multiple_370-134-15,live_multiple,no,yes,[],129,3,0,0,I'm interested in fantasy movies with Danny John-Jules in the cast and directed by Jim Henson. Could you search for some options?
live_multiple_371-134-16,live_multiple,no,yes,[],109,3,0,0,Can you find me Drama movies that were directed by Gregory La Cava and include Franklin Pangborn in the cast?
live_multiple_372-134-17,live_multiple,no,yes,[],86,3,0,0,Search for a comedy movie with Fiona Reid in the lead role and directed by Joel Zwick?
live_multiple_373-134-18,live_multiple,no,yes,[],94,3,0,0,"I'm looking to watch an Action movie with Sanjay Kapoor in the lead, directed by Jagan Shakti."
live_multiple_374-134-19,live_multiple,no,yes,[],98,3,0,0,Can you find me a movie that has Riley Stearns as the director and includes C.J. Rush in the cast?
live_multiple_375-134-20,live_multiple,yes,yes,[],49,3,0,0,Find me movies that were directed by Sameh Zoabi?
live_multiple_376-135-0,live_multiple,no,yes,[],66,2,0,0,Could you please help me find a psychologist in Santa Rosa please?
live_multiple_377-135-1,live_multiple,no,yes,[],62,2,0,0,I'm in Berkeley California and looking for a family counselor.
live_multiple_378-135-2,live_multiple,no,yes,[],60,2,0,0,I need help looking for a Family Therapist in Mountain View.
live_multiple_379-136-0,live_multiple,no,yes,[],56,7,0,1,May I see the alarms that I have set? with user id 12345
live_multiple_380-136-1,live_multiple,yes,yes,[],90,7,0,0,I believe I have some notifications set. Can you please check for me? My user ID is 12345.
live_multiple_381-136-2,live_multiple,no,yes,[],94,7,0,0,Can you check my schedule and tell me what alarms I have set for today? My user ID is U123456.
live_multiple_382-137-0,live_multiple,no,yes,[],66,5,0,0,"Find me a hair stylist in Fremont, CA, and it shouldn't be unisex?"
live_multiple_383-137-1,live_multiple,no,yes,[],82,5,0,0,"see a hair stylist. I want to get my hair done in New York, locate a unisex salon?"
live_multiple_384-137-2,live_multiple,yes,yes,[],47,5,0,0,I would like to find a Unisex Salon in San Jose
live_multiple_385-137-3,live_multiple,no,yes,[],77,5,0,0,Find a salon in Campbell and preferably one that services both men and women?
live_multiple_386-137-4,live_multiple,yes,yes,[],65,5,0,0,I need to get my hair done. Please find a salon in San Francisco.
live_multiple_387-137-5,live_multiple,yes,yes,[],135,5,0,0,"I'm in New York, and I need to find a hair stylist for a quick trim. Can you look up a place that does both men's and women's haircuts?"
live_multiple_388-137-6,live_multiple,no,yes,[],40,5,0,0,Can you find me a nice salon in Alameda?
live_multiple_389-137-7,live_multiple,no,yes,[],126,5,0,0,My friend told me about an unisex salon and now I am interested in going to one. Will you find a unisex salon in Corte Madera.
live_multiple_390-137-8,live_multiple,no,yes,[],30,5,0,0,I need a unisex in Pleasanton.
live_multiple_391-137-9,live_multiple,no,yes,[],60,5,0,0,I am looking for a hair dresser in the San Lorenzo vicinity.
live_multiple_392-138-0,live_multiple,no,yes,[],30,2,0,0,Find a hair stylist in Austin?
live_multiple_393-138-1,live_multiple,no,yes,[],51,2,0,0,I have the urgency to find a unisex salon in Pinole
live_multiple_394-138-2,live_multiple,no,yes,[],46,2,0,0,I'm thinking about finding a salon in Berkeley
live_multiple_395-138-3,live_multiple,yes,yes,[],36,2,0,0,Are there any salon in Rohnert Park.
live_multiple_396-139-0,live_multiple,no,yes,[],141,3,0,0,"I need to find something interesting to do on the 10th of march 2023. I really like drama, and i'm looking for something in the Chicago area."
live_multiple_397-139-1,live_multiple,no,yes,[],54,3,0,2,"Attend a Theater event in Palo Alto, CA on 2023-03-13."
live_multiple_398-139-2,live_multiple,no,yes,[],55,3,0,3,get a Music event happening in San Diego on 2023-05-02?
live_multiple_399-139-3,live_multiple,yes,yes,[],44,3,0,3,Find a Theater event in Chicago on 2023-5-2?
live_multiple_400-139-4,live_multiple,yes,yes,[],125,3,0,0,"Find a theater event happening next Monday 2023.10.2 in Chicago, IL? I'm interested in a play or a similar cultural activity."
live_multiple_401-139-5,live_multiple,no,yes,[],93,3,0,0,I'm looking to attend a music concert in Toronto. Find one for me that's happening 2023.10.2?
live_multiple_402-139-6,live_multiple,no,yes,[],112,3,0,0,Find me a Theater event in London for tonight 2023.10.02? I'm a fan of Broadway shows like the ones in New York.
live_multiple_403-139-7,live_multiple,no,yes,[],62,3,0,0,"I'm looking for a theater event in London, UK on Apr the 5th. "
live_multiple_404-140-0,live_multiple,yes,yes,[],111,3,0,2,"Book a Regular cab that has 1 seat for me to go to China Station Restaurant, 123 Beijing Street, San Francisco?"
live_multiple_405-140-1,live_multiple,no,yes,[],58,3,0,2,"I need a cab to 123 Main St, Anytown, with 2 seats luxary."
live_multiple_406-140-2,live_multiple,no,yes,[],76,3,0,1,"Can you find me a taxi to take me to 2508 University Avenue, Palo Alto, CA ."
live_multiple_407-140-3,live_multiple,no,yes,[],66,3,0,1,I would like to find a regular cab to 540 El Camino Real. Berkeley
live_multiple_408-140-4,live_multiple,no,yes,[],88,3,0,1,"I need a Shared ride for 2. The destination is the 123 Park Branham Apartments, San Jose"
live_multiple_409-140-5,live_multiple,no,yes,[],129,3,0,2,"i need to travel , find me a cab? i want a ride to 123 White Street, San Jose. Number of passenger is 1 and i prefer a Pool ride."
live_multiple_410-140-6,live_multiple,yes,yes,[],257,3,0,1,"I need to catch a cab, but the information I'm getting is a bit sketchy right now. So far, the address where I need to go is 3236 Grand Avenue, Oakland and the most comfortable mode of travel would be appreciated. Can you start working through this with me?"
live_multiple_411-141-0,live_multiple,no,yes,[],59,3,0,0,Are there any Cartoon movies showing at imax in Union City?
live_multiple_412-141-1,live_multiple,no,yes,[],138,3,1,1,"Hey. Could you assist me in getting two tickets for 'The Grand Adventure' next Wednesday 2023.11.15 in Santa Rosa, CA for the 5:30pm show?"
live_multiple_413-141-2,live_multiple,no,yes,[],98,3,1,6,I'd like to purchase 2 tickets for 'After The Wedding' showing on 2023-04-22 at 19:00 in Berkeley.
live_multiple_414-141-3,live_multiple,no,yes,[],79,3,0,3,"Find movies playing in Newark, NJ 2023-10-02? I'm planning to purchase tickets."
live_multiple_415-141-4,live_multiple,no,yes,[],108,3,1,3,"Can I purchase 2 tickets for 'Space Adventure' in San Jose, CA, for the midnight show at 23:00 on 2023.10.2?"
live_multiple_416-141-5,live_multiple,no,yes,[],79,3,0,0,"I'm interested in seeing a 3D movie at the Raven Film Center in Healdsburg, CA."
live_multiple_417-141-6,live_multiple,yes,yes,[],50,3,0,0,Would you look in San Jose for some movies to see?
live_multiple_418-141-7,live_multiple,no,yes,[],99,3,1,3,Can you help me purchase two tickets for 'Space Adventure' on 2023 April 15th at 19:30 in New York?
live_multiple_419-141-8,live_multiple,no,yes,[],83,3,0,0,I would like a regular drama movie at Regal Crow Canyon which locates at San Ramon.
live_multiple_420-141-9,live_multiple,no,yes,[],104,3,0,5,I want to see the Avengers movie on 2023-10-06 in Los Angeles. Can I get three tickets for a 19:00 show?
live_multiple_421-141-10,live_multiple,yes,yes,[],76,3,0,0,I am interested in going for a movie in mountain view. Can you help in this?
live_multiple_422-141-11,live_multiple,no,yes,[],109,3,0,0,"I am interested in seeing an Imax show, preferrably a cartoon movie. Would you search for this in Santa Rosa?"
live_multiple_423-141-12,live_multiple,yes,yes,[],110,3,1,2,"Hi, I'm looking to watch 'The Last Adventure'. Find me two tickets for a show around 8:30 pm in San Francisco?"
live_multiple_424-141-13,live_multiple,no,yes,[],86,3,0,0,I would liek to watch a Scientific fiction in San Bruno at Century at Tanforan and XD.
live_multiple_425-141-14,live_multiple,no,yes,[],106,3,0,1,I want to watch the regular showing of Ad Astra at Berkeley. I want to watch the showing at night 9 pm-ish
live_multiple_426-141-15,live_multiple,no,yes,[],108,3,0,0,"Hi, I'm looking to watch an imaginative science fiction movie in regular format this weekend in Hayward, CA."
live_multiple_427-141-16,live_multiple,no,yes,[],197,3,0,1,I want to spend my free time by watching a nice Movie like the one with Dramatic Story. Can you find something for me and I want to watch it at Century 20 Oakridge and XD which locates at San Jose.
live_multiple_428-141-17,live_multiple,no,yes,[],117,3,0,0,"I'm looking to relax this weekend. Find movies playing in Berkeley, preferably in the Sci-fi genre and shown as IMAX?"
live_multiple_429-141-18,live_multiple,no,yes,[],83,3,1,7,Buy 4 tickets for 'Toy Story 4' in Los Angeles for the show on 2023-06-15 at 14:00?
live_multiple_430-141-19,live_multiple,no,yes,[],117,3,1,5,I want to purchase 3 tickets for the 'Eternal Warriors' movie in Los Angeles for the showing on 2023-04-15 at 19:00.?
live_multiple_431-141-20,live_multiple,yes,yes,[],87,3,0,0,I'm after an Imax film at Century Blackhawk Plaza in Danville can you tell me whats on?
live_multiple_432-141-21,live_multiple,no,yes,[],127,3,1,4,"I'd like to purchase 2 tickets for 'Once Upon a Time In Hollywood' on the 15th of April, 2023, showing at 19:00 in Los Angeles."
live_multiple_433-141-22,live_multiple,yes,yes,[],87,3,0,0,Search for me movies shown in Napa.I would like to watch at Century Napa Valley and XD.
live_multiple_434-142-0,live_multiple,no,yes,[],149,6,0,1,"I need to rent a car in Los Angeles, from March 9th to March 10th 2023. I'd prefer a Sedan. I want to pick up at 9 am. Check the availability for me."
live_multiple_435-142-1,live_multiple,yes,yes,[],149,6,0,3,"I need to rent a car in Los Angeles, find options for a sedan available from 2023 April 21st to April 25th, with pickup and return times at 10:00 AM?"
live_multiple_436-142-2,live_multiple,no,yes,[],106,6,0,5,"Check for available rental cars in Portland, OR, from April 22, starting at 10:00 AM until April 27, 2023?"
live_multiple_437-142-3,live_multiple,no,yes,[],109,6,0,3,"Hi, Find available rental cars in Los Angeles, starting from May 5th at 12:30 PM and ending on May 11th 2023?"
live_multiple_438-142-4,live_multiple,no,yes,[],197,6,0,8,"I'm traveling to Los Angeles next Monday and will need a car. let me know the options for rent cars available in Los Angeles, starting from the date 2023-04-24 at 10:00 AM and ending on 2023-04-28?"
live_multiple_439-143-0,live_multiple,no,yes,[],119,5,0,0,I'm travelling for work on business and need to find train tickets from Sacramento to Fresno on the 10th of March 2023.
live_multiple_440-144-0,live_multiple,no,yes,[],45,6,0,0,I need a therapist for my family in berkeley.
live_multiple_441-144-1,live_multiple,no,yes,[],77,6,0,0,Hello! Help me find therapists specialized in Family Counseling in Los Altos?
live_multiple_442-144-2,live_multiple,no,yes,[],86,6,0,0,Please help me find a psychologist practicing in Campbell for my mental health issues.
live_multiple_443-144-3,live_multiple,yes,yes,[],66,6,0,0,Please find me a therapist in Pittsburg PA that is a psychiatrist.
live_multiple_444-144-4,live_multiple,no,yes,[],48,6,0,0,Can you find me a Family Counselor in Los Gatos?
live_multiple_445-144-5,live_multiple,no,yes,[],46,6,0,0,I am looking for a Psychiatrist in Santa Rosa.
live_multiple_446-144-6,live_multiple,no,yes,[],147,6,0,0,"I can't figure out why my dreams are so scary lately. I think I'll go to a therapist. Would you help me locate a Psychologist in Vacaville, please?"
live_multiple_447-144-7,live_multiple,no,yes,[],54,6,0,0,I need to see if there is a psychologist in Novato CA.
live_multiple_448-144-8,live_multiple,no,yes,[],63,6,0,0,"Hello, I am in need of a family therapist in the St. Helena CA."
live_multiple_449-145-0,live_multiple,no,yes,[],161,5,0,1,"Find a roundtrip flight from JFK to LAX, departing on April 15th and returning on April 22nd 2023? I'd like to fly Business class and have no airline preference."
live_multiple_450-145-1,live_multiple,yes,yes,[],66,5,0,0,get a list of attractions in Paris that are suitable for children?
live_multiple_451-145-2,live_multiple,no,yes,[],157,5,0,1,"I'm planning a vacation and need to fly roundtrip from Atlanta, GA to Boston, MA. Find flights that depart on the 12th of march 2023 and return a week later?"
live_multiple_452-145-3,live_multiple,no,yes,[],74,5,0,0,"What Museum is best in New York City, free to enter and suitable for kids?"
live_multiple_453-145-4,live_multiple,no,yes,[],104,5,0,0,I'm looking for something to do with my grandchildren in San Francisco. Hopefully something that's free.
live_multiple_454-145-5,live_multiple,no,yes,[],95,5,0,0,"Can you find me a list of museums suitable for children in London, England, with no entry fees?"
live_multiple_455-145-6,live_multiple,no,yes,[],70,5,0,0,"Search for free entry gardens suitable for a short trip in London, UK?"
live_multiple_456-145-7,live_multiple,no,yes,[],63,5,0,0,"Hi, are there any free performance venue I can visit in London?"
live_multiple_457-145-8,live_multiple,no,yes,[],67,5,0,0,"Will you find child-friendly attractions to visit in Paris, France?"
live_multiple_458-145-9,live_multiple,no,yes,[],115,5,0,0,"I'm planning to visit Paris, and I'd like to find attractions that are suitable for children and have no entry fee."
live_multiple_459-145-10,live_multiple,no,yes,[],146,5,0,0,I have some leisure time and I'm planning to visit Berlin. Find me some attractions there that are particularly good for kids and have free entry?
live_multiple_460-145-11,live_multiple,no,yes,[],95,5,0,0,Can you find me a list of parks in New York that have free entry and are suitable for children?
live_multiple_461-145-12,live_multiple,no,yes,[],115,5,0,0,"Could you search for shopping areas suitable for a family outing in Paris, and let me know if there's no entry fee?"
live_multiple_462-145-13,live_multiple,no,yes,[],182,5,0,1,"Can you find me a roundtrip flight from San Francisco to Atlanta, departing on the 2023 1st of March and coming back on the 6th of March, with American Airlines and in Economy class?"
live_multiple_463-145-14,live_multiple,no,yes,[],75,5,0,0,Can you find me a tourist attraction in Philadelphia that has no entry fee?
live_multiple_464-145-15,live_multiple,no,yes,[],86,5,0,0,Can you search for a Theme Park in Orlanda that's great for kids and has no entry fee?
live_multiple_465-145-16,live_multiple,no,yes,[],87,5,0,0,Find me a one-way economy class flight from JFK to LAX departing on the 6th of October?
live_multiple_466-145-17,live_multiple,no,yes,[],81,5,0,0,"Find me attractions in New York that are shopping areas, free, and kids friendly?"
live_multiple_467-145-18,live_multiple,no,yes,[],107,5,0,0,"Can you find me a historical landmark to visit in Portland, that's suitable for kids but need fee to entry?"
live_multiple_468-145-19,live_multiple,yes,yes,[],73,5,0,0,Retrieve a list of attractions in Seattle that are suitable for children?
live_multiple_469-145-20,live_multiple,no,yes,[],127,5,0,0,"I'm looking to visit a park in Toronto that's suitable for children. Find one for me, and I don't mind if there's an entry fee."
live_multiple_470-145-21,live_multiple,yes,yes,[],91,5,0,0,Can you search for attractions in Paris that are suitable for children and have free entry?
live_multiple_471-145-22,live_multiple,no,yes,[],111,5,0,1,"Can you search for roundtrip flights from JFK to LAX, departing on April 15th and returning on April 22nd 2023?"
live_multiple_472-145-23,live_multiple,yes,yes,[],99,5,0,0,I'm planning a trip to Chicago with my family. Can you find attractions kids friendly in that city?
live_multiple_473-145-24,live_multiple,no,yes,[],72,5,0,0,Find me a museum to visit in New York? I prefer it to be free for entry.
live_multiple_474-145-25,live_multiple,no,yes,[],97,5,0,0,"I'm interested in visiting a museum with my kids in Paris, and I'd prefer if it has no entry fee."
live_multiple_475-146-0,live_multiple,no,yes,[],54,2,0,1,Find some Electropop songs that were released in 2019?
live_multiple_476-146-1,live_multiple,no,yes,[],76,2,0,0,I'm in the mood for some Electropop music from around 2014. Find some please
live_multiple_477-146-2,live_multiple,no,yes,[],169,2,0,0,"I want to find a song now, and I know that there are some really good songs in the album called We Are Not Your Kind, I enjoy Rock-and-roll songs which are from the '19."
live_multiple_478-146-3,live_multiple,no,yes,[],88,2,0,1,"Hey, I feel like listening to some tunes right now. Can you find me something from 2021?"
live_multiple_479-146-4,live_multiple,no,yes,[],104,2,0,0,"Hello, I am hoping you can help me find some songs from the Electropop genre that were released in 2014."
live_multiple_480-146-5,live_multiple,no,yes,[],79,2,0,0,"Can you play my favorite track Summer Vibes by DJ Sunny in the kitchen, please?"
live_multiple_481-146-6,live_multiple,no,yes,[],77,2,0,1,Can you find me some songs from the album High Expectations released in 2019?
live_multiple_482-146-7,live_multiple,no,yes,[],42,2,0,0,Find me some Reggae tracks to choose from?
live_multiple_483-146-8,live_multiple,no,yes,[],196,2,0,0,"Hey, I'm in the mood for music from the album This Is Acting and I really enjoy Sia. Can you find me tracks from that album and by that artist? Additionally, I'd like to hear some Pop genre songs."
live_multiple_484-146-9,live_multiple,no,yes,[],148,2,1,1,"Find songs similar to those on the album 'The New Classic' Additionally, I'd like to explore tracks released around six years ago. This year is 2023"
live_multiple_485-147-0,live_multiple,no,yes,[],92,7,0,1,"Can you check for any available trains from New York, NY to Los Angeles on April 25th, 2023?"
live_multiple_486-147-1,live_multiple,no,yes,[],177,7,0,4,"Could you reserve tickets for two adults for a train ride from New York, NY to Los Angeles on April 23, 2023, starting at 10:00 AM without trip protection and in business class?"
live_multiple_487-147-2,live_multiple,yes,yes,[],138,7,0,0,"Can you book 9am Business class train tickets for two adults from New York, NY to Sacramento on March 13th, with trip protection included?"
live_multiple_488-147-3,live_multiple,no,yes,[],130,7,0,0,"I'm looking to book a train journey from Portland, OR to Seattle, WA on April 22nd. Can we find the available trains for that day?"
live_multiple_489-147-4,live_multiple,no,yes,[],145,7,0,3,"Can you book a train ticket for me from New York, NY to Phoenix, AZ on April 23rd, 2023, leaving at 13:45 for one adult, without trip protection?"
live_multiple_490-148-0,live_multiple,yes,yes,[],67,4,0,3,Can you find me a Theater event in Chicago for the date 2023-04-29?
live_multiple_491-148-1,live_multiple,no,yes,[],59,4,0,3,"find a Music event happening in Berkeley, CA on 2023-05-12?"
live_multiple_492-148-2,live_multiple,no,yes,[],103,4,0,1,"I have a day off on the 10th march 2023, and I'm interested in attending a music event in Berkeley, CA."
live_multiple_493-148-3,live_multiple,no,yes,[],93,4,0,0,I'm looking to attend a theater event in New York. Find me some plays happening on 2023.4.15?
live_multiple_494-148-4,live_multiple,no,yes,[],106,4,0,0,I'm interested in finding a Music event in New York on the date 2023.4.15. Could you provide some options?
live_multiple_495-148-5,live_multiple,no,yes,[],77,4,0,0,I'm looking for a Music event in New York for today. Can you find one for me?
live_multiple_496-148-6,live_multiple,yes,yes,[],77,4,0,1,Find a music event in New York on the 25th of march 2023? today is march 15th
live_multiple_497-148-7,live_multiple,no,yes,[],70,4,0,0,"Can you find any Theater events happening in Oakland, CA on 2023.4.11?"
live_multiple_498-148-8,live_multiple,no,yes,[],69,4,0,1,Find me a music event happening in New York on the 1st of march? 2023
live_multiple_499-148-9,live_multiple,no,yes,[],133,4,0,2,I'm interested in attending a music event in New York. Find me one that's happening on the 9th of march 2023? today is march 1st 2023
live_multiple_500-148-10,live_multiple,no,yes,[],94,4,0,0,I'm looking to catch a music concert today in San Francisco. Find some cultural events for me?
live_multiple_501-148-11,live_multiple,yes,yes,[],228,4,0,0,"During our visit to San Francisco for a regional conference, my colleagues and I are looking to attend an interesting event on the evening of the 1st October 2023. Find us a Theater event happening in San Francisco on that date?"
live_multiple_502-148-12,live_multiple,no,yes,[],70,4,0,0,Help me locate any theater events happening in New York on March 12th?
live_multiple_503-149-0,live_multiple,no,yes,[],121,4,0,1,"Hi, find me a one-way flight from JFK to LAX for the 15th of April 2023? I would like to travel in Premium Economy class."
live_multiple_504-149-1,live_multiple,no,yes,[],154,4,0,0,I'm planning to travel from New York to Los Angeles on April 15th. Find a one-way flight for that date? I'd prefer to fly with Delta Airlines if possible.
live_multiple_505-149-2,live_multiple,no,yes,[],148,4,0,1,Search for a one-way flight departing from San Diego to Chicago on the 20th of May 2023? I'd prefer to fly with American Airlines in Business class.
live_multiple_506-149-3,live_multiple,no,yes,[],170,4,0,1,"I'm planning a short trip and need to find a one-way flight from JFK in New York to LAX in Los Angeles. Can you find me options for flights departing on April 15th, 2023?"
live_multiple_507-149-4,live_multiple,no,yes,[],92,4,0,0,I need to purchase a one-way Economy class flight ticket from LA to New York for March 14th.
live_multiple_508-149-5,live_multiple,no,yes,[],74,4,0,1,Find a one-way flight from JFK to LAX departing on the 15th of April 2023?
live_multiple_509-149-6,live_multiple,yes,yes,[],151,4,0,1,"I need to book a business class one-way flight from Vancouver, BC to Seattle for my business trip. Find me options available on the 12th of march 2023?"
live_multiple_510-149-7,live_multiple,no,yes,[],107,4,0,1,"Find me a one-way flight to Portland, OR, departing from JFK Airport in New York on the 20th of April 2023?"
live_multiple_511-149-8,live_multiple,no,yes,[],132,4,0,0,Search for a one-way Economy class flight leaving from Chicago to Shanghai with Delta Airlines? Departing on the 15th of April 2023.
live_multiple_512-150-0,live_multiple,no,yes,[],107,5,0,0,"I'm done with work, I want to find a 3D movie available in Los Angeles for me to watch during my free time?"
live_multiple_513-150-1,live_multiple,no,yes,[],52,5,0,0,Find action movies showing in New York this weekend?
live_multiple_514-150-2,live_multiple,yes,yes,[],84,5,0,1,"Hi, are there any nice regular movies showing in San Jose at the Century 20 theater?"
live_multiple_515-150-3,live_multiple,no,yes,[],102,5,0,0,"Find horror movies showing in San Jose, CA, I want to watch at the West Wind Capitol Drive-In theater?"
live_multiple_516-150-4,live_multiple,no,yes,[],64,5,0,0,"Find me an IMAX movie playing at Regal theater in San Ramon, CA?"
live_multiple_517-150-5,live_multiple,no,yes,[],79,5,0,0,Can you find a regular screening of a Supernatural movie for me in Los Angeles?
live_multiple_518-150-6,live_multiple,no,yes,[],56,5,0,0,"Can you find action movies being screened in Sonoma, CA?"
live_multiple_519-150-7,live_multiple,no,yes,[],88,5,0,0,Find a documentary movie for me to watch in a regular format at theaters in Los Angeles?
live_multiple_520-150-8,live_multiple,yes,yes,[],80,5,0,0,Find movie to watch at AMC theater Saratoga this weekend? I'm open to any genre.
live_multiple_521-150-9,live_multiple,no,yes,[],84,5,0,0,"Search for a family-friendly movie available in 3D format at theaters in Sonoma, CA?"
live_multiple_522-150-10,live_multiple,no,yes,[],135,5,0,0,Can you find a theater in Larkspur that's showing action movies? I'm not picky about the genre if there are no action movies available.
live_multiple_523-150-11,live_multiple,yes,yes,[],100,5,0,1,"I want to watch a War genre film in a regular format at 3 Below Theaters and Lounge. in San Jose, CA"
live_multiple_524-151-0,live_multiple,no,yes,[],54,2,0,0,"Find Theater events happening in Chicago, IL sometime?"
live_multiple_525-151-1,live_multiple,no,yes,[],187,2,0,1,"I'm going to be in Toronto, Canada next Monday, and I'm interested in attending a Music event. Could you check for any musical shows available on that day? today is monday April 25th 2023"
live_multiple_526-151-2,live_multiple,no,yes,[],63,2,0,3,"Find any Music events happening in San Diego, CA on 05/05/2023?"
live_multiple_527-151-3,live_multiple,no,yes,[],70,2,0,1,"Find a Theater event happening in Seattle, WA on the 15th of May 2023?"
live_multiple_528-151-4,live_multiple,no,yes,[],114,2,0,0,"I'm currently in New York, and I'm looking to attend a Theater show. check if there are any plays happening today?"
live_multiple_529-151-5,live_multiple,yes,yes,[],61,2,0,3,Find any Music events happening in Los Angeles on 04/07/2023?
live_multiple_530-151-6,live_multiple,no,yes,[],66,2,0,3,I'm looking for a Music event happening on 09/09/2023 in New York.
live_multiple_531-151-7,live_multiple,no,yes,[],69,2,0,0,I'm looking for a Music event in Philadelphia. Find what's available?
live_multiple_532-151-8,live_multiple,no,yes,[],57,2,0,0,Find a music event in Portland that's happening sometime?
live_multiple_533-151-9,live_multiple,no,yes,[],64,2,0,0,"Can you find any Theater events happening in London, UK sometime"
live_multiple_534-151-10,live_multiple,yes,yes,[],85,2,0,1,"Could you assist me in discovering musical events in Livermore, CA on March 6th 2023?"
live_multiple_535-151-11,live_multiple,yes,yes,[],92,2,0,0,"I'm interested in attending a musical show in Belvedere, CA. Are there any events happening?"
live_multiple_536-151-12,live_multiple,yes,yes,[],179,2,0,1,My sister is visiting me in Portland next month and I'm looking to entertain her with some cultural activities. Find out if there are any Music events happening on March 9th 2023?
live_multiple_537-151-13,live_multiple,no,yes,[],76,2,0,0,"I'm currently in Chicago, IL, and I'm interested in attending a music event."
live_multiple_538-152-0,live_multiple,yes,yes,[],84,4,0,2,"I'm looking to buy a home with at least 3 bedrooms and 2 bathrooms in Sunnyvale, CA."
live_multiple_539-152-1,live_multiple,no,yes,[],137,4,0,2,"I'm looking to rent a 2-bedroom, 2-bathroom apartment in San Francisco, and I would love it if it came with a garage and in-unit laundry."
live_multiple_540-152-2,live_multiple,no,yes,[],137,4,0,2,"I'm looking to rent a home in Fremont with at least 3 bedrooms, 2 bathrooms, I have a car so ideally garage. Can you find options for me?"
live_multiple_541-152-3,live_multiple,no,yes,[],126,4,0,2,"I'm looking to rent a 3-bedroom, 2-bathroom home in Austin texas, and I don't care about garage or in-unit laundry facilities."
live_multiple_542-152-4,live_multiple,no,yes,[],117,4,0,2,"I'm planning to buy a house in Austin, Texas with at least 3 bedrooms, 2 bathrooms, and I'd like it to have a garage."
live_multiple_543-152-5,live_multiple,no,yes,[],130,4,0,2,"Find a rental in San Francisco with 2 bedrooms and 1 bathroom, and I'm not concerned about having a garage or in-unit laundry....."
live_multiple_544-152-6,live_multiple,no,yes,[],137,4,0,2,"Search for a property to rent in Mountain View california with at least 2 bedrooms, 1 bathroom, and must have in-unit laundry facilities?"
live_multiple_545-152-7,live_multiple,no,yes,[],92,4,0,2,"Find properties available for rent in Petaluma, CA with at least 2 bedrooms and 2 bathrooms?"
live_multiple_546-152-8,live_multiple,no,yes,[],156,4,0,2,"Find me homes available for purchase in San Francisco, with at least 3 bedrooms and 2 bathrooms? I'm not concerned about having a garage or in-unit laundry."
live_multiple_547-152-9,live_multiple,no,yes,[],85,4,0,0,Buy a house in San Francisco with at least three bedrooms and it must have a garage. 
live_multiple_548-152-10,live_multiple,no,yes,[],117,4,0,0,"find homes available for rent in San Francisco with four bedrooms, three bathrooms, and no garage or in-unit laundry?"
live_multiple_549-152-11,live_multiple,yes,yes,[],120,4,0,2,"I'm interested in purchasing a home in San Jose, CA with at least 3 bedrooms, 2 bathrooms, and preferably with a garage."
live_multiple_550-152-12,live_multiple,no,yes,[],161,4,0,2,"look for a 2-bedroom, 2-bathroom apartment to rent in Denver, CO? I don't care about garage space, but I'd really like it to have laundry facilities in the unit."
live_multiple_551-153-0,live_multiple,no,yes,[],55,4,0,0,I would like to find a hair stylist in Berkeley for me?
live_multiple_552-153-1,live_multiple,no,yes,[],122,4,0,0,I want to go to a Salon which should be an Unisex one. I am now in Walnut Creek so please search for the one located here.
live_multiple_553-153-2,live_multiple,yes,yes,[],79,4,0,0,"I am in desperate need for a haircut, can you help me find a salon in San Fran?"
live_multiple_554-154-0,live_multiple,yes,yes,[],123,4,0,0,"Is there a rental car available in London on the 10th of March onwards picking up at 10am till 17th March, any car will do?"
live_multiple_555-154-1,live_multiple,yes,yes,[],130,4,0,1,"I have friends coming over from new york, I'm looking to rent a Sedan in Los Angeles from April 14th, 2023 until April 18th, 2023."
live_multiple_556-154-2,live_multiple,no,yes,[],108,4,0,3,Can you locate available sedans for rent in Long Beach with a pickup date and end date of 2023-04-12 at 2pm?
live_multiple_557-154-3,live_multiple,no,yes,[],105,4,0,1,I need to rent a car in Los Angeles. Find what's available from April 18th 2023 at 10am until April 24th?
live_multiple_558-154-4,live_multiple,no,yes,[],153,4,0,2,I'm planning a tour and will need a rental car. Find out what cars are available in Los Angeles from May 15th with a pickup time at 10:00 AM to May 20th?
live_multiple_559-154-5,live_multiple,yes,yes,[],169,4,0,2,I'm planning a trip to Los Angeles and need to rent a car. I'll be getting the car on April 8th 2023 hopefully at 10 in the morning time and returning it on April 10th. 
live_multiple_560-155-0,live_multiple,no,yes,[],72,6,0,0,I'm looking for a music event in New York this weekend. Any suggestions?
live_multiple_561-155-1,live_multiple,no,yes,[],98,6,0,0,I'm looking for a good time in New York. search up some music events happening there this weekend?
live_multiple_562-155-2,live_multiple,no,yes,[],39,6,0,0,"Find any Theater events in Seattle, WA?"
live_multiple_563-155-3,live_multiple,no,yes,[],205,6,0,1,"Is it possible for you to find me something interesting which I can do? I am interested in things around Philadelphia happening on 7th of this march 2023, and more specifically I enjoy Musical performance."
live_multiple_564-155-4,live_multiple,no,yes,[],85,6,0,1,"Can you look up any theater events happening in Seattle, WA on the 7th of march 2023?"
live_multiple_565-155-5,live_multiple,no,yes,[],79,6,0,1,finding a musical performance in New York scheduled for the 12th of march 2023?
live_multiple_566-155-6,live_multiple,no,yes,[],59,6,0,0,"Hi, Find something interesting for me to do in Sacramento ?"
live_multiple_567-155-7,live_multiple,no,yes,[],90,6,0,3,"Hi, Find Theater events in Los Angeles on the 4th of march 2023, march 2023 is march 2023?"
live_multiple_568-155-8,live_multiple,yes,yes,[],151,6,0,1,I'll be in New York City on the 9th and I'm interested in attending a Drama. Can you find any theater events for me on that date? currently is sep 2023
live_multiple_569-155-9,live_multiple,no,yes,[],119,6,0,1,"I want to find what cultural events, like concerts or plays, are happening in Las Vegas on March 6th? current it's 2023"
live_multiple_570-155-10,live_multiple,no,yes,[],78,6,0,0,Could you search for any music events happening in the big apple this weekend?
live_multiple_571-155-11,live_multiple,no,yes,[],158,6,0,3,I'm getting Cabin Fever from being cooped up at work and home. find a theater event for me on the 9th of march 2023 in San Francisco? march 2023 is 2023 march
live_multiple_572-155-12,live_multiple,no,yes,[],121,6,0,2,"I'm looking for a music event in Fresno, CA for me and a friend to attend on the 10th. Find one? march 2023 is 2023 march"
live_multiple_573-155-13,live_multiple,no,yes,[],84,6,0,1,"Can you find any music events happening in Seattle, WA on March 11th? this year 2023"
live_multiple_574-156-0,live_multiple,no,yes,[],89,5,0,0,I'm looking to get a haircut in Berkeley. Find a salon that caters to both men and women?
live_multiple_575-156-1,live_multiple,no,yes,[],55,5,0,0,"I would like to find a hair stylist in Santa Rosa, CA. "
live_multiple_576-156-2,live_multiple,no,yes,[],52,5,0,0,Can you find a unisex hair salon in Berkeley for me?
live_multiple_577-156-3,live_multiple,no,yes,[],84,5,0,0,i didn't do my hair cut for a long time.will you find me a unisex salon in San Jose.
live_multiple_578-156-4,live_multiple,yes,yes,[],154,5,0,0,"I'm looking to update my hairstyle and need to find a salon that can help me look my best. Find me a salon in Berkeley, CA, preferably one that is unisex?"
live_multiple_579-157-0,live_multiple,no,yes,[],107,3,0,0,"I'm in the mood for a good laugh. Explore some Comedy movies for me, maybe something with Jim Carrey in it?"
live_multiple_580-157-1,live_multiple,yes,yes,[],97,3,0,0,Can you help me explore comic movies that feature Vanessa Przada? I'm in the mood for some humor.
live_multiple_581-157-2,live_multiple,yes,yes,[],68,3,0,0,Can you explore scientific fiction movies that are available online?
live_multiple_582-157-3,live_multiple,no,yes,[],77,3,0,0,I'm in the mood for a Comedy movie with Jim Carrey. Which ones are available?
live_multiple_583-157-4,live_multiple,no,yes,[],94,3,0,0,I'm in the mood for a Fantasy movie with Bret McKenzie. Could you suggest some options for me?
live_multiple_584-157-5,live_multiple,no,yes,[],87,3,0,0,"Explore some Sci-fi movies, preferably with actors like Chris Hemsworth or Zoe Saldana?"
live_multiple_585-157-6,live_multiple,no,yes,[],95,3,0,0,"I feel like watching an action movie tonight, maybe something with Bruce Willis in it. Can you "
live_multiple_586-157-7,live_multiple,no,yes,[],68,3,0,0,Can you find me a fantasy genre movie that features Timothy Bateson?
live_multiple_587-157-8,live_multiple,no,yes,[],53,3,0,0,Find me a Horror movie that features Christopher Lee?
live_multiple_588-157-9,live_multiple,no,yes,[],46,3,0,0,Find me a Horror movie with Arthur Lowe in it?
live_multiple_589-157-10,live_multiple,no,yes,[],74,3,0,0,"I'm in the mood for a Sci-fi movie, preferably one that stars Bobby Nish. "
live_multiple_590-157-11,live_multiple,no,yes,[],115,3,0,0,I'm interested in watching an animation film that features Christina-Ann Zalamea. Can you find some options for me?
live_multiple_591-157-12,live_multiple,no,yes,[],114,3,0,0,I'm in the mood for a drama film that features Dan Bittner. Could you suggest some options for me to watch online?
live_multiple_592-157-13,live_multiple,no,yes,[],105,3,0,0,I'm interested in exploring Offbeat genre movies starring Inbal Amirav. Can you find some options for me?
live_multiple_593-157-14,live_multiple,no,yes,[],61,3,0,0,Find movies in the Comedy genre that feature Ellise Chappell?
live_multiple_594-158-0,live_multiple,no,yes,[],165,2,0,0,"I'm planning a trip to London, UK. Could you search for hotels there? I'm looking for a non-smoking room and don't care about the number of rooms or the star rating."
live_multiple_595-158-1,live_multiple,yes,yes,[],97,2,0,1,Can you search for a 3-star hotel in New York City that allows smoking and book two rooms for me?
live_multiple_596-158-2,live_multiple,no,yes,[],92,2,0,0,I'm looking for a hotel in San Francisco. Can you find one that has a single room available?
live_multiple_597-158-3,live_multiple,yes,yes,[],82,2,0,0,"Search for a four-star hotel in Toronto, Canada? I would like to reserve one room."
live_multiple_598-158-4,live_multiple,no,yes,[],169,2,0,3,"I'm planning a trip to Washington D.C. and need to reserve a room for my stay. I'd like to check in on April 21, 2023, and will be staying for 3 nights. Find me a place?"
live_multiple_599-158-5,live_multiple,no,yes,[],50,2,0,0,"Can you search for a hotel in Delhi, India for me?"
live_multiple_600-158-6,live_multiple,no,yes,[],95,2,0,0,"I'm heading to London for a conference, and I need to book two smoking rooms in a hotel there. "
live_multiple_601-158-7,live_multiple,no,yes,[],104,2,0,0,Find a hotel in Kuala Lumpur. I'm not too concerned about the star rating or whether smoking is allowed.
live_multiple_602-158-8,live_multiple,no,yes,[],52,2,0,1,"Find a hotel with a 4-star rating in Nairobi, Kenya."
live_multiple_603-158-9,live_multiple,no,yes,[],47,2,0,0,Can you find me a three-star hotel in New York?
live_multiple_604-158-10,live_multiple,no,yes,[],68,2,0,0,Search for a hotel in Sacramento in califronia for my upcoming trip?
live_multiple_605-158-11,live_multiple,no,yes,[],88,2,0,1,I'm planning a trip to Paris and would like to find a 3-star hotel. I'll need one room. 
live_multiple_606-158-12,live_multiple,no,yes,[],95,2,0,1,"Search for a 4-star hotel in Sydney, Australia that allows smoking and has two rooms available?"
live_multiple_607-159-0,live_multiple,no,yes,[],65,4,0,0,I want to find a Music event happening on March 14th in New York.
live_multiple_608-159-1,live_multiple,no,yes,[],62,4,0,2,"I'm looking for a Theater event in Chicago, IL on 2023-03-13. "
live_multiple_609-159-2,live_multiple,no,yes,[],105,4,0,2,"I'm interested in attending a Music event in Philadelphia, PA on 2023-03-10. Could you locate one for me?"
live_multiple_610-159-3,live_multiple,no,yes,[],77,4,0,0,"Can you find me a Music event in Portland, OR that's happening on March 14th?"
live_multiple_611-159-4,live_multiple,no,yes,[],102,4,0,3,"Could you assist me in locating a Music event in Philadelphia, PA for this coming Saturday 2023-09-30?"
live_multiple_612-159-5,live_multiple,no,yes,[],100,4,0,0,I'm interested in attending a concert this weekend. Find some music events happening in Los Angeles?
live_multiple_613-159-6,live_multiple,no,yes,[],112,4,0,0,"I'm interested in attending a Theater event in London, UK. Could you look for any plays happening on March 10th?"
live_multiple_614-159-7,live_multiple,no,yes,[],116,4,0,0,"I'm interested in attending a music event in Portland, OR. Can you locate any concerts happening there this weekend?"
live_multiple_615-159-8,live_multiple,no,yes,[],63,4,0,3,"Find me a Music event happening in San Diego, CA on 2023-04-08?"
live_multiple_616-159-9,live_multiple,no,yes,[],102,4,0,0,I'm looking to attend a theater event in Los Angeles on March 11th. Find available plays on that date?
live_multiple_617-159-10,live_multiple,no,yes,[],94,4,0,0,I'll be in Los Angeles on March 10th. Can you look up any music events happening on that date?
live_multiple_618-159-11,live_multiple,no,yes,[],72,4,0,3,"Can you find me a Music event happening in London, UK on the 2023-06-12?"
live_multiple_619-159-12,live_multiple,no,yes,[],86,4,0,1,"Can you find any Theater events happening in Long Beach, CA on the 12th of march 2023?"
live_multiple_620-160-0,live_multiple,no,yes,[],93,2,0,1,Can you initiate a payment request to Mary for $200 and make sure the transaction is private?
live_multiple_621-160-1,live_multiple,no,yes,[],88,2,0,1,Could you initiate a private payment from my debit card to my landlord's email for $154?
live_multiple_622-160-2,live_multiple,no,yes,[],70,2,0,1,Could you send $29 to my friend Thomas's account using my credit card?
live_multiple_623-160-3,live_multiple,no,yes,[],93,2,0,1,My friend owes me some money. Could you initiate a private payment request to Wilson for $42?
live_multiple_624-160-4,live_multiple,no,yes,[],121,2,0,1,"Could you initiate a payment request to JohnDoe@example.com for $150.25, and ensure that the transaction remains private?"
live_multiple_625-160-5,live_multiple,no,yes,[],123,2,0,1,Can you initiate a private payment transaction for me to send $200 from my debit card to Amelia's email amelia@example.com?
live_multiple_626-160-6,live_multiple,no,yes,[],125,2,0,1,"I would like to request a payment of $83 from my friend's email, johndoe@example.com. Could we keep this transaction private?"
live_multiple_627-160-7,live_multiple,no,yes,[],115,2,0,1,"Can you initiate a payment to Diego's account using my app balance for $200, and ensure the transaction is private?"
live_multiple_628-160-8,live_multiple,no,yes,[],55,2,0,1,Could you initiate a payment request to Diego for $108?
live_multiple_629-160-9,live_multiple,no,yes,[],100,2,0,1,"Can you send $250 to Rachel's account using my debit card, and make sure the transaction is private?"
live_multiple_630-160-10,live_multiple,no,yes,[],117,2,0,1,"Could you initiate a request for 15500 cents from Amelia's account, and set the privacy of the transaction to public?"
live_multiple_631-160-11,live_multiple,no,yes,[],137,2,0,1,Can you initiate a payment request for $45 to the customer who bought a basket from my online store? Their email is customer@example.com.
live_multiple_632-161-0,live_multiple,no,yes,[],98,6,1,1,Can you provide me with a list of songs from the album 'Welcome To The Fishbowl' released in 2015?
live_multiple_633-161-1,live_multiple,no,yes,[],58,6,0,1,Can you find me some Rock music released in the year 2015?
live_multiple_634-161-2,live_multiple,no,yes,[],117,6,0,0,"Can you find me a list of country songs? I'm open to any artist and year, but just want to explore the country genre."
live_multiple_635-161-3,live_multiple,no,yes,[],59,6,0,1,Can you find some Electropop songs released in 2019 for me?
live_multiple_636-161-4,live_multiple,no,yes,[],75,6,0,0,Can you retrieve a list of Electropop songs that include tracks by Tove Lo?
live_multiple_637-161-5,live_multiple,no,yes,[],68,6,0,0,Can you play some rock songs by Thousand Foot Krutch in the kitchen?
live_multiple_638-161-6,live_multiple,no,yes,[],90,6,1,0,Could you locate Holiday genre songs from the album 'Everyday Is Christmas' by Sia for me?
live_multiple_639-161-7,live_multiple,no,yes,[],114,6,1,0,"I would like to hear a track from the album 'High Expectations', or alternatively, any song that came out in 2019."
live_multiple_640-161-8,live_multiple,no,yes,[],79,6,1,1,Find me tracks by Cody Johnson from the year 2019 from his album 'Gotta Be Me'?
live_multiple_641-161-9,live_multiple,no,yes,[],45,6,0,1,Can you find a song from 2018 by Jess Glynne?
live_multiple_642-161-10,live_multiple,no,yes,[],83,6,0,0,"Can you look up a list of Pop songs, and if possible, include tracks by Tyler Shaw?"
live_multiple_643-161-11,live_multiple,no,yes,[],66,6,0,1,Can you look up a rock song by Radwimps that was released in 2016?
live_multiple_644-161-12,live_multiple,yes,yes,[],111,6,0,0,"I feel like dancing. Could you look up Pop music, and then play a track by any artist on my living room device?"
live_multiple_645-161-13,live_multiple,no,yes,[],94,6,0,0,I'm interested in exploring Madonna's music released in 2019. Could you compile a list for me?
live_multiple_646-161-14,live_multiple,no,yes,[],84,6,1,1,Can you retrieve a list of songs released in 2020 that are from the album 'Starboy'?
live_multiple_647-161-15,live_multiple,no,yes,[],56,6,0,1,Can you find me songs by Ariana Grande released in 2018?
live_multiple_648-161-16,live_multiple,no,yes,[],84,6,1,0,Can you retrieve a list of songs performed by Little Mix from the 'Get Weird' album?
live_multiple_649-161-17,live_multiple,no,yes,[],77,6,0,1,Find songs from the album Narrated For You that were released last year 2022?
live_multiple_650-161-18,live_multiple,no,yes,[],80,6,1,0,Can you search for tracks from the movie 'Raees'? I believe it's an album title.
live_multiple_651-161-19,live_multiple,no,yes,[],153,6,1,0,"I'd like to listen to some rock music while I work. Could you play something from the Red Hot Chili Peppers, specifically from their album 'The Getaway'?"
live_multiple_652-161-20,live_multiple,yes,yes,[],62,6,0,0,Can you play tracks by the artist Outsider in the living room?
live_multiple_653-161-21,live_multiple,no,yes,[],70,6,1,1,Find me some songs from the album 'Halcyon' released in the year 2012?
live_multiple_654-161-22,live_multiple,no,yes,[],111,6,0,1,I feel great today and I'd love to listen to some upbeat pop music. Find a track from 2018 that fits this vibe?
live_multiple_655-161-23,live_multiple,no,yes,[],109,6,1,0,"Hi, I'm looking for Pop songs from the album 'Warrior' that were released in 2012. Can you help me find them?"
live_multiple_656-161-24,live_multiple,no,yes,[],92,6,0,0,"Could you search for Pop songs by Harris J, and check if there are any from the Salam album?"
live_multiple_657-161-25,live_multiple,no,yes,[],100,6,1,0,"I'd like to listen to 'Shape of You' by Ed Sheeran in the living room now, could you play it for me?"
live_multiple_658-162-0,live_multiple,no,yes,[],69,8,0,0,Could you locate any theater events in New York on the 12th of March?
live_multiple_659-162-1,live_multiple,no,yes,[],50,8,0,0,Find me some theater events happening in New York?
live_multiple_660-162-2,live_multiple,no,yes,[],98,8,0,0,"I'm looking for a cultural event in New York on March 10th, preferably a music concert or a play. "
live_multiple_661-162-3,live_multiple,no,yes,[],66,8,0,2,I'm looking for a music event in New York on the date 2023-05-21. 
live_multiple_662-162-4,live_multiple,no,yes,[],77,8,0,3,"Find a music event in New York for this coming Saturday, which is 2023-10-07?"
live_multiple_663-162-5,live_multiple,no,yes,[],171,8,0,1,"I have some friends visiting and want to find something for us to do. Can you see if there are any Music events happening around Philadelphia, PA on the 8th of March 2023?"
live_multiple_664-162-6,live_multiple,no,yes,[],50,8,0,0,Find me some musical events happening in New York?
live_multiple_665-162-7,live_multiple,no,yes,[],62,8,0,0,Find any theater events happening in Los Angeles on March 9th?
live_multiple_666-162-8,live_multiple,no,yes,[],143,8,0,3,I'll be in New York after a business meeting. Find any music concerts or theater plays happening there this weekend? Today is friday 2023-10-01
live_multiple_667-162-9,live_multiple,no,yes,[],100,8,0,1,"Hey, can you help me find an interesting play I can go to on the 5th of March 2023 in New York City?"
live_multiple_668-162-10,live_multiple,no,yes,[],131,8,0,0,I am bored I want to do something Tuesday next week in NY and I love Broadway what can you find for me? Today is tuesday 2023.10.10
live_multiple_669-162-11,live_multiple,no,yes,[],61,8,0,0,I'm looking for a Music event in New York on March 7th 2023. 
live_multiple_670-162-12,live_multiple,no,yes,[],104,8,0,3,"I'd like to know about any music events happening next Monday in Portland,or. today is 2023-10-1 monday "
live_multiple_671-162-13,live_multiple,no,yes,[],108,8,0,0,"Hi, Find me a music event in New York for this Sunday 2023.10.1? I'm interested in knowing what's available."
live_multiple_672-162-14,live_multiple,no,yes,[],98,8,0,0,I'm looking for a Music event in Los Angeles this Saturday 2023.10.1. Do you have any suggestions?
live_multiple_673-162-15,live_multiple,no,yes,[],124,8,0,2,Can you find any music events happening in New York this Sunday? Today is Friday 2023-09-29. I could use some entertainment.
live_multiple_674-162-16,live_multiple,yes,yes,[],55,8,0,0,Find any movie theater events happening in Los Angeles?
live_multiple_675-163-0,live_multiple,no,yes,[],78,3,0,1,"Can you provide the weather information for Ciudad de Mexico on May 5th, 2023?"
live_multiple_676-163-1,live_multiple,no,yes,[],76,3,0,0,What's the weather going to be like in New York tomorrow? today is 2023.10.1
live_multiple_677-163-2,live_multiple,no,yes,[],104,3,0,0,"Can you provide the weather forecast for Philadelphia, PA on April 13th of next year? today is 2023.10.1"
live_multiple_678-163-3,live_multiple,no,yes,[],87,3,0,3,"Hey, can you check for me how's the weather gonna be in Washington D.C. on 20023-04-02?"
live_multiple_679-163-4,live_multiple,no,yes,[],105,3,0,1,"Could you tell me the weather forecast for Sydney, Australia on the 2nd of march 2023? today is 2023.10.1"
live_multiple_680-163-5,live_multiple,yes,yes,[],81,3,0,1,"Could you provide me with the weather forecast for Chicago, IL on March 8th 2023?"
live_multiple_681-163-6,live_multiple,no,yes,[],67,3,0,3,"Can you tell me if it will rain in Vancouver, Canada on 2023-03-10?"
live_multiple_682-163-7,live_multiple,no,yes,[],87,3,0,1,"Can you tell me the weather in Seattle, WA on the 4th of march 2023? today is 2023.10.1"
live_multiple_683-163-8,live_multiple,no,yes,[],101,3,0,0,"Can you tell me what the weather will be like in Miami, FL on March 3rd next year? today is 2023.10.1"
live_multiple_684-164-0,live_multiple,no,yes,[],93,3,0,0,Find me a thriller movie that was directed by Riley Stearns and has Steve Terada in the cast?
live_multiple_685-164-1,live_multiple,no,yes,[],58,3,0,0,Can you find me an offbeat movie directed by Wes Anderson?
live_multiple_686-164-2,live_multiple,yes,yes,[],66,3,0,0,Can you find me a list of thrill movies that feature Leland Orser?
live_multiple_687-164-3,live_multiple,no,yes,[],55,3,0,0,Find me a fantasy movie directed by Guillermo del Toro?
live_multiple_688-164-4,live_multiple,no,yes,[],61,3,0,0,Can you find a Family genre movie that features Carol Sutton?
live_multiple_689-164-5,live_multiple,no,yes,[],108,3,0,0,Can you find me a list of mystery movies that are directed by Gavin Hood and include Rhys Ifans in the cast?
live_multiple_690-164-6,live_multiple,no,yes,[],97,3,0,0,I'm interested in watching a movie featuring Jack Carson. Could you provide me with some options?
live_multiple_691-164-7,live_multiple,no,yes,[],110,3,0,0,Can you find me a Family genre movie that was directed by Herbert Ross and includes Nancy Parsons in the cast?
live_multiple_692-164-8,live_multiple,no,yes,[],57,3,0,0,Find a list of ghost movies directed by Peter Strickland?
live_multiple_693-164-9,live_multiple,no,yes,[],85,3,0,0,I'm in the mood for a drama film featuring Utkarsh Ambudkar. Can you find one for me?
live_multiple_694-164-10,live_multiple,no,yes,[],105,3,0,0,I'm looking for a movie where Javier Bardem is one of the lead actors. Can you help me find some options?
live_multiple_695-164-11,live_multiple,no,yes,[],112,3,0,0,Can you find me movies in the Anime genre that are directed by Satoshi Kon and feature Akiko Kawase in the cast?
live_multiple_696-164-12,live_multiple,no,yes,[],86,3,0,0,Can you find me a list of Mystery movies that feature Noah Gaynor as part of the cast?
live_multiple_697-164-13,live_multiple,no,yes,[],75,3,0,0,Find movies directed by Quentin Tarantino that fall into the Offbeat genre?
live_multiple_698-164-14,live_multiple,no,yes,[],77,3,0,0,"Hey, I'm in the mood for something offbeat. Find me a list of offbeat movies?"
live_multiple_699-164-15,live_multiple,no,yes,[],57,3,0,0,Can you find a list of family movies that feature Tzi Ma?
live_multiple_700-164-16,live_multiple,no,yes,[],76,3,0,0,I'd like to see a list of movies directed by Hari Sama. Can you help me out?
live_multiple_701-164-17,live_multiple,no,yes,[],48,3,0,0,Find a Comedy film that features Vanessa Przada?
live_multiple_702-164-18,live_multiple,no,yes,[],111,3,0,0,I have some free time and I'd like to watch a movie. Can you find me a movie with Katsunosuke Hori in the cast?
live_multiple_703-164-19,live_multiple,yes,yes,[],69,3,0,0,Find dramas directed by Alex Kendrick featuring Aryn Wright-Thompson?
live_multiple_704-164-20,live_multiple,no,yes,[],83,3,0,0,I'm in the mood for a good laugh. Find me a Comedy movie that stars Claudia Doumit?
live_multiple_705-164-21,live_multiple,no,yes,[],118,3,0,0,I'm in the mood for a film tonight. Could you retrieve a list of movies that feature Nikita Mehta in the leading role?
live_multiple_706-164-22,live_multiple,no,yes,[],93,3,0,0,I'm interested in watching a Fantasy movie. Could you search for movies in that genre for me?
live_multiple_707-164-23,live_multiple,no,yes,[],75,3,0,0,I'd like to see a list of movies featuring Pete Davidson. Find some for me?
live_multiple_708-164-24,live_multiple,yes,yes,[],73,3,0,0,Can you find a Sci-fi movie directed by Steven Spielberg for me to watch?
live_multiple_709-164-25,live_multiple,yes,yes,[],105,3,0,0,"I'm in the mood for a Comedy-drama movie, preferably one directed by Kirill Mikhanovsky. Find one for me?"
live_multiple_710-164-26,live_multiple,no,yes,[],96,3,0,0,Find a comedy that's playing this weekend? My brother and I would love to watch something funny.
live_multiple_711-164-27,live_multiple,no,yes,[],120,3,0,0,I'm in the mood for a Fantasy movie directed by Jim Henson and with Steve Whitmire in the cast. Can you find one for me?
live_multiple_712-164-28,live_multiple,no,yes,[],95,3,0,0,Can you find me a list of action movies playing this weekend that are directed by David Leitch?
live_multiple_713-165-0,live_multiple,no,yes,[],122,3,0,0,"Hey, I'm going on a short trip. Can you help me find a house for one in London, England? It needs to have laundry service."
live_multiple_714-165-1,live_multiple,no,yes,[],94,3,0,1,"Can you search for available houses in Phoenix, arizona that have rating of 4.1 no lower than?"
live_multiple_715-165-2,live_multiple,no,yes,[],103,3,0,2,"Can you find a house in Austin, TX with laundry service, for 2 adults, having a rating of at least 4.4?"
live_multiple_716-165-3,live_multiple,no,yes,[],59,3,0,0,Can you find me an available house to rent in Austin texas?
live_multiple_717-165-4,live_multiple,no,yes,[],78,3,0,0,"I'm after a house for one person in Kuala Lumpur, with laundry service please."
live_multiple_718-165-5,live_multiple,no,yes,[],117,3,0,7,"I'm planning a trip to Austin, TX and I need to book a house for 4 men over 18 yr old from 05/12/2023 to 05/18/2023. "
live_multiple_719-165-6,live_multiple,no,yes,[],64,3,0,1,"I'll be visiting Anaheim and need a house to stay, for 1 person."
live_multiple_720-165-7,live_multiple,no,yes,[],156,3,0,6,I'm looking to book a house in New York for 4 adults. We plan to check in on 05/10/2023 and check out on 05/15/2023. Find available options for those dates?
live_multiple_721-165-8,live_multiple,no,yes,[],112,3,0,1,Can you find a house in Philadelphia ideally with a washing machine and a rating of at least 4.1 for one person?
live_multiple_722-165-9,live_multiple,no,yes,[],108,3,0,6,I need to book a house in Los Angeles for four adults from 04/23/2023 to 04/27/2023. rating higher than 4.1?
live_multiple_723-165-10,live_multiple,no,yes,[],81,3,0,0,"Hi, I just landed in France, find available houses with laundry service in Paris?"
live_multiple_724-165-11,live_multiple,no,yes,[],143,3,0,1,I am going to Los Angeles and want a house I can stay in. I need the house to have a rating of 3.7 or above and it should have laundry service.
live_multiple_725-166-0,live_multiple,no,yes,[],75,3,0,0,"Can you search for a hair stylist in Lafayette in Louisiana for me, please?"
live_multiple_726-166-1,live_multiple,no,yes,[],60,3,0,0,Can you search for a unisex hair stylist in New York for me?
live_multiple_727-166-2,live_multiple,no,yes,[],103,3,0,1,I need to book an appointment with John's Barber Shop for a haircut on March 15th at 2 in the afternoon
live_multiple_728-166-3,live_multiple,no,yes,[],102,3,0,2,"Find me a hair stylist in Walnut Creek, CA who is available on March 5th, 2023, at 2 in the afternoon?"
live_multiple_729-167-0,live_multiple,no,yes,[],74,4,0,0,"Find a two-bedroom, one-bathroom apartment for rent in Denver in Colorado?"
live_multiple_730-167-1,live_multiple,yes,yes,[],145,4,0,2,I need to find a place to buy in San Leandro california with at least 3 bedrooms and 2 bathrooms. I don't have a car and I have laundry services.
live_multiple_731-167-2,live_multiple,no,yes,[],206,4,0,2,Could you assist me in finding a home to rent in San Francisco? I'm looking for a place with at least 3 bedrooms and 2 bathrooms. It would be great if it had a garage and in-unit laundry facilities as well.
live_multiple_732-167-3,live_multiple,no,yes,[],87,4,0,2,"I'm looking for a house to buy in Seattle, WA with 3 bedrooms and 2 bathrooms. Can you "
live_multiple_733-167-4,live_multiple,no,yes,[],142,4,0,0,"Can you find me a rental in San Francisco with two bedrooms and one bathroom? No need for a garage, but I'd prefer it to have in-unit laundry."
live_multiple_734-167-5,live_multiple,no,yes,[],111,4,0,2,"i'm looking for a place to buy in Los Angeles with at least 2 bedrooms, 2 bathrooms, and it must have a garage?"
live_multiple_735-167-6,live_multiple,no,yes,[],117,4,0,2,"Find a rental in Castro Valley, CA with at least 2 bedrooms, 1 bathroom, and it must have in-unit laundry facilities?"
live_multiple_736-167-7,live_multiple,no,yes,[],96,4,0,2,"I'm looking to stay shortly for a 2-bedroom, 1-bathroom apartment with a garage in Benicia, CA. "
live_multiple_737-167-8,live_multiple,no,yes,[],150,4,0,2,Hello. I'm looking to buy a property in San Francisco that has at least 2 bedrooms and 3 bathrooms. Could you also include options that have a garage?
live_multiple_738-168-0,live_multiple,no,yes,[],59,5,0,1,I need to make a payment using app balance to Peter $75.50?
live_multiple_739-168-1,live_multiple,no,yes,[],90,5,0,1,send $50 to my friend Alex using my app balance? And make sure the transaction is private.
live_multiple_740-168-2,live_multiple,no,yes,[],105,5,0,1,initiate a payment of $250 to Margaret's account using my debit card and mark the transaction as private?
live_multiple_741-168-3,live_multiple,no,yes,[],77,5,0,1,"send $125 to Alex using my credit card, I don't want anybody see this online?"
live_multiple_742-168-4,live_multiple,no,yes,[],86,5,0,1,Could you send 84 bucks from my app Cash to Yumi? Please keep the transaction private.
live_multiple_743-168-5,live_multiple,no,yes,[],109,5,0,1,"Make a transaction for me from my balance with Rachel with $50, and I prefer to keep the transaction private."
live_multiple_744-168-6,live_multiple,no,yes,[],95,5,0,1,I need to transfer $250 to Svetlana using my in-app balance. Could you make it private as well?
live_multiple_745-169-0,live_multiple,no,yes,[],87,5,0,0,I'd like to find a World genre Foreign story movie starring Ula Tabari to watch online.
live_multiple_746-169-1,live_multiple,no,yes,[],71,5,0,0,I want to explore movies in the fantasy genre that feature Emma Watson.
live_multiple_747-169-2,live_multiple,no,yes,[],107,5,0,0,I wish to search a movie to watch online. Fantasy movie will be nice. I love movies with David Shaughnessy.
live_multiple_748-169-3,live_multiple,no,yes,[],64,5,0,0,Please go online and search for Fight movies featuring Ani Sava.
live_multiple_749-169-4,live_multiple,no,yes,[],118,5,0,0,"It's such a dreary day out today, I think i'll just stay in and watch some movies. Find a good Offbeat movie to watch?"
live_multiple_750-169-5,live_multiple,no,yes,[],161,5,0,0,I have a little time free and I am thinking to watch a movie online to spend that time. Can you find me a nice movie especially the one featuring Madge Brindley?
live_multiple_751-169-6,live_multiple,no,yes,[],102,5,0,0,I'm looking for a comedy film that stars Jim Carrey to watch online with my friends who are visiting. 
live_multiple_752-169-7,live_multiple,no,yes,[],62,5,0,0,I love Mystery movies: can you find a movie with Monica Dolan?
live_multiple_753-169-8,live_multiple,no,yes,[],70,5,0,0,can you fine ma cartoon movie to watch? i like movies with anri katsu.
live_multiple_754-169-9,live_multiple,no,yes,[],58,5,0,0,I would like to find a funny movie featuring Ana de Armas.
live_multiple_755-169-10,live_multiple,no,yes,[],79,5,0,0,I'd like to look for some films online. I enjoy films showcasing Peter Jackson.
live_multiple_756-169-11,live_multiple,no,yes,[],83,5,0,0,I want to find me some movies online.I enjoy horror movies featuring Betsy Widhalm.
live_multiple_757-169-12,live_multiple,no,yes,[],76,5,0,0,Can you please help me pull up Family movies starring Debbie McCann in them?
live_multiple_758-169-13,live_multiple,no,yes,[],55,5,0,0,I'm looking for an thriller movie with Roberts Blossom.
live_multiple_759-169-14,live_multiple,no,yes,[],58,5,0,0,Would you kindly help me to find some online comic movies?
live_multiple_760-169-15,live_multiple,no,yes,[],82,5,0,0,I'm interested in a selection of movies in the thrillers starring Michelle Caspar.
live_multiple_761-169-16,live_multiple,yes,yes,[],65,5,0,0,i am looking for some horror movies online similar to dean norris
live_multiple_762-170-0,live_multiple,yes,yes,[],108,2,0,1,"Can you check for bus itineraries from Portland, OR to Vancouver, BC for March 7th 2023, for two passengers?"
live_multiple_763-170-1,live_multiple,yes,yes,[],53,2,0,1,I need a bus for 2 people from LA to SD on 2023.10.1.
live_multiple_764-170-2,live_multiple,no,yes,[],91,2,0,0,I need to search for a bus itinerary from San Francisco to Los Angeles for April 22nd 2023.
live_multiple_765-170-3,live_multiple,no,yes,[],127,2,0,2,I love Philadelphia but I need to leave it for a bit to New York. Can you book me bus tickets for four people on april 23 2023?
live_multiple_766-170-4,live_multiple,no,yes,[],109,2,0,0,"Can you find a bus itinerary from Austin, TX to Dallas, TX for March 13th that accommodates three passengers?"
live_multiple_767-171-0,live_multiple,no,yes,[],101,4,0,0,Both my brother and I are in dire need of a haircut in New york. Can you help me find a unisex salon?
live_multiple_768-171-1,live_multiple,no,yes,[],57,4,0,0,"Search for a unisex hair salon located in Emeryville, CA?"
live_multiple_769-171-2,live_multiple,no,yes,[],49,4,0,0,Would you help me to find a salon in Mill Valley?
live_multiple_770-171-3,live_multiple,yes,yes,[],134,4,0,0,I would like to take my sister out and I know she has been complaining about her hair so can you find me a unisex salon in Burlingame?
live_multiple_771-171-4,live_multiple,no,yes,[],138,4,0,0,I want to change my hair style and look for which I need to search for a Salon. Find me a one which should be an Unisex Salon in new york.
live_multiple_772-171-5,live_multiple,no,yes,[],77,4,0,0,Since long back i didn't do my hair cut. will you find me a salon in Fremont?
live_multiple_773-171-6,live_multiple,no,yes,[],47,4,0,0,I'll be in San Ramon and want to go to a salon.
live_multiple_774-171-7,live_multiple,no,yes,[],38,4,0,0,Find me a unisex salon in Morgan Hill.
live_multiple_775-172-0,live_multiple,no,yes,[],130,2,0,2,"Can you find me an SUV in Las Vegas, NV, available from today until the 12th? I plan to pick it up at 10:00 AM. today is 2023.10.1"
live_multiple_776-172-1,live_multiple,no,yes,[],129,2,0,2,I would like to find any SUVs available in Los Angeles from today until the 7th of March? I would like to pick it up at 10:00 AM.
live_multiple_777-172-2,live_multiple,no,yes,[],113,2,0,6,"Can you find me available rental cars in Los Angeles from April 15, 2023, to April 20, 2023, picking up at 10:00?"
live_multiple_778-173-0,live_multiple,no,yes,[],45,3,0,0,Can you find me a Family Counselor in Gilroy?
live_multiple_779-173-1,live_multiple,no,yes,[],43,3,0,0,I'm looking for a psychologist in San Jose.
live_multiple_780-173-2,live_multiple,no,yes,[],43,3,0,0,"Hi, Find me a Family Counselor in New York?"
live_multiple_781-173-3,live_multiple,no,yes,[],77,3,0,0,"Hi, I think I need some help. Can you get me the best SF Psychologist please?"
live_multiple_782-173-4,live_multiple,no,yes,[],73,3,0,0,Can you search for any therapist in Sausalito? It's for my mental health.
live_multiple_783-173-5,live_multiple,no,yes,[],162,3,0,0,My family is having trouble processing the horrible gas explosion and traffic pile-up we witnessed. Would you please help me locate a family counselor in Berkley?
live_multiple_784-173-6,live_multiple,no,yes,[],188,3,0,0,I need to find someone who can help me understand why my son gets so afraid when he has to go on the field to play soccer. Would you please assist me with locating a therapist in Berkeley?
live_multiple_785-173-7,live_multiple,no,yes,[],181,3,0,0,I need to talk to someone about how to deal with my boss at work. I would really appreciate your help locating a therapist. I'd like to find a therapist that works out of Sunnyvale.
live_multiple_786-174-0,live_multiple,no,yes,[],72,2,0,1,"Can you arrange a visit to the Riverdale Apartments on April 15th, 2023?"
live_multiple_787-174-1,live_multiple,no,yes,[],176,2,0,1,"Hi, I'm looking for a place to live, preferably in Berkeley, CA. I would like it to have 2 bedrooms and it must come with in-unit laundry. Oh, and I'm looking to rent, not buy."
live_multiple_788-174-2,live_multiple,no,yes,[],81,2,0,0,Can we arrange a visit to the Beach Park Apartments for next Wednesday 2023.10.1?
live_multiple_789-174-3,live_multiple,yes,yes,[],144,2,0,2,"I'm looking to rent a new apartment in Berkeley. It should have at least 2 bedrooms and 1 bathroom, and I don't mind if it has a garage or not. "
live_multiple_790-174-4,live_multiple,no,yes,[],76,2,0,2,"I'm looking to rent a home in Berkeley, CA with 3 bedrooms and 2 bathrooms. "
live_multiple_791-174-5,live_multiple,no,yes,[],171,2,0,2,"Could you help me look for a property to buy in Walnut Creek? I'm interested in a home with at least 3 bedrooms and 2 bathrooms, and having a garage would be a nice bonus."
live_multiple_792-174-6,live_multiple,no,yes,[],146,2,0,2,"I'm looking to rent a place in Berkeley, CA that has 3 bedrooms and 2 bathrooms. Could we add a garage and in-unit laundry to the search criteria?"
live_multiple_793-174-7,live_multiple,no,yes,[],65,2,0,0,I like to visit the property Northridge Apartments on March 14th.
live_multiple_794-175-0,live_multiple,yes,yes,[],82,5,0,1,"Could you tell me what the weather will be like in Pinole, CA on March 21st, 2023?"
live_multiple_795-175-1,live_multiple,no,yes,[],79,5,0,3,"Could you tell me the weather conditions in Tomales, CA on the date 2023-03-11?"
live_multiple_796-175-2,live_multiple,yes,yes,[],74,5,0,0,I want to check the weather condition in Sunol for which I need your help.
live_multiple_797-175-3,live_multiple,no,yes,[],84,5,0,1,"Hi, could you help me check the weather in Phoenix on the 11th of march 2023 please?"
live_multiple_798-175-4,live_multiple,no,yes,[],68,5,0,1,What will the weather be on the 10th of March 2023 in Long Beach CA.
live_multiple_799-175-5,live_multiple,no,yes,[],99,5,0,3,"Could you tell me the forecast for Lagunitas, CA on the upcoming Saturday, specifically 2023-04-15?"
live_multiple_800-175-6,live_multiple,no,yes,[],121,5,0,1,"Can you provide me with the weather forecast for San Pablo, CA on the upcoming Monday, assuming today is April 4th, 2023?"
live_multiple_801-175-7,live_multiple,no,yes,[],63,5,0,0,"What is the the current weather conditions in New Delhi, India?"
live_multiple_802-175-8,live_multiple,no,yes,[],79,5,0,1,"Could you check the weather conditions for Santa Rosa, CA on April 9th of 2023?"
live_multiple_803-175-9,live_multiple,no,yes,[],73,5,0,1,Canyou check the weather will be like in San Francisco on March 1st 2023?
live_multiple_804-175-10,live_multiple,no,yes,[],73,5,0,1,"Could you tell me the weather conditions in Petaluma, CA for 2023 .10.01?"
live_multiple_805-175-11,live_multiple,no,yes,[],82,5,0,3,"Could you tell me the weather conditions for Vancouver, BC on the date 2023-03-02?"
live_multiple_806-175-12,live_multiple,no,yes,[],61,5,0,3," Check the weather forecast for Nairobi, Kenya on 2023-04-20?"
live_multiple_807-175-13,live_multiple,no,yes,[],132,5,0,1,"Can you tell me the weather forecast for Larkspur, CA on the 10th of march 2023? I'm traveling there and need to pack appropriately."
live_multiple_808-175-14,live_multiple,no,yes,[],88,5,0,3,"Find out the weather forecast for Antioch, CA on next Wednesday, speciifcally 2023-10-1?"
live_multiple_809-176-0,live_multiple,no,yes,[],71,2,1,1,Could you set a new alarm for 5 in the afternoon labeled 'Grocery run'?
live_multiple_810-176-1,live_multiple,no,yes,[],168,2,0,1,"I'm finding it difficult to keep track of my meetings, so I'd like to set up some additional reminders. Could you check which alarms are already set for my user ID 789?"
live_multiple_811-176-2,live_multiple,yes,yes,[],73,2,0,0,Can you retrieve the list of alarms that I have set? My user ID is 12345.
live_multiple_812-176-3,live_multiple,yes,yes,[],67,2,1,2,I'd like to set a new alarm at 17:00 and label it 'Music practice'.
live_multiple_813-176-4,live_multiple,no,yes,[],88,2,0,2,Could you set a new alarm for me at 4:30 in the afternoon with the label Leave for home?
live_multiple_814-176-5,live_multiple,no,yes,[],40,2,0,2,Can you set a new alarm for me at 17:15?
live_multiple_815-176-6,live_multiple,no,yes,[],80,2,1,2,Can you set a new alarm for 07:30 in the morning and label it 'Morning workout'?
live_multiple_816-176-7,live_multiple,no,yes,[],62,2,0,2,I'd like to set a new alarm for 15:30 with the label Cleaning.
live_multiple_817-177-0,live_multiple,no,yes,[],109,4,0,2,Could you help me buy 2 tickets for the Anthony Green concert at Seattle happening on the 10th of march 2023?
live_multiple_818-177-1,live_multiple,no,yes,[],54,4,0,0,I need an music concert for something around New York.
live_multiple_819-177-2,live_multiple,no,yes,[],186,4,0,1,"I'm interested in buying tickets for a Toto concert. Find events where they're playing in Los Angeles, and let me know how I can purchase tickets for their show on the 20th of July 2023?"
live_multiple_820-177-3,live_multiple,yes,yes,[],113,4,0,3,"Find music events in New York for this Saturday, 2023-03-04 and also help me book tickets for an interesting one?"
live_multiple_821-177-4,live_multiple,no,yes,[],122,4,0,0,"I am looking to book tickets to a theater show. I've been told that Mimosas Cabaret at Seattle, WA is an excellent choice."
live_multiple_822-177-5,live_multiple,no,yes,[],120,4,0,1,"Can you find a music event in Seattle, WA that's happening on the 12th of march 2023? I'd like to buy one ticket for it."
live_multiple_823-177-6,live_multiple,no,yes,[],85,4,0,1,Can you help me buy 4 tickets for the Brockhampton concert on March 13th? In Berkeley
live_multiple_824-177-7,live_multiple,no,yes,[],122,4,1,0,Could you help me purchase three tickets for 'Read The Tempest' play on March 2nd? I heard it's a great show at Princeton.
live_multiple_825-178-0,live_multiple,yes,yes,[],102,3,0,0,"I'm interested in hearing some Funk music from the Isolation album, Find a selection of tracks for me?"
live_multiple_826-178-1,live_multiple,no,yes,[],56,3,0,1,would you be so kind to look for songs for me from 2015?
live_multiple_827-178-2,live_multiple,no,yes,[],49,3,0,1,Can you find me a list of songs released in 2021?
live_multiple_828-178-3,live_multiple,no,yes,[],74,3,0,0,I would like to find a song. I love Rock-and-roll and songs by Get Scared.
live_multiple_829-178-4,live_multiple,no,yes,[],55,3,1,0,Can you play 'Bohemian Rhapsody' in the kitchen for me?
live_multiple_830-178-5,live_multiple,yes,yes,[],91,3,0,1,"Find me a list of Metal songs released in 2019? Ideally, I'm looking for tracks by Sabaton."
live_multiple_831-178-6,live_multiple,no,yes,[],90,3,0,0,"I'm trying to find a song to listen to, preferably a pop song. I'm a big Taylor Swift fan."
live_multiple_832-178-7,live_multiple,no,yes,[],124,3,0,0,I am in a nice mood and I like to listen to some nice songs from two years ago in 2021. Search for something like Pop songs.
live_multiple_833-178-8,live_multiple,no,yes,[],84,3,0,0,Could you stream the song by Spice from the album Captured? It was released in 2018.
live_multiple_834-178-9,live_multiple,no,yes,[],136,3,0,1,"Could you play a track from the album Borbena by Teodora? Preferably something released in 2019, and let it play in the kitchen, please."
live_multiple_835-178-10,live_multiple,no,yes,[],100,3,0,0,I need to search for songs from '19. I hear the album Reincarnation is nice. I like Reggaeton songs.
live_multiple_836-178-11,live_multiple,no,yes,[],131,3,1,1,"I'm in the mood for a track called 'Love' from 2017, preferably from the Sucker Punch album. Can you play it in the kitchen for me?"
live_multiple_837-178-12,live_multiple,yes,yes,[],93,3,0,0,I would like to hear a popular song by Phan Dinh Tung from the album Hat Nhan in the kitchen?
live_multiple_838-178-13,live_multiple,no,yes,[],132,3,3,0,I want to listen to music. Rumor says that 'Narrated For You' by 'Alec Benjamin' is awesome. I really like to listen to 'POP' songs.
live_multiple_839-178-14,live_multiple,no,yes,[],45,3,0,0,"Search me some songs, something country-like."
live_multiple_840-178-15,live_multiple,no,yes,[],124,3,0,0,I want to hear a song. I'm in the mood for Hillbilly style from 2019. I had heard that the album Gotta Be Me is really good.
live_multiple_841-178-16,live_multiple,no,yes,[],106,3,0,0,I'm looking for some new Electropp songs to listen to. I'd like to listen to something from the album Run.
live_multiple_842-178-17,live_multiple,yes,yes,[],169,3,0,0,"Hi, I'm in the mood for some good music. Play a track by Konshens on my Patio device? Also, I'm looking for songs similar to his style, particularly in the Reggae genre."
live_multiple_843-178-18,live_multiple,no,yes,[],116,3,0,0,"Hey, I feel a little bored right now. Can you play me some metal songs by Sabaton? I love their album The Great War."
live_multiple_844-178-19,live_multiple,no,yes,[],153,3,0,0,"I'm in the mood for some nostalgia and would love to hear songs from the Cry Pretty album from 2018. Can you play a track from that album for me, please?"
live_multiple_845-178-20,live_multiple,yes,yes,[],132,3,0,0,Can you play that Sara Evans song from the Stronger album that my cousin Vince mentioned? He had it on repeat last week in my house.
live_multiple_846-179-0,live_multiple,no,yes,[],108,2,0,0,"Hey, do you think you could help me find a nice Italian place to eat in San Francisco that's not too pricey?"
live_multiple_847-179-1,live_multiple,no,yes,[],87,2,0,1,Can you book a table for four at Balthazar in New York this Friday at 8 in the evening?
live_multiple_848-179-2,live_multiple,no,yes,[],134,2,0,0,Hi I'm hungry and want to go out to eat. Preferably something Italian with vegetarian options that serves Pizza and Pasta in new york.
live_multiple_849-179-3,live_multiple,no,yes,[],146,2,0,0,I'd like to dine at a Spicy Indian restaurant in Sunnyvale that won't break the bank. Could you search for cheap places that fit this description?
live_multiple_850-179-4,live_multiple,no,yes,[],130,2,0,4,"Hi there, could you get me a table at The French Laundry in Yountville, CA on the 14th of March 2023 at 13:30 for 4 people please?"
live_multiple_851-179-5,live_multiple,no,yes,[],44,2,0,0,Find a Japanese restaurant in San Francisco?
live_multiple_852-180-0,live_multiple,yes,yes,[],77,4,0,2,"Find me a bus itinerary from San Francisco to Los Angeles for April 25, 2023?"
live_multiple_853-180-1,live_multiple,no,yes,[],148,4,0,1,Can you help me purchase two bus tickets from San Francisco to Los Angeles for the 7th of March? I would like the departure time to be around 14:00.
live_multiple_854-180-2,live_multiple,yes,yes,[],119,4,0,0,"Could you search for a bus itinerary for me? I need to travel from Philadelphia, PA to New York City, NY on March 14th."
live_multiple_855-180-3,live_multiple,no,yes,[],135,4,0,1,"Could you assist me in finding a bus itinerary from Fresno, CA to Los Angeles for the 10th of march 2023? I'm planning to travel alone."
live_multiple_856-180-4,live_multiple,yes,yes,[],195,4,0,1,"I need to purchase bus tickets for two people from Berkeley, CA to Portland, OR. We plan to depart on the 15th of May, and we need to leave at 09:00. Also, we will be carrying additional luggage."
live_multiple_857-180-5,live_multiple,no,yes,[],120,4,0,2,"Hey, I'm going on a short trip and need to find a one-stop bus from San Francisco to Los Angeles leaving on 03/07/2023. "
live_multiple_858-180-6,live_multiple,no,yes,[],172,4,0,1,My family of four is planning a trip from San Francisco to Los Angeles on May 15th. We're looking to depart around 2 PM. Could we also add an extra luggage for each person?
live_multiple_859-181-0,live_multiple,no,yes,[],205,2,0,2,"I need to travel to Washington from New York on October 11th, and I want to leave around 09:00 in the morning. Can I get a ticket with the option for a refund? Also, I'd prefer to travel in business class."
live_multiple_860-181-1,live_multiple,yes,yes,[],80,2,0,1,"Can you find trains going from San Francisco to Los Angeles on April 15th, 2023?"
live_multiple_861-181-2,live_multiple,no,yes,[],107,2,0,2,"Can you reserve train tickets for me from Sacramento to Portland, OR for April 22nd, departing at 10:00 AM?"
live_multiple_862-181-3,live_multiple,no,yes,[],211,2,0,5,"Can you reserve a train ticket for me from New York to Los Angeles? My dad's birthday is on 05/15/2023, and I'd like to depart around 09:00 AM. Also, can you check if there are any trains available for that day?"
live_multiple_863-182-0,live_multiple,no,yes,[],101,5,0,0,"Find movies playing at the Orinda Theatre in Orinda, CA, and I'm only interested in regular showings."
live_multiple_864-182-1,live_multiple,no,yes,[],94,5,0,3,"Hi, I'm in the mood to watch a movie. Can you find me just a regular show in LA, in 2023-10-1?"
live_multiple_865-182-2,live_multiple,no,yes,[],127,5,0,0,"I'm in the mood for a mystery film tonight in Berkeley, and I'd like to watch it in IMAX format. Can you find what's available?"
live_multiple_866-182-3,live_multiple,yes,yes,[],82,5,0,0,"Find if there's a regular showing of 'Dramatic Story at Vine Cinema Livermore, CA?"
live_multiple_867-182-4,live_multiple,yes,yes,[],82,5,0,0,"Hi, could you help me search for some nice Supernatural movies please in Berkeley?"
live_multiple_868-182-5,live_multiple,no,yes,[],39,5,0,0,I would like to see a movie in Vallejo.
live_multiple_869-182-6,live_multiple,no,yes,[],86,5,0,3,Find which Imax movies are available in San Rafael for the upcoming weekend 2023-10-1?
live_multiple_870-182-7,live_multiple,yes,yes,[],148,5,0,0,"Could you search for movies playing in Fremont, CA at the Century at Pacific Commons and XD theater? I'm interested in the genres Sci-fi and Action."
live_multiple_871-182-8,live_multiple,no,yes,[],80,5,0,0,Find available showtimes for a Play genre movie at Shattuck Cinemas in Berkeley?
live_multiple_872-182-9,live_multiple,no,yes,[],86,5,0,0,"Can you search for a drama movie in Healdsburg, CA, that is showing in regular format?"
live_multiple_873-182-10,live_multiple,yes,yes,[],43,5,0,0,Search for movies playing in San Francisco?
live_multiple_874-182-11,live_multiple,no,yes,[],59,5,0,0,"I need a Supernatural genre movie showing in Sebastopol, CA"
live_multiple_875-183-0,live_multiple,no,yes,[],48,6,0,0,"Hi, Find me attractions to visit in the SF area?"
live_multiple_876-183-1,live_multiple,no,yes,[],90,6,0,0,Find me historical landmarks in Paris that are suitable for children and offer free entry?
live_multiple_877-183-2,live_multiple,no,yes,[],149,6,0,0,"I'm planning a trip to Paris and I'm interested in visiting museums with no entry fee. Also, it would be great if the places are suitable for my kid."
live_multiple_878-183-3,live_multiple,no,yes,[],168,6,0,0,I want to search for some nice attractions to visit and especially I like Wildlife spot in SF. Please find a nature preserve site with free entrance and child-friendly.
live_multiple_879-183-4,live_multiple,no,yes,[],91,6,0,0,Can you find me a museum in San Francisco that is suitable for children and has free entry?
live_multiple_880-183-5,live_multiple,no,yes,[],91,6,0,0,"Could you browse attractions in Paris, that are suitable for children and offer free entry?"
live_multiple_881-183-6,live_multiple,no,yes,[],93,6,0,0,I'm going to San Fran pull up some free attractions to do there that are kid friendly please.
live_multiple_882-183-7,live_multiple,no,yes,[],170,6,0,0,I will be in the SF area soon and I would like to look up some events and activities that are free there. I'm really interested in finding a Museum that's worth visiting.
live_multiple_883-184-0,live_multiple,no,yes,[],124,5,0,2,"I am taking a trip next Thursday and I need to find a bus from New York, NY to Boston, MA. The departure date is 2023-04-20."
live_multiple_884-184-1,live_multiple,yes,yes,[],157,5,0,0,"Can you search for a bus itinerary from Anaheim, CA to Las Vegas, NV for the upcoming Friday? I'm flexible about whether it's a direct route or has one stop."
live_multiple_885-184-2,live_multiple,no,yes,[],82,5,0,3,"Can you find me a bus itinerary from New York, NY to Boston, MA on the 2023-05-15?"
live_multiple_886-184-3,live_multiple,no,yes,[],104,5,0,1,"Find a bus itinerary for two passengers from my current location to Fresno, departing on March 4th 2023?"
live_multiple_887-184-4,live_multiple,no,yes,[],101,5,0,2,We four people are planning to leave for Los Angeles from San Diego on 2023-06-15. Help us get a bus?
live_multiple_888-184-5,live_multiple,no,yes,[],164,5,0,3,"I'm planning to drop off some items in San Diego, CA tomorrow. Can you help me search for a bus from LA to SD, CA with the departure date being tomorrow 2023-10-01?"
live_multiple_889-184-6,live_multiple,no,yes,[],75,5,0,1,"Find a bus from Miami, FL to Atlanta, GA for two people on April 22nd 2023?"
live_multiple_890-185-0,live_multiple,yes,yes,[],71,4,0,1,Initiate a payment request to Mahmoud for $43? I'd like it to be public
live_multiple_891-185-1,live_multiple,no,yes,[],59,4,0,1,I'd like to request a private payment of $250 to John Doe.?
live_multiple_892-185-2,live_multiple,yes,yes,[],68,4,0,1,I like to send privately $100 to my friend Mary using my app balance
live_multiple_893-185-3,live_multiple,no,yes,[],76,4,0,0,Could you initiate a ninety dollar transaction using my debit card to Alice?
live_multiple_894-185-4,live_multiple,no,yes,[],93,4,0,1,Can you assist me in sending $150 to Alice using my debit card? Keep the transaction private.
live_multiple_895-185-5,live_multiple,no,yes,[],87,4,0,1,"Hi, could you make a private payment with 50 bucks with my credit card to Jerry please?"
live_multiple_896-185-6,live_multiple,no,yes,[],61,4,0,1,"I need to send $50 to Margaret using my debit card, privately"
live_multiple_897-185-7,live_multiple,no,yes,[],71,4,0,1,Could you initiate a transfer of $122 to my friend John using my debit?
live_multiple_898-185-8,live_multiple,no,yes,[],63,4,0,1,I need to privately send $50 to my friend Jamie using my debit.
live_multiple_899-185-9,live_multiple,no,yes,[],85,4,0,1,Could you set up a private transaction to Emma for $50? Transfer through app balance.
live_multiple_900-185-10,live_multiple,no,yes,[],113,4,0,1,I'd like to send $200 to my friend Alice using my debit card. Can we also ensure the transaction remains private?
live_multiple_901-185-11,live_multiple,yes,yes,[],104,4,0,0,"Hello, I need to make a payment to Svetlana for $31. Could you send her the amount using my app balance?"
live_multiple_902-185-12,live_multiple,no,yes,[],122,4,0,1,"I would like to pay back my friend, Alex, $25 for our dinner last night. Could you use my debit card for this transaction?"
live_multiple_903-186-0,live_multiple,no,yes,[],75,4,0,2,"Find me trains departing from Phoenix, AZ to Los Angeles on April 25, 2023?"
live_multiple_904-186-1,live_multiple,no,yes,[],159,4,0,0,"I am planning a short trip and need to reserve two seats on a train for March 4th. Can you find available trains from New York, NY to Los Angeles on that date?"
live_multiple_905-186-2,live_multiple,yes,yes,[],176,4,0,3,"Can you book 4 business class train tickets from Portland, OR to Seattle, WA for the journey on May 15, 2023 starting at one day before, and ensure trip protection is included?"
live_multiple_906-186-3,live_multiple,no,yes,[],159,4,0,3,"Can you reserve tickets for two adults for a train journey from New York, NY to Los Angeles on May 5th, 2023, starting at 15:00, with trip protection included?"
live_multiple_907-186-4,live_multiple,no,yes,[],147,4,0,0,"I'm looking to book train tickets from Philadelphia, PA to a city on the 8th of march 2023. Find me the available trains with the Value fare class?"
live_multiple_908-187-0,live_multiple,no,yes,[],90,5,0,0,Could you browse attractions in New York that are free to enter and suitable for children?
live_multiple_909-188-0,live_multiple,no,yes,[],162,2,5,0,"Verify if there's a YouTube video titled 'The Secrets of the Taj Mahal' published by 'TravelHistory' with tags including 'Taj Mahal', 'India', and 'architecture'?"
live_multiple_910-189-0,live_multiple,no,yes,[],54,5,0,0,Get application's name along with its current version?
live_multiple_911-190-0,live_multiple,yes,yes,[],75,2,0,1,Show me the profile information for the service provider with the UID of 1?
live_multiple_912-191-0,live_multiple,no,yes,[],214,2,0,4,"Please act like the current date is 2024/02/21
I'm looking for someone who can iron clothes in the Bang Khen District of Bangkok. Find someone with a good reputation, say with an average rating of at least 4 stars?"
live_multiple_913-191-1,live_multiple,no,yes,[],139,2,0,5,"I'm looking for a housekeeper with an average rating of at least 4.9, available on March 19, 2024, at 12:00 PM in Bangna District, Bangkok."
live_multiple_914-191-2,live_multiple,no,yes,[],133,2,0,4,"Please act like the current date is 2024/02/21
Retrieve the profile details for the service provider with the unique identifier 9974?"
live_multiple_915-191-3,live_multiple,yes,yes,[],134,2,0,1,"Find a service provider that offers packaged services with a perfect 5-star rating in Bangkok, specifically in the Lat Phrao district."
live_multiple_916-191-4,live_multiple,no,yes,[],85,2,0,3,"I'm looking for a housekeeper with availability starting on March 19, 2024, at 12:00."
live_multiple_917-191-5,live_multiple,no,yes,[],37,2,0,1,Open service provider profile id:7434
live_multiple_918-191-6,live_multiple,no,yes,[],98,2,0,0,"Find a service provider that provides ironing services in Nonthaburi Province, Bang Kruai District"
live_multiple_919-191-7,live_multiple,no,yes,[],199,2,0,4,"I need to find a maid for cleaning services who is available on March 19, 2024, starting at noon. Can you find someone with good ratings, maybe around 4 or 5 stars, and no record of quality problems?"
live_multiple_920-191-8,live_multiple,no,yes,[],222,2,0,6,"I need a cleaning service provider who can come to my condo on February 23, 2024, anytime between 10:30 a.m. and 7:00 p.m. Can you help me find someone with a good rating and no history of quality issues or late check-ins?"
live_multiple_921-191-9,live_multiple,no,yes,[],121,2,0,1,"Find cleaning service providers available in Chiang Mai, specifically in the Mueang District, on the 19th of March, 2024?"
live_multiple_922-191-10,live_multiple,no,yes,[],139,2,0,5,"Please act like the current date is 2024/02/21
Find a provider between the ages of 25 and 35 who is in Group B and who has never been late."
live_multiple_923-191-11,live_multiple,no,yes,[],121,2,0,4,"Looking for a housekeeper who can provide services in Chatuchak District, Bangkok on March 19, 2024 at 1:00 p.m. Ironing."
live_multiple_924-191-12,live_multiple,no,yes,[],269,2,0,6,"I need to locate a cleaner for bathroom cleaning services located in Bangkok, specifically in the district of Sukhumvit. They should have an average rating of at least 4 stars, be available on March 4, 2024, from 3:00 p.m. onwards, and be between the ages of 25 and 35."
live_multiple_925-191-13,live_multiple,yes,yes,[],27,2,0,1,View provider profile ID 28
live_multiple_926-191-14,live_multiple,no,yes,[],153,2,0,4,"Find a service provider that provides cleaning services in Chiang Mai, Hang Dong District, available on March 25, 2024, 2:30 PM, that does not have pets."
live_multiple_927-191-15,live_multiple,no,yes,[],165,2,0,0,I'm looking for a cleaning service provider with a high average rating and located in Bangkok. Can you help me find one that's also recognized for excellent service?
live_multiple_928-191-16,live_multiple,no,yes,[],101,2,0,0,Find a service provider that provides Subscription service that is in Group B and that is never late.
live_multiple_929-191-17,live_multiple,no,yes,[],145,2,0,6,"Help find a service provider that provides cleaning services. At Chiang Mai Province, Muang District, 19/03/2024 09:30, has a review score of 4.7"
live_multiple_930-191-18,live_multiple,yes,yes,[],45,2,0,1,Find a service provider providing services 35
live_multiple_931-191-19,live_multiple,no,yes,[],112,2,0,0,Find a service provider that provides services in Phra Khanong Subdistrict. Being an Excellence service provider
live_multiple_932-191-20,live_multiple,no,yes,[],37,2,0,1,Help find housekeeper profile ID 4724
live_multiple_933-191-21,live_multiple,yes,yes,[],154,2,0,4,"If the service provider is available Providing service in Ratchathewi District, Bangkok on March 20, 2024 at 11:00 a.m. Service can be provided with pets."
live_multiple_934-191-22,live_multiple,no,yes,[],181,2,0,0,"I'm looking for a cleaning service provider in Bangkok, specifically in the Chatuchak district, available on the 22nd of March, 2024. Can you find me options with a good reputation?"
live_multiple_935-192-0,live_multiple,yes,yes,[],39,2,0,0,Set an reminder for meeting in a minute
live_multiple_936-192-1,live_multiple,no,yes,[],73,2,0,6,Can you set an alarm for 2023-04-02 07:30:00 to wake me up for a meeting?
live_multiple_937-193-0,live_multiple,no,yes,[],119,3,1,1,Can you provide me with the list of projects assigned to the team with the UUID '123e4567-e89b-12d3-a456-426614174000'?
live_multiple_938-194-0,live_multiple,no,yes,[],116,4,1,1,I'd like to listen to 'Shape of You' by Ed Sheeran. Can you search for it on Spotify and play it at volume level 70?
live_multiple_939-194-1,live_multiple,no,yes,[],52,4,0,0,Set an Alarm for 11PM reminding me to brush my teeth
live_multiple_940-194-2,live_multiple,no,yes,[],20,4,0,0,play baby shark song
live_multiple_941-195-0,live_multiple,no,yes,[],15,2,0,0,play Baby Shark
live_multiple_942-196-0,live_multiple,yes,yes,[],15,2,0,0,play baby Shark
live_multiple_943-196-1,live_multiple,yes,yes,[],20,2,1,0,"Play ""With You"" song"
live_multiple_944-196-2,live_multiple,no,yes,[],70,2,0,1,"I think the music is too loud right now, could you turn it down to 70?"
live_multiple_945-196-3,live_multiple,yes,yes,[],36,2,1,0,I'd like to hear the song 'Wo noor'.
live_multiple_946-196-4,live_multiple,no,yes,[],86,2,1,0,"I'd like to hear 'Thriller' by Michael Jackson at full volume, can you play it for me?"
live_multiple_947-197-0,live_multiple,no,yes,[],52,4,0,1,Set a countdown for 5 mins reminding me to text Rajh
live_multiple_948-198-0,live_multiple,no,yes,[],34,3,0,0,Set a Reminder to text Raj at 11PM
live_multiple_949-199-0,live_multiple,no,yes,[],50,2,0,0,I'd like to listen to some music by David Guetta. 
live_multiple_950-199-1,live_multiple,no,yes,[],22,2,0,1,set an alarm for 11 PM
live_multiple_951-200-0,live_multiple,no,yes,[],32,5,0,0,What is the application version?
live_multiple_952-201-0,live_multiple,no,yes,[],39,2,0,1,Order 5 fries from uber eats mc donalds
live_multiple_953-201-1,live_multiple,no,yes,[],122,2,0,0,"Check karan's flight status for Indigo flight, ticket number: IND5463. Identifier should be the same as the ticket number."
live_multiple_954-202-0,live_multiple,no,yes,[],135,2,0,0,"Hi, I am Karan. Could you tell me the current status of my flight with Delta? My name is Karan Sharma, and my ticket number is IND4567."
live_multiple_955-202-1,live_multiple,no,yes,[],39,2,0,1,Order 5 fries from uber eats mc donalds
live_multiple_956-203-0,live_multiple,yes,yes,[],88,2,0,0,"I need to see all the mandates associated with our partner, regardless of their status. "
live_multiple_957-203-1,live_multiple,no,yes,[],78,2,0,0,"Can you retrieve all the active mandates associated with our client, John Doe?"
live_multiple_958-204-0,live_multiple,no,yes,[],46,3,0,0,Fetch all active sips of all clients a partner
live_multiple_959-204-1,live_multiple,no,yes,[],24,3,0,0,fetch all sips of Aditya
live_multiple_960-205-0,live_multiple,yes,yes,[],22,2,0,0,get the weather of nyc
live_multiple_961-205-1,live_multiple,no,yes,[],49,2,0,0,trigger the web search function; where is beijing
live_multiple_962-205-2,live_multiple,no,yes,[],49,2,0,0,trigger web search; where is columbia universityg
live_multiple_963-206-0,live_multiple,no,yes,[],710,2,2,0,"You are a bot owned by a courier service, which helps people track the status of their parcels or handover the call to human using HANDOVER function if the question does not include in one of these categories. The courier service is named ""Tipax""
You are expected to chat in a friendly and polite way with the users when resolving their requests and issues. You should detect the user's intent from the chat and based on it, call GET_PARCEL_STATE or HANDOVER functions or answer appropriately. Do not respond to irrelevant messages and if someone asks irrelevant questions call the ""HANDOVER"" function
I've recently lodged a complaint and would like to check its current status. My tracking ID is TX1234567890."
live_multiple_964-207-0,live_multiple,no,yes,[],503,2,2,0,"You are a bot owned by a courier service. The courier service is named ""Tipax""
You are expected to chat in a friendly and polite way with the users when resolving their requests and issues. You should detect the user's intent from the chat and based on it, either call GET_PARCEL_STATE or TRANSFER_TO_HUMAN_AGENT functions. Do not respond to irrelevant messages and if you cannot answer the question, call the ""TRANSFER_TO_HUMAN_AGENT"" function
Can you tell me what is the minimum package arrival time? "
live_multiple_965-207-1,live_multiple,no,yes,[],151,2,0,0,"Call HANDOVER function providing a revised summary of user request.
I've submitted a complaint and would like to discuss its status with a human agent."
live_multiple_966-208-0,live_multiple,no,yes,[],340,3,1,0,"Call HANDOVER or ANSWER_QUESTION function providing a revised user query 'I've submitted a complaint earlier, and I would like to check its current status with a human agent, please.'. Set urgency to medium and leave context empty.
I've submitted a complaint earlier, and I would like to check its current status with a human agent, please."
live_multiple_967-209-0,live_multiple,no,no,"[""embedded_instruction_or_benchmark_scaffold""]",249,2,0,0,"You should deliver the user question to an answer system by calling HANDOVER or ANSWER_QUESTION functions. Do not use GET_PARCEL_STATE function at all!
I'd like to speak with a human agent about the status of my complaint, please. It's quite urgent."
live_multiple_968-210-0,live_multiple,no,yes,[],100,2,1,2,"I need a 'Plus' Uber from 2020 Addison Street, Berkeley, CA, and I can wait up to 10 minutes for it."
live_multiple_969-210-1,live_multiple,no,yes,[],115,2,0,1,"Can you place an order for me at McDonald's, 123 Fastfood Lane, Chicago, IL for five burgers and six chicken wings?"
live_multiple_970-211-0,live_multiple,no,yes,[],83,2,0,1,Fetch the annual income statement for APPL in JSON format with a limit of 2 records
live_multiple_971-212-0,live_multiple,no,yes,[],83,2,0,0,Find a service provider that provides cleaning services.In Bangkok with good rating
live_multiple_972-212-1,live_multiple,no,yes,[],117,2,0,1,"Looking for service providers with 5 -star review scores that provide package services in Bangkok, Lat Phrao District"
live_multiple_973-213-0,live_multiple,no,yes,[],65,2,0,0,Find a service provider that provides ironing services.In Bangkok
live_multiple_974-214-0,live_multiple,no,yes,[],193,2,0,1,"I need to locate a cleaning service provider with a high average rating, preferably 4.5 or above, in Bangkok. Can you also find someone skilled in fabric reinforcement service in the same area?"
live_multiple_975-214-1,live_multiple,no,yes,[],143,2,0,0,"Can you locate a service provider in Bangkok who offers both ironing and cleaning services, including bathroom washing, with a good reputation?"
live_multiple_976-215-0,live_multiple,no,yes,[],98,2,0,6,"Looking for a housekeeper 20/3/2024, Bang Kruai District, Nonthaburi, time 9:00, duration 3 hours."
live_multiple_977-215-1,live_multiple,yes,yes,[],80,2,0,5,"Looking for a service provider Ekthai, Bangkok 22/3/2024 time 11.00 a.m. 2 hours"
live_multiple_978-215-2,live_multiple,no,yes,[],190,2,0,6,"Find service providers available to provide cleaning services on March 23, 2024 at 3:00 p.m. in Bangkok, Don Mueang District. Review score not less than 4.7, providing no less than 100 jobs."
live_multiple_979-215-3,live_multiple,no,yes,[],86,2,0,0,Find a maid who provides cleaning services and additional ironing services in Bangkok.
live_multiple_980-215-4,live_multiple,no,yes,[],97,2,0,0,"Help find a bathroom cleaning service provider in Bangkok, Phaya Thai District. Good past history"
live_multiple_981-215-5,live_multiple,no,yes,[],119,2,0,4,"Looking for a housekeeper to iron clothes. The schedule is not available on March 20, 2024 at 12:00 noon in Chiang Mai."
live_multiple_982-215-6,live_multiple,no,yes,[],124,2,0,4,"Help find a service provider Cleaning and additional ironing services, Bangkok, March 20, 2024, available space at 6:00 p.m."
live_multiple_983-215-7,live_multiple,no,yes,[],115,2,0,7,"Find a service provider in Watthana District, Bangkok Province 22/3/2024 at 11:00 a.m. 2 hours Review score 5 stars"
live_multiple_984-215-8,live_multiple,no,yes,[],7,2,0,1,ID 3726
live_multiple_985-216-0,live_multiple,no,no,"[""embedded_instruction_or_benchmark_scaffold"", ""credential_or_secret_heavy"", ""too_many_tools""]",189,37,1,2,"User query: I need to mark my reminders as completed using my authentication token '1231289312'.
Plan step 1: Use the authentication token to mark the reminders as completed.
API response: "
live_multiple_986-217-0,live_multiple,no,yes,[],30,5,0,0,provide me version information
live_multiple_987-218-0,live_multiple,no,yes,[],39,5,0,0,Returns application version information
live_multiple_988-219-0,live_multiple,no,yes,[],31,3,0,0,Give me the event with ID efJG9
live_multiple_989-220-0,live_multiple,no,yes,[],53,3,0,0,Provide me with all the actively configured websites.
live_multiple_990-221-0,live_multiple,no,yes,[],23,3,0,0,Delete the release RL50
live_multiple_991-222-0,live_multiple,no,yes,[],47,3,2,1,"Rename website ""Frank"" to ""Bob"". Web ID is 1234"
live_multiple_992-223-0,live_multiple,no,yes,[],35,3,1,0,"Delete the Apdex config for ""d0404"""
live_multiple_993-224-0,live_multiple,no,yes,[],82,3,1,2,Make me an Apdex report for 'ns9934' starting from 1617176400000 to 1617262800000?
live_multiple_994-225-0,live_multiple,no,yes,[],114,3,2,3,Bring back mobile application alerts for configuration ID 'sl8' and with creation timestamp '2023-03-05T16:45:00Z'
live_multiple_995-226-0,live_multiple,no,yes,[],85,3,0,1,I need Kubernetes events from 193000 to 339000. Make sure to filter for only updates.
live_multiple_996-227-0,live_multiple,no,yes,[],213,3,2,2,"Add a new service configuration for a service named 'fdsa'. The configuration should have a timeout of 30 seconds, retry count of 5, the endpoint URL 'https://api.fdsa-service.com', and it requires authentication."
live_multiple_997-228-0,live_multiple,no,yes,[],46,3,0,1,What is the host count for February 15th 2022?
live_multiple_998-229-0,live_multiple,yes,yes,[],34,3,0,0,What API version is Instana using?
live_multiple_999-230-0,live_multiple,no,yes,[],52,3,0,0,What API version is Instana using? Today is Tuesday.
live_multiple_1000-231-0,live_multiple,no,yes,[],50,3,1,0,The maintenance config is needed for 'sandcastle'.
live_multiple_1001-232-0,live_multiple,yes,yes,[],33,3,0,2,What's the API token for 098-293?
live_multiple_1002-232-1,live_multiple,no,yes,[],79,3,1,0,"I forgot all the API tokens, can you remind me of them? My user ID is ""user123"""
live_multiple_1003-232-2,live_multiple,no,yes,[],49,3,0,0,I NEED ALL API TOKENS NOW!!! My user ID is 12345.
live_multiple_1004-233-0,live_multiple,no,yes,[],77,3,2,1,"Produce the access log for query ""llama"", at offset 434 and page size 'nine'."
live_multiple_1005-234-0,live_multiple,no,yes,[],65,3,0,0,"Give the snapshot for host agent zzwzeem,  up to the current time"
live_multiple_1006-235-0,live_multiple,no,no,"[""credential_or_secret_heavy""]",64,3,1,1,How many hosts are being monitored? The API Key is 'gorilla-123'
live_multiple_1007-236-0,live_multiple,no,yes,[],46,3,0,1,What software is installed having version 5.5?
live_multiple_1008-237-0,live_multiple,no,yes,[],65,3,1,0,"I need trace details for id ""grgr"", using retrieval size of 1024."
live_multiple_1009-238-0,live_multiple,no,yes,[],146,3,1,1,I need to review the geographical mapping rules configured for my website. The site's unique identifier is '123e4567-e89b-12d3-a456-426614174000'.
live_multiple_1010-239-0,live_multiple,no,yes,[],32,3,1,0,"Get the dashboard for ""dashing""."
live_multiple_1011-240-0,live_multiple,no,no,"[""credential_or_secret_heavy""]",67,3,0,0,I need the synthetic credential names today. What are they? Thanks.
live_multiple_1012-241-0,live_multiple,no,yes,[],232,3,3,1,"Could you provide me with a list of synthetic monitoring locations sorted by the creation date, and only showing those that include 'alpha', 'beta', and 'gamma' in their details? Let's have 50 locations starting from first location."
live_multiple_1013-242-0,live_multiple,no,yes,[],193,3,3,0,"Could you provide me with a list of all synthetic locations available for monitoring, sorted in ascending order? Also, I need to apply a filter for locations named 'alpha', 'beta', and 'gamma'."
live_multiple_1014-243-0,live_multiple,no,yes,[],212,3,1,1,Could you check if the system is currently set to deny access to users who have no group mappings in their Identity Provider settings? I need this information for the tenant with the identifier '12345-tenant-id'.
live_multiple_1015-244-0,live_multiple,no,yes,[],134,3,0,1,"As an admin, I'd like to review the access log entries starting from the first record. Could you provide me with the first 50 entries?"
live_multiple_1016-245-0,live_multiple,yes,yes,[],192,3,3,1,"Set up a new global application alert configuration with the name 'UrgentAlert77f7', for an error rate threshold of 5%, and send notifications to 'admin@example.com' and 'support@example.com'?"
live_multiple_1017-246-0,live_multiple,yes,yes,[],31,3,0,0,Give me the event with ID efJG9
live_multiple_1018-247-0,live_multiple,no,yes,[],74,3,0,0,Provide me with all the configured websites. My API is called YOUR_API_KEY
live_multiple_1019-248-0,live_multiple,no,yes,[],23,3,0,0,Delete the release RL50
live_multiple_1020-249-0,live_multiple,no,yes,[],35,3,1,0,"Delete the Apdex config for ""d0404"""
live_multiple_1021-250-0,live_multiple,no,yes,[],167,3,1,3,I need to restore the default settings for mobile app alerts that have the configuration ID 'sl8'. The creation timestamp of the configuration is 2023-04-01T10:00:00Z.
live_multiple_1022-251-0,live_multiple,no,yes,[],41,3,0,1,What is the host count for February 2022?
live_multiple_1023-252-0,live_multiple,no,yes,[],52,4,0,0,What API version is Instana using? Today is Tuesday.
live_multiple_1024-253-0,live_multiple,no,yes,[],57,3,1,0,"What versions of Infrana Alert are being used by ""delta""?"
live_multiple_1025-254-0,live_multiple,no,yes,[],50,3,1,0,The maintenance config is needed for 'sandcastle'.
live_multiple_1026-255-0,live_multiple,no,yes,[],80,3,0,0,"I forgot all the API tokens, can you remind me of them? My user ID is 123456789."
live_multiple_1027-255-1,live_multiple,no,yes,[],48,3,0,1,I NEED ALL API TOKENS NOW!!! My user ID is 12345
live_multiple_1028-256-0,live_multiple,no,yes,[],65,3,0,1,Give the snapshot for host agent zzwzee  for the last 60 minutes?
live_multiple_1029-257-0,live_multiple,no,yes,[],161,3,1,7,"Can you provide me with the details of the software installed on the system with version 5.5, and let's specify the time of the request as '2023-04-01 12:00:00'?"
live_multiple_1030-258-0,live_multiple,no,yes,[],69,3,1,0,"Can you tell me the geo mapping rules for the website ""larry_rotter""?"
live_multiple_1031-259-0,live_multiple,no,yes,[],32,3,1,0,"Get the dashboard for ""dashing""."
live_multiple_1032-260-0,live_multiple,no,yes,[],44,3,0,1,"What are the synthetic locations, give me 5?"
live_multiple_1033-261-0,live_multiple,no,yes,[],176,3,3,1,"Can you retrieve a list of all synthetic locations available for monitoring and filter the results for locations named 'alpha', 'beta', and 'gamma', with a limit of 20 results?"
live_multiple_1034-262-0,live_multiple,yes,yes,[],63,3,0,0,"I am an admin, I need all the access logs, page size set to 50."
live_multiple_1035-263-0,live_multiple,no,yes,[],76,3,0,0,"I forgot all the API tokens, can you remind me of them? My user ID is 12345."
live_multiple_1036-263-1,live_multiple,no,yes,[],49,3,0,0,I NEED ALL API TOKENS NOW!!! My user ID is 12345.
live_multiple_1037-264-0,live_multiple,no,yes,[],374,5,1,5,"
You are a helpful scheduling assistant. You have access to tools to view or
manipulate events on a user's calendar. Assume all questions and instructions are
given in the context of working with events on a user's calendar.

I need to block out time for a 'Basketball Game' on Friday 2024-12-01. Could we schedule that from 7 PM to 9 PM? The game will last for 120 minutes."
live_multiple_1038-265-0,live_multiple,no,yes,[],153,7,1,0,"Can you provide me with the details about the 'invoice-website' project that Adriel worked on, including its current status and the date when it started?"
live_multiple_1039-266-0,live_multiple,no,yes,[],60,7,0,0,Can you provide me with Adriel's educational qualifications?
live_multiple_1040-267-0,live_multiple,yes,yes,[],93,7,0,0,Can you provide me with the details of Adriel's education at Universitas Sebelas Maret (UNS)?
live_multiple_1041-268-0,live_multiple,no,yes,[],122,3,0,2,Get the sensor reading 10 per page within 36000 for temperature to from 10am to now call the method and bring the response
live_multiple_1042-269-0,live_multiple,no,yes,[],66,5,0,1,"Please inform me about the weather in Portland on April 5th, 2023?"
live_multiple_1043-270-0,live_multiple,no,yes,[],49,5,0,0,What will the weather be in Marshall on 2023.3.1?
live_multiple_1044-271-0,live_multiple,no,yes,[],108,5,0,2,"Hey, can you tell me how's the weather gonna be in Chicago on Saturday this week please, which is 2023-0101?"
live_multiple_1045-272-0,live_multiple,no,yes,[],90,3,0,0,"Find a therapist who specializes in family counseling in Lafayette, and accepts insurance?"
live_multiple_1046-273-0,live_multiple,no,yes,[],91,2,0,1,Search for a house accommodation in Delhi that has a review rating of at least 4.6 for two?
live_multiple_1047-274-0,live_multiple,no,yes,[],111,2,0,1,"I'm traveling to Cape Town, and I'm looking for a house to book from May 15th to May 22nd, 2023 for two adults."
live_multiple_1048-275-0,live_multiple,no,yes,[],69,2,0,0,I need to find accommodation in Paris for myself and one other adult.
live_multiple_1049-276-0,live_multiple,no,yes,[],94,7,0,2,"Can you find me available trains departing from Anaheim, CA to Berkeley, CA on April 10, 2023?"
live_multiple_1050-277-0,live_multiple,no,yes,[],76,3,0,1,"Can you tell me what the weather will be like in Atlanta on March 7th, 2023?"
live_multiple_1051-278-0,live_multiple,no,yes,[],92,2,0,4,I need to wake up early for a meeting tomorro 2023-12-1. Can you set a reminder for 7:00 AM?
live_multiple_1052-279-0,live_multiple,no,yes,[],76,2,1,1,I want to listen to 'With You' by AP Dillon. Could you set the volume to 50?
live_parallel_0-0-0,live_parallel,yes,yes,[],29,1,0,0,请问北京的当前天气状况如何？还有，上海的天气情况是怎样的？
live_parallel_1-0-1,live_parallel,yes,yes,[],91,1,0,0,"Could you tell me the current weather conditions for Boston, MA and also for San Francisco?"
live_parallel_2-0-2,live_parallel,yes,yes,[],84,1,0,0,<<question>> What\'s the weather like in the two cities of Boston and San Francisco?
live_parallel_3-0-3,live_parallel,yes,yes,[],276,1,0,0,"Eres un asistente IA. Has sido capacitado con una superinteligencia, formidable para comunicar con usuarios en español, interpretar sus necesidades y actuar a travez de ellos.
¿Podrías decirme las condiciones actuales del clima en Cancún, QR, Playa del Carmen, QR y Tulum, QR?"
live_parallel_4-1-0,live_parallel,yes,yes,[],84,1,0,0,"Could you tell me the current weather in Boston, USA and also in San Francisco, USA?"
live_parallel_5-2-0,live_parallel,yes,yes,[],82,1,0,0,"Could you tell me the current temperature in Boston, MA and San Francisco, please?"
live_parallel_6-3-0,live_parallel,yes,yes,[],61,2,0,0,What's the snow like in the two cities of Paris and Bordeaux?
live_parallel_7-3-1,live_parallel,yes,yes,[],70,2,0,0,What's the weather like in the two cities of Boston and San Francisco?
live_parallel_8-4-0,live_parallel,yes,yes,[],217,1,2,0,"Hi there! Could you please help me manage my tasks? I need to add a task called 'Machine Learning Study Session'. Also, I have completed one of my tasks named 'todo random', and I would like to delete it from my list."
live_parallel_9-5-0,live_parallel,yes,yes,[],62,1,0,2,What's cost of 2 and 4 gb ram machine on aws ec2 with one CPU?
live_parallel_10-6-0,live_parallel,yes,yes,[],330,1,0,10,"I need to make a couple of hotel reservations. First, secure a room for 2 adults and 1 child at the Sheraton Hotel in New York with check-in on May 1, 2022, and check-out on May 5, 2022. Then, reserve a room for 1 adult and 2 children at the Marriott in Los Angeles, checking in on June 1, 2022, and checking out on June 10, 2022."
live_parallel_11-7-0,live_parallel,yes,yes,[],104,1,0,1,"I had 8 pieces of frozen mango and a chai tea.

Earlier I had two slices of pepperoni pizza and a coffee"
live_parallel_12-8-0,live_parallel,yes,yes,[],165,1,0,1,"For breakfast I had a 12 ounce iced coffee and a banana.

For lunch I had a quesadilla

Breakfast four ounces of asparagus, two eggs, one piece of gluten free bread."
live_parallel_13-9-0,live_parallel,yes,yes,[],78,1,0,0,"Could you tell me the current weather in Boston, MA and also in San Francisco?"
live_parallel_14-10-0,live_parallel,yes,yes,[],70,1,0,0,What's the weather like in the two cities of Boston and San Francisco?
live_parallel_15-11-0,live_parallel,yes,yes,[],53,1,0,0,list file in c drive and make file called testing.txt
live_parallel_multiple_0-0-0,live_parallel_multiple,yes,yes,[],186,2,0,1,"I'd like to change my food order to a Caesar salad without anchovies, and for the drink, can you update my order 123 to a large hot coffee with regular sweetness and almond milk, please?"
live_parallel_multiple_1-1-0,live_parallel_multiple,yes,yes,[],32,4,0,0,能帮我查一下中国广州市和北京市现在的天气状况吗？请使用公制单位。
live_parallel_multiple_2-2-0,live_parallel_multiple,yes,yes,[],31,5,0,0,"거실, 에어컨, 실행하고, 침실, 공기청정기, 중지해줘."
live_parallel_multiple_3-2-1,live_parallel_multiple,yes,yes,[],203,5,0,0,"Can you tell me the weather in Seoul, South Korea using Celsius units? Also, turn on the air conditioner in the living room, and I'm curious about the Imjin War, Find some up-to-date information on that?"
live_parallel_multiple_4-3-0,live_parallel_multiple,yes,yes,[],159,2,0,0,"Could you provide me with the latest news report for Paris, France, in English and also for Letterkenny, Ireland, focusing on technology news again in English?"
live_parallel_multiple_5-4-0,live_parallel_multiple,yes,yes,[],120,2,0,0,"Could you fetch me the latest news from Paris, France, and also the current weather in Letterkenny, Ireland, in Celsius?"
live_parallel_multiple_6-5-0,live_parallel_multiple,yes,yes,[],37,2,0,0,interviewers list for Python and Java
live_parallel_multiple_7-6-0,live_parallel_multiple,yes,yes,[],56,2,0,2,What's cost of 2 cpu and 4 gb ram machine on all clouds?
live_parallel_multiple_8-7-0,live_parallel_multiple,yes,yes,[],440,5,0,2,"
        Do all the following using the steps provided in their respective sections.
        Steps:
        1. clone the repo git@github.com:zelarhq/nodejs-welcome.git
        2. analyse the contents of the repo and create following.
            2.1 create/update dockerfile based on the analysis. 
            2.2 kubernetes yamls based on the analysis.
             3. add all changed file to git changes 
        4. commit / push to repo"
live_parallel_multiple_9-8-0,live_parallel_multiple,yes,yes,[],482,5,2,1,"I'm looking to get updated on the following: 'significant events, news articles, and developments that since October 2021'. Please check for this verbatim. Could you provide me with the latest information on this? Include only information published after the year 2022. Also, I'd like to have ""a digital painting of a masked woman with bright peacock feathers, complex and elegant, with green highlighted lines and complex patterns, reminiscent of cyberpunk Alphonse Mucha's style."""
live_parallel_multiple_10-9-0,live_parallel_multiple,yes,yes,[],161,9,1,0,Could you please find out when Shishir's birthday is from our previous conversations and then congratulate him by sending a 'Happy Birthday!' message regardless?
live_parallel_multiple_11-10-0,live_parallel_multiple,no,no,"[""too_many_quoted_literals""]",615,4,12,0,"I'm trying to fix a compilation error in my Java project. Specifically, the class 'StringNumberHandler' extends 'AbstractCellHandler' and overrides several methods like 'getCellValue', 'setCellValue', 'getExcelType', and 'getDefaultExcelFormat'. However, I'm getting an error saying that the method 'getNumericValue()' cannot be found in 'CellResult'. Find relevant classes that might be related to 'CellResult' in the repository including subdirectories? Also, could you provide the signatures of 'setCellValue' and 'getCellValue' methods in the 'AbstractCellHandler' class to ensure I'm overriding them correctly?"
live_parallel_multiple_12-10-1,live_parallel_multiple,yes,yes,[],266,4,3,0,"To address the compilation failure due to 'No suitable method found for get_weather(String)', could you identify the available methods or properties for the 'Weather' class? Also, provide the signature for the 'get_weather' method within the same class if it exists."
live_parallel_multiple_13-11-0,live_parallel_multiple,yes,yes,[],122,2,0,4,"Find the highest common factor for 36 and 48, and then tell me how steep the curve of the function f(x) = x^2 is at x = 5?"
live_parallel_multiple_14-12-0,live_parallel_multiple,yes,yes,[],156,2,0,4,Can you first calculate the greatest common divisor of the numbers 36 and 48 and then estimate the derivative of the function f(x) = x^2 at the point x = 5?
live_parallel_multiple_15-13-0,live_parallel_multiple,yes,yes,[],103,3,1,2,Could you add 1 and 2 together and also tell me the current time in 'Europe/Berlin' including the date?
live_parallel_multiple_16-14-0,live_parallel_multiple,yes,yes,[],101,2,0,1,What's the area of a square with a side of size 5 cm and what is the weather in Queenstown Singapore?
live_parallel_multiple_17-15-0,live_parallel_multiple,yes,yes,[],45,5,0,1,turn it by 20 degree and flip it horizontally
live_parallel_multiple_18-16-0,live_parallel_multiple,yes,yes,[],78,6,0,1,"Find any music or theater events happening in San Diego, CA on March 1st 2023?"
live_parallel_multiple_19-16-1,live_parallel_multiple,yes,yes,[],98,6,0,1,Find any music concerts or theater plays happening in Los Angeles on March 10th? this year is 2023
live_parallel_multiple_20-17-0,live_parallel_multiple,yes,yes,[],321,8,0,4,"I need to set up reservations for my upcoming trip and really need your help to get this done with a minimal amount of stress. Can you find a music event happening in New York on 2023-05-21? Also, I'm traveling from Boston, MA to New York by bus on the same date. Could you search for a direct bus itinerary for 2 people?"
live_parallel_multiple_21-18-0,live_parallel_multiple,yes,yes,[],141,3,1,5,"Could you search for a hair stylist in Sunnyvale, CA, and also book an appointment with 'Elegant Styles' salon for me at 15:00 on 2023-05-10?"
live_parallel_multiple_22-19-0,live_parallel_multiple,yes,yes,[],97,5,0,0,"Could you tell me the current weather conditions in Boston, MA and also in San Francisco in fahr?"
live_parallel_multiple_23-20-0,live_parallel_multiple,yes,yes,[],64,2,0,0,I need all pending and active mandates of users parath and bhanu
