review_status,manual_error_type,oracle_issue,augmentation_issue,baseline_dataset_issue,notes,base_id,noisy_id,category,dimension,heuristic_error_type,clean_prompt,noisy_prompt,gold,clean_prediction,noisy_prediction
labeled_v1,entity_or_alias_normalization_mismatch,possible,no,no,Noisy prediction appears semantically close but uses a different alias or formatting than accepted gold.,simple_python_262,simple_python_262__typos,simple_python,typos,argument_value_error,Change my painting's medium to oil and change size to 12x18 with red dominant color.,plese change my painting's medium to oil and change size to 12x18 with red dominant color.,"[{""modify_painting"": {""dominant_color"": [""red""], ""medium"": [""oil""], ""size"": [""12x18""]}}]","[{""arguments"": {""dominant_color"": ""red"", ""medium"": ""oil"", ""size"": ""12x18""}, ""name"": ""modify_painting""}]","[{""arguments"": {""dominant_color"": ""red"", ""medium"": ""oil"", ""size"": ""12x18 inches""}, ""name"": ""modify_painting""}]"
labeled_v1,entity_or_alias_normalization_mismatch,possible,no,no,Noisy prediction appears semantically close but uses a different alias or formatting than accepted gold.,simple_python_280,simple_python_280__typos,simple_python,typos,argument_value_error,Find an acoustic instrument within my budget of $1000.,plese find an acoustic instrument within my budget of $1000.,"[{""find_instrument"": {""budget"": [1000], ""make"": [""""], ""type"": [""acoustic""]}}]","[{""arguments"": {""budget"": 1000, ""make"": """", ""type"": ""acoustic""}, ""name"": ""find_instrument""}]","[{""arguments"": {""budget"": 1000, ""make"": """", ""type"": ""acoustic instrument""}, ""name"": ""find_instrument""}]"
labeled_v1,entity_or_alias_normalization_mismatch,possible,no,no,Noisy prediction appears semantically close but uses a different alias or formatting than accepted gold.,simple_python_283,simple_python_283__typos,simple_python,typos,argument_value_error,Find the price of a used Gibson Les Paul guitar in excellent condition in the Chicago area.,Find the price of a used Gibson Les Paul guitar in excellent condition in the Chicago aera.,"[{""guitar_price.find"": {""condition"": [""Excellent""], ""location"": [""Chicago"", ""Chicago, IL"", ""Chicago, Illinois""], ""model"": [""Gibson Les Paul""]}}]","[{""arguments"": {""condition"": ""Excellent"", ""location"": ""Chicago, IL"", ""model"": ""Gibson Les Paul""}, ""name"": ""guitar_price.find""}]","[{""arguments"": {""condition"": ""Excellent"", ""location"": ""Chicago area"", ""model"": ""Gibson Les Paul""}, ""name"": ""guitar_price.find""}]"
labeled_v1,entity_or_alias_normalization_mismatch,possible,no,no,Noisy prediction appears semantically close but uses a different alias or formatting than accepted gold.,simple_python_364,simple_python_364__typos,simple_python,typos,argument_value_error,Can I find an Italian restaurant with Gluten-free options near Brooklyn?,plese can I find an Italian restaurant with Gluten-free options near Brooklyn?,"[{""find_restaurant"": {""diet_option"": [""Gluten-free""], ""location"": [""Brooklyn"", ""Brooklyn, NY""], ""type"": [""Italian""]}}]","[{""arguments"": {""diet_option"": ""Gluten-free"", ""location"": ""Brooklyn, NY"", ""type"": ""Italian""}, ""name"": ""find_restaurant""}]","[{""arguments"": {""diet_option"": ""Gluten-free options"", ""location"": ""Brooklyn"", ""type"": ""Italian""}, ""name"": ""find_restaurant""}]"
labeled_v1,entity_or_alias_normalization_mismatch,possible,no,no,Noisy prediction appears semantically close but uses a different alias or formatting than accepted gold.,simple_python_382,simple_python_382__typos,simple_python,typos,argument_value_error,"Book a single room for two nights at the Hilton Hotel in Chicago, starting from 10th December 2022.","plese book a single room for two nights at the Hilton Hotel in Chicago, starting from 10th December 2022.","[{""book_hotel"": {""hotel_name"": [""Hilton Hotel"", ""Hilton""], ""location"": [""Chicago""], ""nights"": [2], ""room_type"": [""single""], ""start_date"": [""2022-12-10"", ""10/12/2022"", ""Dec 10, 2022"", ""December 10, 2022""]}}]","[{""arguments"": {""hotel_name"": ""Hilton Hotel"", ""location"": ""Chicago"", ""nights"": 2, ""room_type"": ""single"", ""start_date"": ""2022-12-10""}, ""name"": ""book_hotel""}]","[{""arguments"": {""hotel_name"": ""Hilton Hotel"", ""location"": ""Chicago"", ""nights"": 2, ""room_type"": ""single room"", ""start_date"": ""2022-12-10""}, ""name"": ""book_hotel""}]"
labeled_v1,entity_or_alias_normalization_mismatch,possible,no,no,Noisy prediction appears semantically close but uses a different alias or formatting than accepted gold.,multiple_43,multiple_43__typos,multiple,typos,argument_value_error,What is the energy produced by 5 mol of glucose (C6H12O6)?,wat is the energy produced by 5 mol of glucose (C6H12O6)?,"[{""biological.calc_energy"": {""joules_per_mol"": [2800, """"], ""mols"": [5], ""substance"": [""C6H12O6""]}}]","[{""arguments"": {""joules_per_mol"": 2800, ""mols"": 5, ""substance"": ""C6H12O6""}, ""name"": ""biological.calc_energy""}]","[{""arguments"": {""joules_per_mol"": 2800, ""mols"": 5, ""substance"": ""glucose (C6H12O6)""}, ""name"": ""biological.calc_energy""}]"
labeled_v1,entity_or_alias_normalization_mismatch,possible,no,no,Noisy prediction appears semantically close but uses a different alias or formatting than accepted gold.,multiple_191,multiple_191__typos,multiple,typos,argument_value_error,"Book a luxury room in Hotel Paradise, Las Vegas, with a city view for 3 days starting from May 12, 2022.","plese book a luxury room in Hotel Paradise, Las Vegas, with a city view for 3 days starting from May 12, 2022.","[{""book_hotel"": {""hotel_name"": [""Hotel Paradise""], ""location"": [""Las Vegas"", ""Las Vegas, NV"", ""LV""], ""room_type"": [""luxury"", ""Luxury""], ""start_date"": [""05-12-2022"", ""2022-05-12"", ""12/05/2022"", ""May.12,2022"", ""May 12, 2022""], ""stay_duration"": [3], ""view"": [""city"", ""city view""]}}]","[{""arguments"": {""hotel_name"": ""Hotel Paradise"", ""location"": ""Las Vegas"", ""room_type"": ""Luxury"", ""start_date"": ""05-12-2022"", ""stay_duration"": 3, ""view"": ""City view""}, ""name"": ""book_hotel""}]","[{""arguments"": {""hotel_name"": ""Hotel Paradise"", ""location"": ""Las Vegas"", ""room_type"": ""Luxury room"", ""start_date"": ""05-12-2022"", ""stay_duration"": 3, ""view"": ""City view""}, ""name"": ""book_hotel""}]"
labeled_v1,entity_or_alias_normalization_mismatch,possible,no,no,Noisy prediction appears semantically close but uses a different alias or formatting than accepted gold.,parallel_38,parallel_38__typos,parallel,typos,argument_value_error,"What's the driving distance between New York and Washington DC, and between Los Angeles and San Francisco with optional parameter shortest route enabled?","wat's the driving distnace between New York and Washington DC, and between Los Angeles and San Francisco with optional parameter shortest route enabled?","[{""calc_distance"": {""end_loc"": [""Washington DC"", ""Washington D.C.""], ""shortest_route"": [true], ""start_loc"": [""New York"", ""New York, NY"", ""New York City"", ""NYC""]}}, {""calc_distance"": {""end_loc"": [""San Francisco"", ""SF""], ""shortest_route"": [true], ""start_loc"": [""Los Angeles"", ""Los Angeles, CA"", ""LA""]}}]","[{""arguments"": {""end_loc"": ""Washington DC"", ""shortest_route"": true, ""start_loc"": ""New York""}, ""name"": ""calc_distance""}, {""arguments"": {""end_loc"": ""San Francisco"", ""shortest_route"": true, ""start_loc"": ""Los Angeles""}, ""name"": ""calc_distance""}]","[{""arguments"": {""end_loc"": ""Washington, DC"", ""shortest_route"": true, ""start_loc"": ""New York, NY""}, ""name"": ""calc_distance""}, {""arguments"": {""end_loc"": ""San Francisco, CA"", ""shortest_route"": true, ""start_loc"": ""Los Angeles, CA""}, ""name"": ""calc_distance""}]"
labeled_v1,entity_or_alias_normalization_mismatch,possible,no,no,Noisy prediction appears semantically close but uses a different alias or formatting than accepted gold.,parallel_multiple_42,parallel_multiple_42__typos,parallel_multiple,typos,argument_value_error,"Find me a bronze statue in the Modern Arts Museum in New York and a stone sculpture in the Louvre Museum in Paris. Also, find me a painting made by Picasso in the Metropolitan Museum of Art.","plese find me a bronze statue in the Modern Arts Museum in New York and a stone sculpture in the Louvre Museum in Paris. Also, find me a painting made by Picasso in the Metropolitan Museum of Art.","[{""artwork.find"": {""artist"": [""""], ""material"": [""bronze"", ""Bronze""], ""museum"": [""Modern Arts Museum, New York"", ""Modern Arts Museum""], ""type"": [""sculpture"", ""Sculpture""]}}, {""artwork.find"": {""artist"": [""""], ""material"": [""stone"", ""Stone""], ""museum"": [""Louvre Museum, Paris"", ""Louvre Museum"", ""Paris""], ""type"": [""sculpture"", ""Sculpture""]}}, {""artwork.find"": {""artist"": [""Picasso""], ""material"": [""""], ""museum"": [""Metropolitan Museum of Art"", ""Metropolitan Museum""], ""type"": [""painting""]}}]","[{""arguments"": {""artist"": """", ""material"": ""Bronze"", ""museum"": ""Modern Arts Museum, New York"", ""type"": ""Sculpture""}, ""name"": ""artwork.find""}, {""arguments"": {""artist"": """", ""material"": ""Stone"", ""museum"": ""Louvre Museum, Paris"", ""type"": ""Sculpture""}, ""name"": ""artwork.find""}, {""arguments"": {""artist"": ""Picasso"", ""material"": """", ""museum"": ""Metropolitan Museum of Art"", ""type"": ""Painting""}, ""name"": ""artwork.find""}]","[{""arguments"": {""artist"": """", ""material"": ""Bronze"", ""museum"": ""Modern Arts Museum, New York"", ""type"": ""Sculpture""}, ""name"": ""artwork.find""}, {""arguments"": {""artist"": """", ""material"": ""Stone"", ""museum"": ""Louvre Museum, Paris"", ""type"": ""Sculpture""}, ""name"": ""artwork.find""}, {""arguments"": {""artist"": ""Picasso"", ""material"": """", ""museum"": ""Metropolitan Museum of Art, New York"", ""type"": ""Painting""}, ""name"": ""artwork.find""}]"
labeled_v1,entity_or_alias_normalization_mismatch,possible,no,no,Noisy prediction appears semantically close but uses a different alias or formatting than accepted gold.,parallel_multiple_115,parallel_multiple_115__typos,parallel_multiple,typos,argument_value_error,"""Can you help me plan my trip to New York? I would like to visit a modern art installation, a park with a playground and a picnic area, and a popular monument. Could you find these for me?""","plese ""Can you help me plan my trip to New York? I would like to visit a modern art installation, a park with a playground and a picnic area, and a popular monument. Could you find these for me?""","[{""artwork_search.find"": {""era"": [""modern"", """"], ""location"": [""New York"", ""NY""], ""type"": [""installation""]}}, {""park_search.find"": {""facilities"": [[""playground"", ""picnic area""]], ""location"": [""New York"", ""NY""]}}, {""tourist_attraction.find"": {""attractionType"": [""monument""], ""location"": [""New York"", ""NY""]}}]","[{""arguments"": {""era"": ""modern"", ""location"": ""New York"", ""type"": ""installation""}, ""name"": ""artwork_search.find""}, {""arguments"": {""facilities"": [""playground"", ""picnic area""], ""location"": ""New York""}, ""name"": ""park_search.find""}, {""arguments"": {""attractionType"": ""monument"", ""location"": ""New York""}, ""name"": ""tourist_attraction.find""}]","[{""arguments"": {""era"": ""modern"", ""location"": ""New York"", ""type"": ""installation""}, ""name"": ""artwork_search.find""}, {""arguments"": {""facilities"": [""playground"", ""picnic area""], ""location"": ""New York""}, ""name"": ""park_search.find""}, {""arguments"": {""attractionType"": ""popular monument"", ""location"": ""New York""}, ""name"": ""tourist_attraction.find""}]"
labeled_v1,entity_or_alias_normalization_mismatch,possible,no,no,Noisy prediction appears semantically close but uses a different alias or formatting than accepted gold.,parallel_multiple_129,parallel_multiple_129__typos,parallel_multiple,typos,argument_value_error,"""Can you help me with a couple of conversions? First, I have 5000 Euros that I want to convert into US Dollars using the latest exchange rate. Then, I have another 3000 Euros that I want to convert into British Pounds, but this time, I want to use the last known exchange rate. After that, I have a distance of 100 kilometers that I want to convert into miles. Lastly, I have a weight of 75 kilograms that I want to convert into pounds. Can you do these conversions for me?""","plese ""Can you help me with a couple of conversions? First, I have 5000 Euros that I want to convert into US Dollars using the latest exchange rate. Then, I have another 3000 Euros that I want to convert into British Pounds, but this time, I want to use the last known exchange rate. After that, I have a distance of 100 kilometers that I want to convert into miles. Lastly, I have a weight of 75 kilograms that I want to convert into pounds. Can you do these conversions for me?""","[{""currency_exchange.convert"": {""amount"": [5000], ""from_currency"": [""Euros"", ""EUR""], ""live_conversion"": [true, """"], ""to_currency"": [""US Dollars"", ""USD""]}}, {""currency_exchange.convert"": {""amount"": [3000], ""from_currency"": [""Euros"", ""EUR""], ""live_conversion"": [false], ""to_currency"": [""British Pounds"", ""GBP""]}}, {""unit_conversion.convert"": {""from_unit"": [""kilometers"", ""km""], ""to_unit"": [""miles"", ""mi""], ""value"": [100]}}, {""unit_conversion.convert"": {""from_unit"": [""kilograms"", ""kg""], ""to_unit"": [""pounds"", ""lbs"", ""lb""], ""value"": [75]}}]","[{""arguments"": {""amount"": 5000, ""from_currency"": ""EUR"", ""live_conversion"": true, ""to_currency"": ""USD""}, ""name"": ""currency_exchange.convert""}, {""arguments"": {""amount"": 3000, ""from_currency"": ""EUR"", ""live_conversion"": false, ""to_currency"": ""GBP""}, ""name"": ""currency_exchange.convert""}, {""arguments"": {""from_unit"": ""km"", ""to_unit"": ""mi"", ""value"": 100}, ""name"": ""unit_conversion.convert""}, {""arguments"": {""from_unit"": ""kg"", ""to_unit"": ""lb"", ""value"": 75}, ""name"": ""unit_conversion.convert""}]","[{""arguments"": {""amount"": 5000, ""from_currency"": ""EUR"", ""live_conversion"": true, ""to_currency"": ""USD""}, ""name"": ""currency_exchange.convert""}, {""arguments"": {""amount"": 3000, ""from_currency"": ""EUR"", ""live_conversion"": false, ""to_currency"": ""GBP""}, ""name"": ""currency_exchange.convert""}, {""arguments"": {""from_unit"": ""kilometer"", ""to_unit"": ""mile"", ""value"": 100}, ""name"": ""unit_conversion.convert""}, {""arguments"": {""from_unit"": ""kilogram"", ""to_unit"": ""pound"", ""value"": 75}, ""name"": ""unit_conversion.convert""}]"
labeled_v1,entity_or_alias_normalization_mismatch,possible,no,no,Noisy prediction appears semantically close but uses a different alias or formatting than accepted gold.,parallel_multiple_180,parallel_multiple_180__typos,parallel_multiple,typos,argument_value_error,"""Can you tell me who discovered the Higgs Boson and provide additional details about them, such as their birth date and nationality? Also, I am a 180 lbs, 5'11"" tall individual who is moderately active, can you predict my likelihood of having type 2 diabetes? Lastly, I am planning to visit the Louvre museum in Paris, can you tell me its working hours on Monday?""","plese ""Can you tell me who discovered the Higgs Boson and provide additional details about them, such as their birth date and nationality? Also, I am a 180 lbs, 5'11"" tall individual who is moderately active, can you predict my likelihood of having type 2 diabetes? Lastly, I am planning to visit the Louvre museum in Paris, can you tell me its working hours on Monday?""","[{""get_discoverer"": {""detail"": [true], ""discovery"": [""Higgs Boson"", ""higgs boson"", ""Higgs Boson particle""]}}, {""diabetes_prediction"": {""activity_level"": [""moderately active""], ""height"": [71], ""weight"": [180]}}, {""museum_working_hours.get"": {""day"": [""Monday"", ""monday"", """"], ""location"": [""Paris"", ""Paris, France""], ""museum"": [""Louvre"", ""the Louvre museum""]}}]","[{""arguments"": {""detail"": true, ""discovery"": ""Higgs Boson""}, ""name"": ""get_discoverer""}, {""arguments"": {""activity_level"": ""moderately active"", ""height"": 71, ""weight"": 180}, ""name"": ""diabetes_prediction""}, {""arguments"": {""day"": ""Monday"", ""location"": ""Paris"", ""museum"": ""Louvre""}, ""name"": ""museum_working_hours.get""}]","[{""arguments"": {""detail"": true, ""discovery"": ""Higgs Boson""}, ""name"": ""get_discoverer""}, {""arguments"": {""activity_level"": ""moderately active"", ""height"": 71, ""weight"": 180}, ""name"": ""diabetes_prediction""}, {""arguments"": {""day"": ""Monday"", ""location"": ""Paris"", ""museum"": ""Louvre museum""}, ""name"": ""museum_working_hours.get""}]"
labeled_v1,entity_or_alias_normalization_mismatch,possible,no,no,Noisy prediction appears semantically close but uses a different alias or formatting than accepted gold.,live_simple_162-96-1,live_simple_162-96-1__typos,live_simple,typos,argument_value_error,"{
    ""response"": "" A 4-image grid of various comic book superheroes. Her is a list of objects that contain copyright material\n\nRed and blue circle logo.\nRed and yellow circle logo.\nGreen circle logo.\nBlack circle logo.""
}
","plese {
    ""response"": "" A 4-image grid of various comic book superheroes. Her is a list of objects that contain copyright material\n\nRed and blue circle logo.\nRed and yellow circle logo.\nGreen circle logo.\nBlack circle logo.""
}
","[{""get_items"": {""items"": [[""Red and blue circle logo"", ""Red and yellow circle logo"", ""Green circle logo"", ""Black circle logo""]]}}]","[{""arguments"": {""items"": [""Red and blue circle logo"", ""Red and yellow circle logo"", ""Green circle logo"", ""Black circle logo""]}, ""name"": ""get_items""}]","[{""arguments"": {""items"": [""4-image grid of various comic book superheroes"", ""Red and blue circle logo"", ""Red and yellow circle logo"", ""Green circle logo"", ""Black circle logo""]}, ""name"": ""get_items""}]"
labeled_v1,entity_or_alias_normalization_mismatch,possible,no,no,Noisy prediction appears semantically close but uses a different alias or formatting than accepted gold.,live_simple_168-99-2,live_simple_168-99-2__typos,live_simple,typos,argument_value_error,start Docker on window using docker start.,start Docker on window useing docker start.,"[{""cmd_controller.execute"": {""command"": [""docker start""]}}]","[{""arguments"": {""command"": ""docker start""}, ""name"": ""cmd_controller.execute""}]","[{""arguments"": {""command"": ""docker version && docker start $(docker ps -aq)""}, ""name"": ""cmd_controller.execute""}]"
labeled_v1,entity_or_alias_normalization_mismatch,possible,no,no,Noisy prediction appears semantically close but uses a different alias or formatting than accepted gold.,live_simple_182-107-0,live_simple_182-107-0__typos,live_simple,typos,argument_value_error,"Help find a housekeeper who provides ironing services in Bangkok, Khlong Sam Wa District, Sai Kong Subdistrict, with a review score of 4.5 stars or more.","plese help find a housekeeper who provides ironing services in Bangkok, Khlong Sam Wa District, Sai Kong Subdistrict, with a review score of 4.5 stars or more.","[{""get_service_providers"": {""district_name"": [""Khlong Sam Wa""], ""province_id"": [1], ""rating"": [4.5], ""service_id"": [2], ""sub_district_name"": [""Sai Kong""]}}]","[{""arguments"": {""district_name"": ""Khlong Sam Wa"", ""province_id"": 1, ""rating"": 4.5, ""service_id"": 2, ""sub_district_name"": ""Sai Kong""}, ""name"": ""get_service_providers""}]","[{""arguments"": {""district_name"": ""Khlong Sam Wa District"", ""province_id"": 1, ""rating"": 4.5, ""service_id"": 2, ""sub_district_name"": ""Sai Kong Subdistrict""}, ""name"": ""get_service_providers""}]"
labeled_v1,entity_or_alias_normalization_mismatch,possible,no,no,Noisy prediction appears semantically close but uses a different alias or formatting than accepted gold.,live_multiple_34-11-0,live_multiple_34-11-0__typos,live_multiple,typos,argument_value_error,Could you provide me with the latest news for Letterkenny?,plese could you provide me with the latest news for Letterkenny?,"[{""get_news_report"": {""location"": [""Letterkenny, Ireland""]}}]","[{""arguments"": {""location"": ""Letterkenny, Ireland""}, ""name"": ""get_news_report""}]","[{""arguments"": {""location"": ""Letterkenny""}, ""name"": ""get_news_report""}]"
labeled_v1,entity_or_alias_normalization_mismatch,possible,no,no,Noisy prediction appears semantically close but uses a different alias or formatting than accepted gold.,live_multiple_300-130-9,live_multiple_300-130-9__typos,live_multiple,typos,argument_value_error,I need a home rated above 4.2 for 2 people in Rio de Janeiro.,plese i need a home rated above 4.2 for 2 people in Rio de Janeiro.,"[{""Hotels_2_SearchHouse"": {""has_laundry_service"": ["""", ""dontcare""], ""number_of_adults"": [2], ""rating"": [4.2], ""where_to"": [""Rio de Janeiro, Brazil""]}}]","[{""arguments"": {""has_laundry_service"": ""dontcare"", ""number_of_adults"": 2, ""rating"": 4.2, ""where_to"": ""Rio de Janeiro, Brazil""}, ""name"": ""Hotels_2_SearchHouse""}]","[{""arguments"": {""has_laundry_service"": ""dontcare"", ""number_of_adults"": 2, ""rating"": 4.2, ""where_to"": ""Rio de Janeiro, BR""}, ""name"": ""Hotels_2_SearchHouse""}]"
labeled_v1,entity_or_alias_normalization_mismatch,possible,no,no,Noisy prediction appears semantically close but uses a different alias or formatting than accepted gold.,simple_python_162,simple_python_162__cursing,simple_python,cursing,argument_value_error,Generate a customized law contract between John and Alice for rental agreement in California.,man for fuck sake generate a customized law contract between John and Alice for rental agreement in California.,"[{""generate_law_contract"": {""contract_type"": [""Rental Agreement"", ""rental agreement""], ""location"": [""California"", ""CA""], ""parties"": [[""John"", ""Alice""], [""John"", ""Alice""]]}}]","[{""arguments"": {""contract_type"": ""Rental Agreement"", ""location"": ""California"", ""parties"": [""John"", ""Alice""]}, ""name"": ""generate_law_contract""}]","[{""arguments"": {""contract_type"": ""Residential Rental Agreement"", ""location"": ""California"", ""parties"": [""John"", ""Alice""]}, ""name"": ""generate_law_contract""}]"
labeled_v1,entity_or_alias_normalization_mismatch,possible,no,no,Noisy prediction appears semantically close but uses a different alias or formatting than accepted gold.,simple_python_200,simple_python_200__cursing,simple_python,cursing,argument_value_error,"How much CO2 is produced annually by a gas-fueled car that travels 12,000 miles per year, with fuel efficiency of 25 MPG ?","this is bullshit how much CO2 is produced annually by a gas-fueled car that travels 12,000 miles per year, with fuel efficiency of 25 MPG ?","[{""calculate_emissions"": {""distance"": [12000], ""efficiency_reduction"": [0, """"], ""fuel_efficiency"": ["""", 25.0], ""fuel_type"": [""gas""]}}]","[{""arguments"": {""distance"": 12000, ""efficiency_reduction"": 0, ""fuel_efficiency"": 25, ""fuel_type"": ""gas""}, ""name"": ""calculate_emissions""}]","[{""arguments"": {""distance"": 12000, ""efficiency_reduction"": 0, ""fuel_efficiency"": 25, ""fuel_type"": ""gasoline""}, ""name"": ""calculate_emissions""}]"
labeled_v1,entity_or_alias_normalization_mismatch,possible,no,no,Noisy prediction appears semantically close but uses a different alias or formatting than accepted gold.,simple_python_266,simple_python_266__cursing,simple_python,cursing,argument_value_error,What is the value of the sculpture 'The Thinker' by Rodin?,this is bullshit what is the value of the sculpture 'The Thinker' by Rodin?,"[{""get_sculpture_value"": {""artist"": [""Rodin""], ""sculpture"": [""The Thinker""]}}]","[{""arguments"": {""artist"": ""Rodin"", ""sculpture"": ""The Thinker""}, ""name"": ""get_sculpture_value""}]","[{""arguments"": {""artist"": ""Auguste Rodin"", ""sculpture"": ""The Thinker""}, ""name"": ""get_sculpture_value""}]"
labeled_v1,entity_or_alias_normalization_mismatch,possible,no,no,Noisy prediction appears semantically close but uses a different alias or formatting than accepted gold.,simple_python_283,simple_python_283__cursing,simple_python,cursing,argument_value_error,Find the price of a used Gibson Les Paul guitar in excellent condition in the Chicago area.,holy shit just find the price of a used Gibson Les Paul guitar in excellent condition in the Chicago area.,"[{""guitar_price.find"": {""condition"": [""Excellent""], ""location"": [""Chicago"", ""Chicago, IL"", ""Chicago, Illinois""], ""model"": [""Gibson Les Paul""]}}]","[{""arguments"": {""condition"": ""Excellent"", ""location"": ""Chicago, IL"", ""model"": ""Gibson Les Paul""}, ""name"": ""guitar_price.find""}]","[{""arguments"": {""condition"": ""Excellent"", ""location"": ""Chicago area"", ""model"": ""Gibson Les Paul""}, ""name"": ""guitar_price.find""}]"
labeled_v1,entity_or_alias_normalization_mismatch,possible,no,no,Noisy prediction appears semantically close but uses a different alias or formatting than accepted gold.,simple_python_358,simple_python_358__cursing,simple_python,cursing,argument_value_error,Find a gluten-free cookie recipe that takes less than 30 minutes to prepare.,find a gluten-free cookie recipe that takes less than 30 minutes to prepare. fucking please man,"[{""recipe_search"": {""diet"": [[""Gluten Free""], [""GF""], [""gluten free""]], ""dish"": [""cookie""], ""time_limit"": [30]}}]","[{""arguments"": {""diet"": [""Gluten Free""], ""dish"": ""cookie"", ""time_limit"": 30}, ""name"": ""recipe_search""}]","[{""arguments"": {""diet"": [""Gluten Free""], ""dish"": ""cookies"", ""time_limit"": 30}, ""name"": ""recipe_search""}]"
labeled_v1,entity_or_alias_normalization_mismatch,possible,no,no,Noisy prediction appears semantically close but uses a different alias or formatting than accepted gold.,multiple_23,multiple_23__cursing,multiple,cursing,argument_value_error,"What are the current stats for basketball player LeBron James including points per game, assists, and minutes per game.","goddamn it what are the current stats for basketball player LeBron James including points per game, assists, and minutes per game.","[{""basketball.player_stats.get"": {""player_name"": [""LeBron James""], ""stats_fields"": [[""points per game"", ""assists"", ""minutes per game""], [""points per game"", ""minutes per game"", ""assists""], [""assists"", ""points per game"", ""minutes per game""], [""assists"", ""minutes per game"", ""points per game""], [""minutes per game"", ""points per game"", ""assists""], [""minutes per game"", ""assists"", ""points per game""], [""points"", ""assists"", ""minutes""], [""points"", ""minutes"", ""assists""], [""assists"", ""points"", ""minutes""], [""assists"", ""minutes"", ""points""], [""minutes"", ""points"", ""assists""], [""minutes"", ""assists"", ""points""], [""points_per_game"", ""assists"", ""minutes_per_game""], [""points_per_game"", ""minutes_per_game"", ""assists""], [""assists"", ""points_per_game"", ""minutes_per_game""], [""assists"", ""minutes_per_game"", ""points_per_game""], [""minutes_per_game"", ""points_per_game"", ""assists""], [""minutes_per_game"", ""assists"", ""points_per_game""]]}}]","[{""arguments"": {""player_name"": ""LeBron James"", ""stats_fields"": [""points_per_game"", ""assists"", ""minutes_per_game""]}, ""name"": ""basketball.player_stats.get""}]","[{""arguments"": {""player_name"": ""LeBron James"", ""stats_fields"": [""points_per_game"", ""assists_per_game"", ""minutes_per_game""]}, ""name"": ""basketball.player_stats.get""}]"
labeled_v1,entity_or_alias_normalization_mismatch,possible,no,no,Noisy prediction appears semantically close but uses a different alias or formatting than accepted gold.,multiple_43,multiple_43__cursing,multiple,cursing,argument_value_error,What is the energy produced by 5 mol of glucose (C6H12O6)?,ffs what is the energy produced by 5 mol of glucose (C6H12O6)? brother,"[{""biological.calc_energy"": {""joules_per_mol"": [2800, """"], ""mols"": [5], ""substance"": [""C6H12O6""]}}]","[{""arguments"": {""joules_per_mol"": 2800, ""mols"": 5, ""substance"": ""C6H12O6""}, ""name"": ""biological.calc_energy""}]","[{""arguments"": {""joules_per_mol"": 2800, ""mols"": 5, ""substance"": ""glucose (C6H12O6)""}, ""name"": ""biological.calc_energy""}]"
labeled_v1,entity_or_alias_normalization_mismatch,possible,no,no,Noisy prediction appears semantically close but uses a different alias or formatting than accepted gold.,multiple_165,multiple_165__cursing,multiple,cursing,argument_value_error,Find the price of a used Gibson Les Paul guitar in excellent condition in the Chicago area.,holy shit just find the price of a used Gibson Les Paul guitar in excellent condition in the Chicago area.,"[{""guitar_price.find"": {""condition"": [""Excellent""], ""location"": [""Chicago"", ""Chicago area""], ""model"": [""Gibson Les Paul""]}}]","[{""arguments"": {""condition"": ""Excellent"", ""location"": ""Chicago area"", ""model"": ""Gibson Les Paul""}, ""name"": ""guitar_price.find""}]","[{""arguments"": {""condition"": ""Excellent"", ""location"": ""Chicago, IL"", ""model"": ""Gibson Les Paul""}, ""name"": ""guitar_price.find""}]"
labeled_v1,entity_or_alias_normalization_mismatch,possible,no,no,Noisy prediction appears semantically close but uses a different alias or formatting than accepted gold.,multiple_191,multiple_191__cursing,multiple,cursing,argument_value_error,"Book a luxury room in Hotel Paradise, Las Vegas, with a city view for 3 days starting from May 12, 2022.","goddamn it book a luxury room in Hotel Paradise, Las Vegas, with a city view for 3 days starting from May 12, 2022.","[{""book_hotel"": {""hotel_name"": [""Hotel Paradise""], ""location"": [""Las Vegas"", ""Las Vegas, NV"", ""LV""], ""room_type"": [""luxury"", ""Luxury""], ""start_date"": [""05-12-2022"", ""2022-05-12"", ""12/05/2022"", ""May.12,2022"", ""May 12, 2022""], ""stay_duration"": [3], ""view"": [""city"", ""city view""]}}]","[{""arguments"": {""hotel_name"": ""Hotel Paradise"", ""location"": ""Las Vegas"", ""room_type"": ""Luxury"", ""start_date"": ""05-12-2022"", ""stay_duration"": 3, ""view"": ""City view""}, ""name"": ""book_hotel""}]","[{""arguments"": {""hotel_name"": ""Hotel Paradise"", ""location"": ""Las Vegas"", ""room_type"": ""Luxury room"", ""start_date"": ""05-12-2022"", ""stay_duration"": 3, ""view"": ""City view""}, ""name"": ""book_hotel""}]"
labeled_v1,entity_or_alias_normalization_mismatch,possible,no,no,Noisy prediction appears semantically close but uses a different alias or formatting than accepted gold.,parallel_38,parallel_38__cursing,parallel,cursing,argument_value_error,"What's the driving distance between New York and Washington DC, and between Los Angeles and San Francisco with optional parameter shortest route enabled?","this is bullshit what's the driving distance between New York and Washington DC, and between Los Angeles and San Francisco with optional parameter shortest route enabled?","[{""calc_distance"": {""end_loc"": [""Washington DC"", ""Washington D.C.""], ""shortest_route"": [true], ""start_loc"": [""New York"", ""New York, NY"", ""New York City"", ""NYC""]}}, {""calc_distance"": {""end_loc"": [""San Francisco"", ""SF""], ""shortest_route"": [true], ""start_loc"": [""Los Angeles"", ""Los Angeles, CA"", ""LA""]}}]","[{""arguments"": {""end_loc"": ""Washington DC"", ""shortest_route"": true, ""start_loc"": ""New York""}, ""name"": ""calc_distance""}, {""arguments"": {""end_loc"": ""San Francisco"", ""shortest_route"": true, ""start_loc"": ""Los Angeles""}, ""name"": ""calc_distance""}]","[{""arguments"": {""end_loc"": ""Washington, DC"", ""shortest_route"": true, ""start_loc"": ""New York, NY""}, ""name"": ""calc_distance""}, {""arguments"": {""end_loc"": ""San Francisco, CA"", ""shortest_route"": true, ""start_loc"": ""Los Angeles, CA""}, ""name"": ""calc_distance""}]"
labeled_v1,entity_or_alias_normalization_mismatch,possible,no,no,Noisy prediction appears semantically close but uses a different alias or formatting than accepted gold.,parallel_multiple_36,parallel_multiple_36__cursing,parallel_multiple,cursing,argument_value_error,Find overview about the Battle of Waterloo and the signing of the Treaty of Tordesillas.,this is bullshit find overview about the Battle of Waterloo and the signing of the Treaty of Tordesillas.,"[{""euro_history.battle_details"": {""battle_name"": [""Battle of Waterloo"", ""Waterloo""], ""specific_info"": [[""overview""]]}}, {""euro_history.treaty_info"": {""info_requested"": [[""overview""]], ""treaty_name"": [""Treaty of Tordesillas"", ""Tordesillas""]}}]","[{""arguments"": {""battle_name"": ""Battle of Waterloo"", ""specific_info"": [""overview""]}, ""name"": ""euro_history.battle_details""}, {""arguments"": {""info_requested"": [""overview""], ""treaty_name"": ""Treaty of Tordesillas""}, ""name"": ""euro_history.treaty_info""}]","[{""arguments"": {""battle_name"": ""Battle of Waterloo"", ""specific_info"": [""overview"", ""date"", ""causalities""]}, ""name"": ""euro_history.battle_details""}, {""arguments"": {""info_requested"": [""overview"", ""signatories"", ""ratification date"", ""clauses""], ""treaty_name"": ""Treaty of Tordesillas""}, ""name"": ""euro_history.treaty_info""}]"
labeled_v1,entity_or_alias_normalization_mismatch,possible,no,no,Noisy prediction appears semantically close but uses a different alias or formatting than accepted gold.,parallel_multiple_42,parallel_multiple_42__cursing,parallel_multiple,cursing,argument_value_error,"Find me a bronze statue in the Modern Arts Museum in New York and a stone sculpture in the Louvre Museum in Paris. Also, find me a painting made by Picasso in the Metropolitan Museum of Art.","this is bullshit find me a bronze statue in the Modern Arts Museum in New York and a stone sculpture in the Louvre Museum in Paris. Also, find me a painting made by Picasso in the Metropolitan Museum of Art.","[{""artwork.find"": {""artist"": [""""], ""material"": [""bronze"", ""Bronze""], ""museum"": [""Modern Arts Museum, New York"", ""Modern Arts Museum""], ""type"": [""sculpture"", ""Sculpture""]}}, {""artwork.find"": {""artist"": [""""], ""material"": [""stone"", ""Stone""], ""museum"": [""Louvre Museum, Paris"", ""Louvre Museum"", ""Paris""], ""type"": [""sculpture"", ""Sculpture""]}}, {""artwork.find"": {""artist"": [""Picasso""], ""material"": [""""], ""museum"": [""Metropolitan Museum of Art"", ""Metropolitan Museum""], ""type"": [""painting""]}}]","[{""arguments"": {""artist"": """", ""material"": ""Bronze"", ""museum"": ""Modern Arts Museum, New York"", ""type"": ""Sculpture""}, ""name"": ""artwork.find""}, {""arguments"": {""artist"": """", ""material"": ""Stone"", ""museum"": ""Louvre Museum, Paris"", ""type"": ""Sculpture""}, ""name"": ""artwork.find""}, {""arguments"": {""artist"": ""Picasso"", ""material"": """", ""museum"": ""Metropolitan Museum of Art"", ""type"": ""Painting""}, ""name"": ""artwork.find""}]","[{""arguments"": {""artist"": """", ""material"": ""Bronze"", ""museum"": ""Modern Arts Museum in New York"", ""type"": ""Sculpture""}, ""name"": ""artwork.find""}, {""arguments"": {""artist"": """", ""material"": ""Stone"", ""museum"": ""Louvre Museum in Paris"", ""type"": ""Sculpture""}, ""name"": ""artwork.find""}, {""arguments"": {""artist"": ""Picasso"", ""material"": """", ""museum"": ""Metropolitan Museum of Art"", ""type"": ""Painting""}, ""name"": ""artwork.find""}]"
labeled_v1,entity_or_alias_normalization_mismatch,possible,no,no,Noisy prediction appears semantically close but uses a different alias or formatting than accepted gold.,live_simple_34-11-0,live_simple_34-11-0__cursing,live_simple,cursing,argument_value_error,"I asked my language model about logistic regression, and it replied with '**Logistic regression is not present in the text, therefore I cannot answer this question.**' Valid?","this is bullshit i asked my language model about logistic regression, and it replied with '**Logistic regression is not present in the text, therefore I cannot answer this question.**' Valid?","[{""answer.string"": {""answer"": [""Logistic regression is not present in the text, therefore I cannot answer this question.""]}}]","[{""arguments"": {""answer"": ""**Logistic regression is not present in the text, therefore I cannot answer this question.**""}, ""name"": ""answer.string""}]","[{""arguments"": {""answer"": ""Valid? The message '**Logistic regression is not present in the text, therefore I cannot answer this question.**' is not a valid reason in general; logistic regression is a standard ML concept and doesn\u2019t require being present in any given text unless the task is constrained to answer strictly from an excerpt.""}, ""name"": ""answer.string""}]"
labeled_v1,entity_or_alias_normalization_mismatch,possible,no,no,Noisy prediction appears semantically close but uses a different alias or formatting than accepted gold.,live_simple_36-13-0,live_simple_36-13-0__cursing,live_simple,cursing,argument_value_error,"Sure, here is the answer to the question:\n\nThe text does not define logistic regression, therefore I cannot answer this question.","sure, here is the answer to the question:\n\nThe text does not define logistic regression, therefore I cannot answer this question. fucking please man","[{""parseAnswer"": {""answer"": [""The text does not define logistic regression, therefore I cannot answer this question.""]}}]","[{""arguments"": {""answer"": ""The text does not define logistic regression, therefore I cannot answer this question.""}, ""name"": ""parseAnswer""}]","[{""arguments"": {""answer"": ""The text does not define logistic regression, therefore I cannot answer this question. fucking please man""}, ""name"": ""parseAnswer""}]"
labeled_v1,entity_or_alias_normalization_mismatch,possible,no,no,Noisy prediction appears semantically close but uses a different alias or formatting than accepted gold.,live_simple_37-14-0,live_simple_37-14-0__cursing,live_simple,cursing,argument_value_error,"Sure, here is the answer to the question:\n\nThe text does not define logistic regression, therefore I cannot answer this question.","ffs sure, here is the answer to the question:\n\nThe text does not define logistic regression, therefore I cannot answer this question. brother","[{""parseAnswer"": {""answer"": [""The text does not define logistic regression, therefore I cannot answer this question.""]}}]","[{""arguments"": {""answer"": ""The text does not define logistic regression, therefore I cannot answer this question.""}, ""name"": ""parseAnswer""}]","[{""arguments"": {""answer"": ""The text does not define logistic regression, therefore I cannot answer this question. brother""}, ""name"": ""parseAnswer""}]"
labeled_v1,entity_or_alias_normalization_mismatch,possible,no,no,Noisy prediction appears semantically close but uses a different alias or formatting than accepted gold.,live_simple_228-119-0,live_simple_228-119-0__cursing,live_simple,cursing,argument_value_error,Convert it to audio format: I am a pretty girl,convert it to audio format: I am a pretty girl fucking please man,"[{""text_to_speech.convert"": {""gender"": ["""", ""female""], ""language"": ["""", ""en-US""], ""speed"": ["""", 1.0], ""text"": [""I am a pretty girl""]}}]","[{""arguments"": {""gender"": ""female"", ""language"": ""en-US"", ""speed"": 1, ""text"": ""I am a pretty girl""}, ""name"": ""text_to_speech.convert""}]","[{""arguments"": {""gender"": ""female"", ""language"": ""en-US"", ""speed"": 1, ""text"": ""I am a pretty girl fucking please man""}, ""name"": ""text_to_speech.convert""}]"
labeled_v1,entity_or_alias_normalization_mismatch,possible,no,no,Noisy prediction appears semantically close but uses a different alias or formatting than accepted gold.,live_simple_235-124-0,live_simple_235-124-0__cursing,live_simple,cursing,argument_value_error,Play the song 'Friends' by Marshmello,ffs play the song 'Friends' by Marshmello brother,"[{""play_spotify_song"": {""query"": [""track:Friends artist:Marshmello""], ""shuffle"": ["""", false], ""volume"": ["""", 50]}}]","[{""arguments"": {""query"": ""track:Friends artist:Marshmello"", ""shuffle"": false, ""volume"": 50}, ""name"": ""play_spotify_song""}]","[{""arguments"": {""query"": ""track:Friends artist:Marshmello brother"", ""shuffle"": false, ""volume"": 50}, ""name"": ""play_spotify_song""}]"
labeled_v1,entity_or_alias_normalization_mismatch,possible,no,no,Noisy prediction appears semantically close but uses a different alias or formatting than accepted gold.,live_simple_249-131-0,live_simple_249-131-0__cursing,live_simple,cursing,argument_value_error,"Hey bunny, How are you doing","holy shit just hey bunny, How are you doing","[{""chat_with_friend"": {""user_message"": [""Hey bunny, How are you doing""]}}]","[{""arguments"": {""user_message"": ""Hey bunny, How are you doing""}, ""name"": ""chat_with_friend""}]","[{""arguments"": {""user_message"": ""holy shit just hey bunny, How are you doing""}, ""name"": ""chat_with_friend""}]"
labeled_v1,entity_or_alias_normalization_mismatch,possible,no,no,Noisy prediction appears semantically close but uses a different alias or formatting than accepted gold.,live_multiple_127-49-0,live_multiple_127-49-0__cursing,live_multiple,cursing,argument_value_error,Find some information on 'the history of kites and how they're made'?,ffs find some information on 'the history of kites and how they're made'? brother,"[{""search_engine.query"": {""include_facts"": ["""", true], ""prompt"": [""history of kites and how they're made"", ""history of kites and how they are made""], ""since_year"": ["""", 2023], ""source"": ["""", ""all""]}}]","[{""arguments"": {""include_facts"": true, ""prompt"": ""history of kites and how they are made"", ""since_year"": 2023, ""source"": ""all""}, ""name"": ""search_engine.query""}]","[{""arguments"": {""include_facts"": true, ""prompt"": ""history of kites and how they are made overview"", ""since_year"": 2023, ""source"": ""all""}, ""name"": ""search_engine.query""}]"
labeled_v1,entity_or_alias_normalization_mismatch,possible,no,no,Noisy prediction appears semantically close but uses a different alias or formatting than accepted gold.,live_multiple_170-70-0,live_multiple_170-70-0__cursing,live_multiple,cursing,argument_value_error,Get the details of Adriel's internship at Sebelas Maret University?,man for fuck sake get the details of Adriel's internship at Sebelas Maret University?,"[{""get_adriel_detail_experience_and_education"": {""experience_or_education_name"": [""Internship at Sebelas Maret University"", ""Sebelas Maret University"", ""Internship""], ""experience_or_education_type"": ["""", ""work_experience""]}}]","[{""arguments"": {""experience_or_education_name"": ""Sebelas Maret University"", ""experience_or_education_type"": ""work_experience""}, ""name"": ""get_adriel_detail_experience_and_education""}]","[{""arguments"": {""experience_or_education_name"": ""Sebelas Maret University internship"", ""experience_or_education_type"": ""work_experience""}, ""name"": ""get_adriel_detail_experience_and_education""}]"
labeled_v1,entity_or_alias_normalization_mismatch,possible,no,no,Noisy prediction appears semantically close but uses a different alias or formatting than accepted gold.,live_multiple_228-102-0,live_multiple_228-102-0__cursing,live_multiple,cursing,argument_value_error,Give me an analysis trail for my project id SUPERFANCY with component UUID AB1010CD and vulnerability ef903ac-893-f00,give me an analysis trail for my project id SUPERFANCY with component UUID AB1010CD and vulnerability ef903ac-893-f00 fucking please man,"[{""analysis_api.AnalysisApi.retrieve_analysis"": {""component"": [""AB1010CD""], ""project"": [""SUPERFANCY""], ""vulnerability"": [""ef903ac-893-f00""]}}]","[{""arguments"": {""component"": ""AB1010CD"", ""project"": ""SUPERFANCY"", ""vulnerability"": ""ef903ac-893-f00""}, ""name"": ""analysis_api.AnalysisApi.retrieve_analysis""}]","[{""arguments"": {""component"": ""AB1010CD"", ""project"": ""SUPERFANCY"", ""vulnerability"": ""ef903ac-893-f00 fucking please man""}, ""name"": ""analysis_api.AnalysisApi.retrieve_analysis""}]"
labeled_v1,entity_or_alias_normalization_mismatch,possible,no,no,Noisy prediction appears semantically close but uses a different alias or formatting than accepted gold.,live_multiple_299-130-8,live_multiple_299-130-8__cursing,live_multiple,cursing,argument_value_error,"I want to go to Sydney, Australia and need a place for three people that has laundry service.","goddamn it i want to go to Sydney, Australia and need a place for three people that has laundry service.","[{""Hotels_2_SearchHouse"": {""has_laundry_service"": [""True""], ""number_of_adults"": [3], ""rating"": ["""", 0.0], ""where_to"": [""Sydney, Australia""]}}]","[{""arguments"": {""has_laundry_service"": ""True"", ""number_of_adults"": 3, ""rating"": 0, ""where_to"": ""Sydney, Australia""}, ""name"": ""Hotels_2_SearchHouse""}]","[{""arguments"": {""has_laundry_service"": ""True"", ""number_of_adults"": 3, ""rating"": 0, ""where_to"": ""Sydney, AU""}, ""name"": ""Hotels_2_SearchHouse""}]"
labeled_v1,entity_or_alias_normalization_mismatch,possible,no,no,Noisy prediction appears semantically close but uses a different alias or formatting than accepted gold.,live_multiple_361-134-6,live_multiple_361-134-6__cursing,live_multiple,cursing,argument_value_error,I need your advice in finding a movie to watch. I want it to be an action movie with ryan reynolds and directed by david leitch,ffs i need your advice in finding a movie to watch. I want it to be an action movie with ryan reynolds and directed by david leitch brother,"[{""Movies_3_FindMovies"": {""cast"": [""ryan reynolds""], ""directed_by"": [""david leitch""], ""genre"": [""Action""]}}]","[{""arguments"": {""cast"": ""Ryan Reynolds"", ""directed_by"": ""David Leitch"", ""genre"": ""Action""}, ""name"": ""Movies_3_FindMovies""}]","[{""arguments"": {""cast"": ""Ryan Reynolds"", ""directed_by"": ""David Leitch brother"", ""genre"": ""Action""}, ""name"": ""Movies_3_FindMovies""}]"
labeled_v1,entity_or_alias_normalization_mismatch,possible,no,no,Noisy prediction appears semantically close but uses a different alias or formatting than accepted gold.,live_multiple_629-160-9,live_multiple_629-160-9__cursing,live_multiple,cursing,argument_value_error,"Can you send $250 to Rachel's account using my debit card, and make sure the transaction is private?","goddamn it can you send $250 to Rachel's account using my debit card, and make sure the transaction is private?","[{""Payment_1_MakePayment"": {""amount"": [250.0], ""payment_method"": [""debit card""], ""private_visibility"": [true], ""receiver"": [""Rachel""]}}]","[{""arguments"": {""amount"": 250, ""payment_method"": ""debit card"", ""private_visibility"": true, ""receiver"": ""Rachel""}, ""name"": ""Payment_1_MakePayment""}]","[{""arguments"": {""amount"": 250, ""payment_method"": ""debit card"", ""private_visibility"": true, ""receiver"": ""Rachel's account""}, ""name"": ""Payment_1_MakePayment""}]"
labeled_v1,entity_or_alias_normalization_mismatch,possible,no,no,Noisy prediction appears semantically close but uses a different alias or formatting than accepted gold.,live_multiple_841-178-16,live_multiple_841-178-16__cursing,live_multiple,cursing,argument_value_error,I'm looking for some new Electropp songs to listen to. I'd like to listen to something from the album Run.,ffs i'm looking for some new Electropp songs to listen to. I'd like to listen to something from the album Run. brother,"[{""Music_3_LookupMusic"": {""album"": [""Run""], ""artist"": ["""", ""dontcare""], ""genre"": [""Electropop""], ""year"": ["""", ""dontcare""]}}]","[{""arguments"": {""album"": ""Run"", ""artist"": ""dontcare"", ""genre"": ""Electropop"", ""year"": ""dontcare""}, ""name"": ""Music_3_LookupMusic""}]","[{""arguments"": {""album"": ""Run brother"", ""artist"": ""dontcare"", ""genre"": ""Electropop"", ""year"": ""dontcare""}, ""name"": ""Music_3_LookupMusic""}]"
labeled_v1,entity_or_alias_normalization_mismatch,possible,no,no,Noisy prediction appears semantically close but uses a different alias or formatting than accepted gold.,live_multiple_955-202-1,live_multiple_955-202-1__cursing,live_multiple,cursing,argument_value_error,Order 5 fries from uber eats mc donalds,ffs order 5 fries from uber eats mc donalds brother,"[{""uber.eat.order"": {""items"": [[""fries""]], ""quantities"": [[5]], ""restaurant"": [""mc donalds"", ""McDonald's""]}}]","[{""arguments"": {""items"": [""fries""], ""quantities"": [5], ""restaurant"": ""Mc Donalds""}, ""name"": ""uber.eat.order""}]","[{""arguments"": {""items"": [""fries""], ""quantities"": [5], ""restaurant"": ""Mc Donalds brother""}, ""name"": ""uber.eat.order""}]"
labeled_v1,entity_or_alias_normalization_mismatch,possible,no,no,Noisy prediction appears semantically close but uses a different alias or formatting than accepted gold.,simple_python_162,simple_python_162__context,simple_python,irrelevant_context,argument_value_error,Generate a customized law contract between John and Alice for rental agreement in California.,it went horrible today. generate a customized law contract between John and Alice for rental agreement in California.,"[{""generate_law_contract"": {""contract_type"": [""Rental Agreement"", ""rental agreement""], ""location"": [""California"", ""CA""], ""parties"": [[""John"", ""Alice""], [""John"", ""Alice""]]}}]","[{""arguments"": {""contract_type"": ""Rental Agreement"", ""location"": ""California"", ""parties"": [""John"", ""Alice""]}, ""name"": ""generate_law_contract""}]","[{""arguments"": {""contract_type"": ""Residential Rental Agreement"", ""location"": ""California"", ""parties"": [""John"", ""Alice""]}, ""name"": ""generate_law_contract""}]"
labeled_v1,entity_or_alias_normalization_mismatch,possible,no,no,Noisy prediction appears semantically close but uses a different alias or formatting than accepted gold.,simple_python_200,simple_python_200__context,simple_python,irrelevant_context,argument_value_error,"How much CO2 is produced annually by a gas-fueled car that travels 12,000 miles per year, with fuel efficiency of 25 MPG ?","i'm in the middle of three things right now. quick how much CO2 is produced annually by a gas-fueled car that travels 12,000 miles per year, with fuel efficiency of 25 MPG ?","[{""calculate_emissions"": {""distance"": [12000], ""efficiency_reduction"": [0, """"], ""fuel_efficiency"": ["""", 25.0], ""fuel_type"": [""gas""]}}]","[{""arguments"": {""distance"": 12000, ""efficiency_reduction"": 0, ""fuel_efficiency"": 25, ""fuel_type"": ""gas""}, ""name"": ""calculate_emissions""}]","[{""arguments"": {""distance"": 12000, ""efficiency_reduction"": 0, ""fuel_efficiency"": 25, ""fuel_type"": ""gasoline""}, ""name"": ""calculate_emissions""}]"
labeled_v1,entity_or_alias_normalization_mismatch,possible,no,no,Noisy prediction appears semantically close but uses a different alias or formatting than accepted gold.,simple_python_209,simple_python_209__context,simple_python,irrelevant_context,argument_value_error,"Locate the nearest public library in Boston, Massachusetts with English fiction section and free Wi-Fi.","i spilled coffee and lost my notes, please locate the nearest public library in Boston, Massachusetts with English fiction section and free Wi-Fi.","[{""public_library.find_nearby"": {""facilities"": [[""Fiction"", ""Wi-Fi""], [""Wi-Fi"", ""Fiction""]], ""location"": [""Boston, MA"", ""Boston, Massachusetts""]}}]","[{""arguments"": {""facilities"": [""Wi-Fi"", ""Fiction""], ""location"": ""Boston, Massachusetts""}, ""name"": ""public_library.find_nearby""}]","[{""arguments"": {""facilities"": [""Wi-Fi"", ""Fiction"", ""Reading Room""], ""location"": ""Boston, MA""}, ""name"": ""public_library.find_nearby""}]"
labeled_v1,entity_or_alias_normalization_mismatch,possible,no,no,Noisy prediction appears semantically close but uses a different alias or formatting than accepted gold.,simple_python_231,simple_python_231__context,simple_python,irrelevant_context,argument_value_error,Provide key war events in German history from 1871 to 1945.,"the meeting earlier was useless, provide key war events in German history from 1871 to 1945.","[{""history.get_key_events"": {""country"": [""Germany"", ""DE""], ""end_year"": [1945], ""event_type"": [[""War""]], ""start_year"": [1871]}}]","[{""arguments"": {""country"": ""Germany"", ""end_year"": 1945, ""event_type"": [""War""], ""start_year"": 1871}, ""name"": ""history.get_key_events""}]","[{""arguments"": {""country"": ""Deutschland"", ""end_year"": 1945, ""event_type"": [""War""], ""start_year"": 1871}, ""name"": ""history.get_key_events""}]"
labeled_v1,entity_or_alias_normalization_mismatch,possible,no,no,Noisy prediction appears semantically close but uses a different alias or formatting than accepted gold.,simple_python_243,simple_python_243__context,simple_python,irrelevant_context,argument_value_error,Who discovered the neutron? Give me detail information.,"the meeting earlier was useless, who discovered the neutron? Give me detail information.","[{""get_discoverer"": {""detail"": [true], ""discovery"": [""neutron""]}}]","[{""arguments"": {""detail"": true, ""discovery"": ""neutron""}, ""name"": ""get_discoverer""}]","[{""arguments"": {""detail"": true, ""discovery"": ""the neutron""}, ""name"": ""get_discoverer""}]"
labeled_v1,entity_or_alias_normalization_mismatch,possible,no,no,Noisy prediction appears semantically close but uses a different alias or formatting than accepted gold.,simple_python_280,simple_python_280__context,simple_python,irrelevant_context,argument_value_error,Find an acoustic instrument within my budget of $1000.,my laptop is being so weird today. find an acoustic instrument within my budget of $1000.,"[{""find_instrument"": {""budget"": [1000], ""make"": [""""], ""type"": [""acoustic""]}}]","[{""arguments"": {""budget"": 1000, ""make"": """", ""type"": ""acoustic""}, ""name"": ""find_instrument""}]","[{""arguments"": {""budget"": 1000, ""make"": """", ""type"": ""acoustic instrument""}, ""name"": ""find_instrument""}]"
labeled_v1,entity_or_alias_normalization_mismatch,possible,no,no,Noisy prediction appears semantically close but uses a different alias or formatting than accepted gold.,simple_python_283,simple_python_283__context,simple_python,irrelevant_context,argument_value_error,Find the price of a used Gibson Les Paul guitar in excellent condition in the Chicago area.,my brother thinks he is genius. find the price of a used Gibson Les Paul guitar in excellent condition in the Chicago area.,"[{""guitar_price.find"": {""condition"": [""Excellent""], ""location"": [""Chicago"", ""Chicago, IL"", ""Chicago, Illinois""], ""model"": [""Gibson Les Paul""]}}]","[{""arguments"": {""condition"": ""Excellent"", ""location"": ""Chicago, IL"", ""model"": ""Gibson Les Paul""}, ""name"": ""guitar_price.find""}]","[{""arguments"": {""condition"": ""Excellent"", ""location"": ""Chicago area"", ""model"": ""Gibson Les Paul""}, ""name"": ""guitar_price.find""}]"
labeled_v1,entity_or_alias_normalization_mismatch,possible,no,no,Noisy prediction appears semantically close but uses a different alias or formatting than accepted gold.,simple_python_358,simple_python_358__context,simple_python,irrelevant_context,argument_value_error,Find a gluten-free cookie recipe that takes less than 30 minutes to prepare.,my laptop is being so weird today. find a gluten-free cookie recipe that takes less than 30 minutes to prepare.,"[{""recipe_search"": {""diet"": [[""Gluten Free""], [""GF""], [""gluten free""]], ""dish"": [""cookie""], ""time_limit"": [30]}}]","[{""arguments"": {""diet"": [""Gluten Free""], ""dish"": ""cookie"", ""time_limit"": 30}, ""name"": ""recipe_search""}]","[{""arguments"": {""diet"": [""Gluten Free""], ""dish"": ""cookies"", ""time_limit"": 30}, ""name"": ""recipe_search""}]"
labeled_v1,entity_or_alias_normalization_mismatch,possible,no,no,Noisy prediction appears semantically close but uses a different alias or formatting than accepted gold.,simple_python_364,simple_python_364__context,simple_python,irrelevant_context,argument_value_error,Can I find an Italian restaurant with Gluten-free options near Brooklyn?,my laptop is being so weird today. can I find an Italian restaurant with Gluten-free options near Brooklyn?,"[{""find_restaurant"": {""diet_option"": [""Gluten-free""], ""location"": [""Brooklyn"", ""Brooklyn, NY""], ""type"": [""Italian""]}}]","[{""arguments"": {""diet_option"": ""Gluten-free"", ""location"": ""Brooklyn, NY"", ""type"": ""Italian""}, ""name"": ""find_restaurant""}]","[{""arguments"": {""diet_option"": ""Gluten-free options"", ""location"": ""Brooklyn"", ""type"": ""Italian""}, ""name"": ""find_restaurant""}]"
labeled_v1,entity_or_alias_normalization_mismatch,possible,no,no,Noisy prediction appears semantically close but uses a different alias or formatting than accepted gold.,multiple_24,multiple_24__context,multiple,irrelevant_context,argument_value_error,What is the fastest route from London to Edinburgh for playing a chess championship? Also provide an estimate of the distance.,my laptop is being so weird today. what is the fastest route from London to Edinburgh for playing a chess championship? Also provide an estimate of the distance.,"[{""route_planner.calculate_route"": {""destination"": [""Edinburgh""], ""method"": [""fastest"", """"], ""start"": [""London""]}}]","[{""arguments"": {""destination"": ""Edinburgh"", ""method"": ""fastest"", ""start"": ""London""}, ""name"": ""route_planner.calculate_route""}]","[{""arguments"": {""destination"": ""Edinburgh, UK"", ""method"": ""fastest"", ""start"": ""London, UK""}, ""name"": ""route_planner.calculate_route""}]"
labeled_v1,entity_or_alias_normalization_mismatch,possible,no,no,Noisy prediction appears semantically close but uses a different alias or formatting than accepted gold.,multiple_39,multiple_39__context,multiple,irrelevant_context,argument_value_error,Find a ride from New York to Philadelphia with maximum cost of $50,my brother thinks he is genius. find a ride from New York to Philadelphia with maximum cost of $50,"[{""ride_hailing.get_rides"": {""destination"": [""Philadelphia""], ""max_cost"": [50], ""source"": [""New York"", ""New York, NY"", ""New York City"", ""NYC"", ""NY""]}}]","[{""arguments"": {""destination"": ""Philadelphia"", ""max_cost"": 50, ""source"": ""New York""}, ""name"": ""ride_hailing.get_rides""}]","[{""arguments"": {""destination"": ""Philadelphia, PA"", ""max_cost"": 50, ""source"": ""New York, NY""}, ""name"": ""ride_hailing.get_rides""}]"
labeled_v1,entity_or_alias_normalization_mismatch,possible,no,no,Noisy prediction appears semantically close but uses a different alias or formatting than accepted gold.,multiple_43,multiple_43__context,multiple,irrelevant_context,argument_value_error,What is the energy produced by 5 mol of glucose (C6H12O6)?,"i spilled coffee and lost my notes, please what is the energy produced by 5 mol of glucose (C6H12O6)?","[{""biological.calc_energy"": {""joules_per_mol"": [2800, """"], ""mols"": [5], ""substance"": [""C6H12O6""]}}]","[{""arguments"": {""joules_per_mol"": 2800, ""mols"": 5, ""substance"": ""C6H12O6""}, ""name"": ""biological.calc_energy""}]","[{""arguments"": {""joules_per_mol"": 2800, ""mols"": 5, ""substance"": ""glucose (C6H12O6)""}, ""name"": ""biological.calc_energy""}]"
labeled_v1,entity_or_alias_normalization_mismatch,possible,no,no,Noisy prediction appears semantically close but uses a different alias or formatting than accepted gold.,multiple_191,multiple_191__context,multiple,irrelevant_context,argument_value_error,"Book a luxury room in Hotel Paradise, Las Vegas, with a city view for 3 days starting from May 12, 2022.","the meeting earlier was useless, book a luxury room in Hotel Paradise, Las Vegas, with a city view for 3 days starting from May 12, 2022.","[{""book_hotel"": {""hotel_name"": [""Hotel Paradise""], ""location"": [""Las Vegas"", ""Las Vegas, NV"", ""LV""], ""room_type"": [""luxury"", ""Luxury""], ""start_date"": [""05-12-2022"", ""2022-05-12"", ""12/05/2022"", ""May.12,2022"", ""May 12, 2022""], ""stay_duration"": [3], ""view"": [""city"", ""city view""]}}]","[{""arguments"": {""hotel_name"": ""Hotel Paradise"", ""location"": ""Las Vegas"", ""room_type"": ""Luxury"", ""start_date"": ""05-12-2022"", ""stay_duration"": 3, ""view"": ""City view""}, ""name"": ""book_hotel""}]","[{""arguments"": {""hotel_name"": ""Hotel Paradise"", ""location"": ""Las Vegas"", ""room_type"": ""luxury room"", ""start_date"": ""05-12-2022"", ""stay_duration"": 3, ""view"": ""city view""}, ""name"": ""book_hotel""}]"
labeled_v1,entity_or_alias_normalization_mismatch,possible,no,no,Noisy prediction appears semantically close but uses a different alias or formatting than accepted gold.,parallel_multiple_115,parallel_multiple_115__context,parallel_multiple,irrelevant_context,argument_value_error,"""Can you help me plan my trip to New York? I would like to visit a modern art installation, a park with a playground and a picnic area, and a popular monument. Could you find these for me?""","the meeting earlier was useless, ""Can you help me plan my trip to New York? I would like to visit a modern art installation, a park with a playground and a picnic area, and a popular monument. Could you find these for me?""","[{""artwork_search.find"": {""era"": [""modern"", """"], ""location"": [""New York"", ""NY""], ""type"": [""installation""]}}, {""park_search.find"": {""facilities"": [[""playground"", ""picnic area""]], ""location"": [""New York"", ""NY""]}}, {""tourist_attraction.find"": {""attractionType"": [""monument""], ""location"": [""New York"", ""NY""]}}]","[{""arguments"": {""era"": ""modern"", ""location"": ""New York"", ""type"": ""installation""}, ""name"": ""artwork_search.find""}, {""arguments"": {""facilities"": [""playground"", ""picnic area""], ""location"": ""New York""}, ""name"": ""park_search.find""}, {""arguments"": {""attractionType"": ""monument"", ""location"": ""New York""}, ""name"": ""tourist_attraction.find""}]","[{""arguments"": {""era"": ""modern"", ""location"": ""New York"", ""type"": ""installation""}, ""name"": ""artwork_search.find""}, {""arguments"": {""facilities"": [""playground"", ""picnic area""], ""location"": ""New York""}, ""name"": ""park_search.find""}, {""arguments"": {""attractionType"": ""popular monument"", ""location"": ""New York""}, ""name"": ""tourist_attraction.find""}]"
labeled_v1,entity_or_alias_normalization_mismatch,possible,no,no,Noisy prediction appears semantically close but uses a different alias or formatting than accepted gold.,parallel_multiple_180,parallel_multiple_180__context,parallel_multiple,irrelevant_context,argument_value_error,"""Can you tell me who discovered the Higgs Boson and provide additional details about them, such as their birth date and nationality? Also, I am a 180 lbs, 5'11"" tall individual who is moderately active, can you predict my likelihood of having type 2 diabetes? Lastly, I am planning to visit the Louvre museum in Paris, can you tell me its working hours on Monday?""","i'm in the middle of three things right now. quick ""Can you tell me who discovered the Higgs Boson and provide additional details about them, such as their birth date and nationality? Also, I am a 180 lbs, 5'11"" tall individual who is moderately active, can you predict my likelihood of having type 2 diabetes? Lastly, I am planning to visit the Louvre museum in Paris, can you tell me its working hours on Monday?""","[{""get_discoverer"": {""detail"": [true], ""discovery"": [""Higgs Boson"", ""higgs boson"", ""Higgs Boson particle""]}}, {""diabetes_prediction"": {""activity_level"": [""moderately active""], ""height"": [71], ""weight"": [180]}}, {""museum_working_hours.get"": {""day"": [""Monday"", ""monday"", """"], ""location"": [""Paris"", ""Paris, France""], ""museum"": [""Louvre"", ""the Louvre museum""]}}]","[{""arguments"": {""detail"": true, ""discovery"": ""Higgs Boson""}, ""name"": ""get_discoverer""}, {""arguments"": {""activity_level"": ""moderately active"", ""height"": 71, ""weight"": 180}, ""name"": ""diabetes_prediction""}, {""arguments"": {""day"": ""Monday"", ""location"": ""Paris"", ""museum"": ""Louvre""}, ""name"": ""museum_working_hours.get""}]","[{""arguments"": {""detail"": true, ""discovery"": ""Higgs Boson""}, ""name"": ""get_discoverer""}, {""arguments"": {""activity_level"": ""moderately active"", ""height"": 71, ""weight"": 180}, ""name"": ""diabetes_prediction""}, {""arguments"": {""day"": ""Monday"", ""location"": ""Paris"", ""museum"": ""Louvre Museum""}, ""name"": ""museum_working_hours.get""}]"
labeled_v1,entity_or_alias_normalization_mismatch,possible,no,no,Noisy prediction appears semantically close but uses a different alias or formatting than accepted gold.,live_simple_15-3-11,live_simple_15-3-11__context,live_simple,irrelevant_context,argument_value_error,"I'm at Bengaluru. Tell me the current weather conditions in Chennai, Tamil Nadu in fahrenheit?","my brother thinks he is genius. i'm at Bengaluru. Tell me the current weather conditions in Chennai, Tamil Nadu in fahrenheit?","[{""get_current_weather"": {""location"": [""Chennai, Tamil Nadu""], ""unit"": ["""", ""fahrenheit""]}}]","[{""arguments"": {""location"": ""Chennai, Tamil Nadu"", ""unit"": ""fahrenheit""}, ""name"": ""get_current_weather""}]","[{""arguments"": {""location"": ""Chennai, Tamil Nadu, India"", ""unit"": ""fahrenheit""}, ""name"": ""get_current_weather""}]"
labeled_v1,entity_or_alias_normalization_mismatch,possible,no,no,Noisy prediction appears semantically close but uses a different alias or formatting than accepted gold.,live_simple_162-96-1,live_simple_162-96-1__context,live_simple,irrelevant_context,argument_value_error,"{
    ""response"": "" A 4-image grid of various comic book superheroes. Her is a list of objects that contain copyright material\n\nRed and blue circle logo.\nRed and yellow circle logo.\nGreen circle logo.\nBlack circle logo.""
}
","my laptop is being so weird today. {
    ""response"": "" A 4-image grid of various comic book superheroes. Her is a list of objects that contain copyright material\n\nRed and blue circle logo.\nRed and yellow circle logo.\nGreen circle logo.\nBlack circle logo.""
}
","[{""get_items"": {""items"": [[""Red and blue circle logo"", ""Red and yellow circle logo"", ""Green circle logo"", ""Black circle logo""]]}}]","[{""arguments"": {""items"": [""Red and blue circle logo"", ""Red and yellow circle logo"", ""Green circle logo"", ""Black circle logo""]}, ""name"": ""get_items""}]","[{""arguments"": {""items"": [""A 4-image grid of various comic book superheroes"", ""Red and blue circle logo"", ""Red and yellow circle logo"", ""Green circle logo"", ""Black circle logo""]}, ""name"": ""get_items""}]"
labeled_v1,entity_or_alias_normalization_mismatch,possible,no,no,Noisy prediction appears semantically close but uses a different alias or formatting than accepted gold.,live_simple_168-99-2,live_simple_168-99-2__context,live_simple,irrelevant_context,argument_value_error,start Docker on window using docker start.,my laptop is being so weird today. start Docker on window using docker start.,"[{""cmd_controller.execute"": {""command"": [""docker start""]}}]","[{""arguments"": {""command"": ""docker start""}, ""name"": ""cmd_controller.execute""}]","[{""arguments"": {""command"": ""docker ps >nul 2>&1 || (echo Docker not running or not installed) && docker start $(docker ps -aq)""}, ""name"": ""cmd_controller.execute""}]"
labeled_v1,entity_or_alias_normalization_mismatch,possible,no,no,Noisy prediction appears semantically close but uses a different alias or formatting than accepted gold.,live_simple_182-107-0,live_simple_182-107-0__context,live_simple,irrelevant_context,argument_value_error,"Help find a housekeeper who provides ironing services in Bangkok, Khlong Sam Wa District, Sai Kong Subdistrict, with a review score of 4.5 stars or more.","it went horrible today. help find a housekeeper who provides ironing services in Bangkok, Khlong Sam Wa District, Sai Kong Subdistrict, with a review score of 4.5 stars or more.","[{""get_service_providers"": {""district_name"": [""Khlong Sam Wa""], ""province_id"": [1], ""rating"": [4.5], ""service_id"": [2], ""sub_district_name"": [""Sai Kong""]}}]","[{""arguments"": {""district_name"": ""Khlong Sam Wa"", ""province_id"": 1, ""rating"": 4.5, ""service_id"": 2, ""sub_district_name"": ""Sai Kong""}, ""name"": ""get_service_providers""}]","[{""arguments"": {""district_name"": ""Khlong Sam Wa District"", ""province_id"": 1, ""rating"": 4.5, ""service_id"": 2, ""sub_district_name"": ""Sai Kong Subdistrict""}, ""name"": ""get_service_providers""}]"
labeled_v1,entity_or_alias_normalization_mismatch,possible,no,no,Noisy prediction appears semantically close but uses a different alias or formatting than accepted gold.,live_simple_249-131-0,live_simple_249-131-0__context,live_simple,irrelevant_context,argument_value_error,"Hey bunny, How are you doing","my brother thinks he is genius. hey bunny, How are you doing","[{""chat_with_friend"": {""user_message"": [""Hey bunny, How are you doing""]}}]","[{""arguments"": {""user_message"": ""Hey bunny, How are you doing""}, ""name"": ""chat_with_friend""}]","[{""arguments"": {""user_message"": ""Hey bunny! How are you doing? Also, my brother thinks he is a genius.""}, ""name"": ""chat_with_friend""}]"
labeled_v1,entity_or_alias_normalization_mismatch,possible,no,no,Noisy prediction appears semantically close but uses a different alias or formatting than accepted gold.,live_multiple_462-145-13,live_multiple_462-145-13__context,live_multiple,irrelevant_context,argument_value_error,"Can you find me a roundtrip flight from San Francisco to Atlanta, departing on the 2023 1st of March and coming back on the 6th of March, with American Airlines and in Economy class?","my laptop is being so weird today. can you find me a roundtrip flight from San Francisco to Atlanta, departing on the 2023 1st of March and coming back on the 6th of March, with American Airlines and in Economy class?","[{""Flights_4_SearchRoundtripFlights"": {""airlines"": [""American Airlines""], ""departure_date"": [""2023-03-01""], ""destination_airport"": [""Atlanta""], ""number_of_tickets"": ["""", 1], ""origin_airport"": [""San Francisco""], ""return_date"": [""2023-03-06""], ""seating_class"": ["""", ""Economy""]}}]","[{""arguments"": {""airlines"": ""American Airlines"", ""departure_date"": ""2023-03-01"", ""destination_airport"": ""Atlanta"", ""number_of_tickets"": 1, ""origin_airport"": ""San Francisco"", ""return_date"": ""2023-03-06"", ""seating_class"": ""Economy""}, ""name"": ""Flights_4_SearchRoundtripFlights""}]","[{""arguments"": {""airlines"": ""American Airlines"", ""departure_date"": ""2023-03-01"", ""destination_airport"": ""Atlanta (ATL)"", ""number_of_tickets"": 1, ""origin_airport"": ""San Francisco (SFO)"", ""return_date"": ""2023-03-06"", ""seating_class"": ""Economy""}, ""name"": ""Flights_4_SearchRoundtripFlights""}]"
labeled_v1,entity_or_alias_normalization_mismatch,possible,no,no,Noisy prediction appears semantically close but uses a different alias or formatting than accepted gold.,live_multiple_523-150-11,live_multiple_523-150-11__context,live_multiple,irrelevant_context,argument_value_error,"I want to watch a War genre film in a regular format at 3 Below Theaters and Lounge. in San Jose, CA","i spilled coffee and lost my notes, please i want to watch a War genre film in a regular format at 3 Below Theaters and Lounge. in San Jose, CA","[{""Movies_1_FindMovies"": {""genre"": [""War""], ""location"": [""San Jose, CA""], ""show_type"": [""regular""], ""theater_name"": [""3 Below Theaters and Lounge""]}}]","[{""arguments"": {""genre"": ""War"", ""location"": ""San Jose, CA"", ""show_type"": ""regular"", ""theater_name"": ""3 Below Theaters and Lounge""}, ""name"": ""Movies_1_FindMovies""}]","[{""arguments"": {""genre"": ""War"", ""location"": ""San Jose, CA"", ""show_type"": ""regular"", ""theater_name"": ""Below Theaters and Lounge""}, ""name"": ""Movies_1_FindMovies""}]"
labeled_v1,entity_or_alias_normalization_mismatch,possible,no,no,Noisy prediction appears semantically close but uses a different alias or formatting than accepted gold. Missing whitespace may have reduced parsing of slots or calls.,simple_python_93,simple_python_93__spaces,simple_python,removed_spaces,argument_value_error,Fetch me the list of IMAX movie releases in theaters near LA for the next week.,Fetch me the list of IMAX movie releases intheaters near LA for the next week.,"[{""get_theater_movie_releases"": {""format"": [""IMAX""], ""location"": [""LA""], ""timeframe"": [7]}}]","[{""arguments"": {""format"": ""IMAX"", ""location"": ""LA"", ""timeframe"": 7}, ""name"": ""get_theater_movie_releases""}]","[{""arguments"": {""format"": ""IMAX"", ""location"": ""nearLA"", ""timeframe"": 7}, ""name"": ""get_theater_movie_releases""}]"
labeled_v1,entity_or_alias_normalization_mismatch,possible,no,no,Noisy prediction appears semantically close but uses a different alias or formatting than accepted gold. Missing whitespace may have reduced parsing of slots or calls.,simple_python_142,simple_python_142__spaces,simple_python,removed_spaces,argument_value_error,"Find the NASDAQ stock price for the company Amazon at closing March.11, 2022.","Find the NASDAQ stock price for thecompany Amazon at closing March.11, 2022.","[{""get_stock_price"": {""company_name"": [""Amazon"", ""AMZN""], ""date"": [""2022-03-11""], ""exchange"": [""NASDAQ"", """"]}}]","[{""arguments"": {""company_name"": ""Amazon"", ""date"": ""2022-03-11"", ""exchange"": ""NASDAQ""}, ""name"": ""get_stock_price""}]","[{""arguments"": {""company_name"": ""Amazonat"", ""date"": ""2022-03-11"", ""exchange"": ""NASDAQ""}, ""name"": ""get_stock_price""}]"
labeled_v1,entity_or_alias_normalization_mismatch,possible,no,no,Noisy prediction appears semantically close but uses a different alias or formatting than accepted gold. Missing whitespace may have reduced parsing of slots or calls.,simple_python_243,simple_python_243__spaces,simple_python,removed_spaces,argument_value_error,Who discovered the neutron? Give me detail information.,Whodiscovered the neutron? Give me detail information.,"[{""get_discoverer"": {""detail"": [true], ""discovery"": [""neutron""]}}]","[{""arguments"": {""detail"": true, ""discovery"": ""neutron""}, ""name"": ""get_discoverer""}]","[{""arguments"": {""detail"": true, ""discovery"": ""the neutron""}, ""name"": ""get_discoverer""}]"
labeled_v1,entity_or_alias_normalization_mismatch,possible,no,no,Noisy prediction appears semantically close but uses a different alias or formatting than accepted gold. Missing whitespace may have reduced parsing of slots or calls.,simple_python_283,simple_python_283__spaces,simple_python,removed_spaces,argument_value_error,Find the price of a used Gibson Les Paul guitar in excellent condition in the Chicago area.,Find the price of a used Gibson Les Paul guitar in excellent condition inthe Chicago area.,"[{""guitar_price.find"": {""condition"": [""Excellent""], ""location"": [""Chicago"", ""Chicago, IL"", ""Chicago, Illinois""], ""model"": [""Gibson Les Paul""]}}]","[{""arguments"": {""condition"": ""Excellent"", ""location"": ""Chicago, IL"", ""model"": ""Gibson Les Paul""}, ""name"": ""guitar_price.find""}]","[{""arguments"": {""condition"": ""Excellent"", ""location"": ""Chicago area"", ""model"": ""Gibson LesPaul""}, ""name"": ""guitar_price.find""}]"
labeled_v1,entity_or_alias_normalization_mismatch,possible,no,no,Noisy prediction appears semantically close but uses a different alias or formatting than accepted gold. Missing whitespace may have reduced parsing of slots or calls.,simple_python_292,simple_python_292__spaces,simple_python,removed_spaces,argument_value_error,"Compose a simple piano melody with a progression of C, F and G for 4 measures.","Compose a simple piano melodywith a progression of C, F and G for 4 measures.","[{""compose_melody"": {""instrument"": [""Piano"", """"], ""measures"": [4], ""progression"": [[""C"", ""F"", ""G""]]}}]","[{""arguments"": {""instrument"": ""Piano"", ""measures"": 4, ""progression"": [""C"", ""F"", ""G""]}, ""name"": ""compose_melody""}]","[{""arguments"": {""instrument"": ""Piano"", ""measures"": 4, ""progression"": [""C"", ""F"", ""G"", ""C""]}, ""name"": ""compose_melody""}]"
labeled_v1,entity_or_alias_normalization_mismatch,possible,no,no,Noisy prediction appears semantically close but uses a different alias or formatting than accepted gold. Missing whitespace may have reduced parsing of slots or calls.,simple_python_382,simple_python_382__spaces,simple_python,removed_spaces,argument_value_error,"Book a single room for two nights at the Hilton Hotel in Chicago, starting from 10th December 2022.","Book a single room for two nightsat the Hilton Hotel in Chicago, starting from 10th December 2022.","[{""book_hotel"": {""hotel_name"": [""Hilton Hotel"", ""Hilton""], ""location"": [""Chicago""], ""nights"": [2], ""room_type"": [""single""], ""start_date"": [""2022-12-10"", ""10/12/2022"", ""Dec 10, 2022"", ""December 10, 2022""]}}]","[{""arguments"": {""hotel_name"": ""Hilton Hotel"", ""location"": ""Chicago"", ""nights"": 2, ""room_type"": ""single"", ""start_date"": ""2022-12-10""}, ""name"": ""book_hotel""}]","[{""arguments"": {""hotel_name"": ""Hilton Hotel"", ""location"": ""Chicago"", ""nights"": 2, ""room_type"": ""single room"", ""start_date"": ""2022-12-10""}, ""name"": ""book_hotel""}]"
labeled_v1,entity_or_alias_normalization_mismatch,possible,no,no,Noisy prediction appears semantically close but uses a different alias or formatting than accepted gold. Missing whitespace may have reduced parsing of slots or calls.,multiple_10,multiple_10__spaces,multiple,removed_spaces,argument_value_error,I need to delete some columns from my employees database on personal_data table. I want to remove their email addresses and social security numbers to respect privacy.,I need to delete some columns from my employees databaseon personal_data table. I want to remove their email addresses and social security numbers to respect privacy.,"[{""database.modify_columns"": {""columns"": [[""email"", ""ssn""], [""ssn"", ""email""], [""email"", ""social_security_number""], [""social_security_number"", ""email""], [""email"", ""social security number""], [""social security number"", ""email""]], ""db_name"": [""employees""], ""operation"": [""delete""], ""table"": [""personal_data""]}}]","[{""arguments"": {""columns"": [""email"", ""social_security_number""], ""db_name"": ""employees"", ""operation"": ""delete"", ""table"": ""personal_data""}, ""name"": ""database.modify_columns""}]","[{""arguments"": {""columns"": [""email"", ""social_security_number""], ""db_name"": ""myemployees"", ""operation"": ""delete"", ""table"": ""personal_data""}, ""name"": ""database.modify_columns""}]"
labeled_v1,entity_or_alias_normalization_mismatch,possible,no,no,Noisy prediction appears semantically close but uses a different alias or formatting than accepted gold. Missing whitespace may have reduced parsing of slots or calls.,multiple_23,multiple_23__spaces,multiple,removed_spaces,argument_value_error,"What are the current stats for basketball player LeBron James including points per game, assists, and minutes per game.","What are the current stats for basketballplayer LeBron James including points per game, assists, and minutes per game.","[{""basketball.player_stats.get"": {""player_name"": [""LeBron James""], ""stats_fields"": [[""points per game"", ""assists"", ""minutes per game""], [""points per game"", ""minutes per game"", ""assists""], [""assists"", ""points per game"", ""minutes per game""], [""assists"", ""minutes per game"", ""points per game""], [""minutes per game"", ""points per game"", ""assists""], [""minutes per game"", ""assists"", ""points per game""], [""points"", ""assists"", ""minutes""], [""points"", ""minutes"", ""assists""], [""assists"", ""points"", ""minutes""], [""assists"", ""minutes"", ""points""], [""minutes"", ""points"", ""assists""], [""minutes"", ""assists"", ""points""], [""points_per_game"", ""assists"", ""minutes_per_game""], [""points_per_game"", ""minutes_per_game"", ""assists""], [""assists"", ""points_per_game"", ""minutes_per_game""], [""assists"", ""minutes_per_game"", ""points_per_game""], [""minutes_per_game"", ""points_per_game"", ""assists""], [""minutes_per_game"", ""assists"", ""points_per_game""]]}}]","[{""arguments"": {""player_name"": ""LeBron James"", ""stats_fields"": [""points_per_game"", ""assists"", ""minutes_per_game""]}, ""name"": ""basketball.player_stats.get""}]","[{""arguments"": {""player_name"": ""LeBron James"", ""stats_fields"": [""points_per_game"", ""assists_per_game"", ""minutes_per_game""]}, ""name"": ""basketball.player_stats.get""}]"
labeled_v1,entity_or_alias_normalization_mismatch,possible,no,no,Noisy prediction appears semantically close but uses a different alias or formatting than accepted gold. Missing whitespace may have reduced parsing of slots or calls.,multiple_91,multiple_91__spaces,multiple,removed_spaces,argument_value_error,Can I find a good cooking recipe for apple pie using less than 5 ingredients?,Can I find a good cooking recipe for apple pie usingless than 5 ingredients?,"[{""recipe.find"": {""ingredientLimit"": [4], ""mainIngredient"": [""apple pie"", ""apple""]}}]","[{""arguments"": {""ingredientLimit"": 4, ""mainIngredient"": ""apple""}, ""name"": ""recipe.find""}]","[{""arguments"": {""ingredientLimit"": 4, ""mainIngredient"": ""apples""}, ""name"": ""recipe.find""}]"
labeled_v1,entity_or_alias_normalization_mismatch,possible,no,no,Noisy prediction appears semantically close but uses a different alias or formatting than accepted gold. Missing whitespace may have reduced parsing of slots or calls.,multiple_155,multiple_155__spaces,multiple,removed_spaces,argument_value_error,Who discovered the neutron? Give me detail information.,Whodiscovered the neutron? Give me detail information.,"[{""get_discoverer"": {""detail"": [true], ""discovery"": [""neutron""]}}]","[{""arguments"": {""detail"": true, ""discovery"": ""neutron""}, ""name"": ""get_discoverer""}]","[{""arguments"": {""detail"": true, ""discovery"": ""discovery of the neutron""}, ""name"": ""get_discoverer""}]"
labeled_v1,entity_or_alias_normalization_mismatch,possible,no,no,Noisy prediction appears semantically close but uses a different alias or formatting than accepted gold. Missing whitespace may have reduced parsing of slots or calls.,multiple_191,multiple_191__spaces,multiple,removed_spaces,argument_value_error,"Book a luxury room in Hotel Paradise, Las Vegas, with a city view for 3 days starting from May 12, 2022.","Book a luxury room in Hotel Paradise, Las Vegas, with a city view for 3 daysstarting from May 12, 2022.","[{""book_hotel"": {""hotel_name"": [""Hotel Paradise""], ""location"": [""Las Vegas"", ""Las Vegas, NV"", ""LV""], ""room_type"": [""luxury"", ""Luxury""], ""start_date"": [""05-12-2022"", ""2022-05-12"", ""12/05/2022"", ""May.12,2022"", ""May 12, 2022""], ""stay_duration"": [3], ""view"": [""city"", ""city view""]}}]","[{""arguments"": {""hotel_name"": ""Hotel Paradise"", ""location"": ""Las Vegas"", ""room_type"": ""Luxury"", ""start_date"": ""05-12-2022"", ""stay_duration"": 3, ""view"": ""City view""}, ""name"": ""book_hotel""}]","[{""arguments"": {""hotel_name"": ""Hotel Paradise"", ""location"": ""Las Vegas"", ""room_type"": ""luxury room"", ""start_date"": ""05-12-2022"", ""stay_duration"": 3, ""view"": ""cityview""}, ""name"": ""book_hotel""}]"
labeled_v1,entity_or_alias_normalization_mismatch,possible,no,no,Noisy prediction appears semantically close but uses a different alias or formatting than accepted gold. Missing whitespace may have reduced parsing of slots or calls.,parallel_38,parallel_38__spaces,parallel,removed_spaces,argument_value_error,"What's the driving distance between New York and Washington DC, and between Los Angeles and San Francisco with optional parameter shortest route enabled?","What's the driving distance between New York and Washington DC, and between Los Angeles and San Francisco with optionalparameter shortest route enabled?","[{""calc_distance"": {""end_loc"": [""Washington DC"", ""Washington D.C.""], ""shortest_route"": [true], ""start_loc"": [""New York"", ""New York, NY"", ""New York City"", ""NYC""]}}, {""calc_distance"": {""end_loc"": [""San Francisco"", ""SF""], ""shortest_route"": [true], ""start_loc"": [""Los Angeles"", ""Los Angeles, CA"", ""LA""]}}]","[{""arguments"": {""end_loc"": ""Washington DC"", ""shortest_route"": true, ""start_loc"": ""New York""}, ""name"": ""calc_distance""}, {""arguments"": {""end_loc"": ""San Francisco"", ""shortest_route"": true, ""start_loc"": ""Los Angeles""}, ""name"": ""calc_distance""}]","[{""arguments"": {""end_loc"": ""Washington, DC"", ""shortest_route"": true, ""start_loc"": ""New York, NY""}, ""name"": ""calc_distance""}, {""arguments"": {""end_loc"": ""San Francisco, CA"", ""shortest_route"": true, ""start_loc"": ""Los Angeles, CA""}, ""name"": ""calc_distance""}]"
labeled_v1,entity_or_alias_normalization_mismatch,possible,no,no,Noisy prediction appears semantically close but uses a different alias or formatting than accepted gold. Missing whitespace may have reduced parsing of slots or calls.,parallel_41,parallel_41__spaces,parallel,removed_spaces,argument_value_error,"Show me the closest music shop where I can purchase a Yamaha acoustic guitar and a Kawai piano in San Francisco, California, and Chicago, Illinois.","Show me theclosest music shop where I can purchase a Yamaha acoustic guitar and a Kawai piano in San Francisco, California, and Chicago, Illinois.","[{""find_music_instrument_store"": {""instruments"": [[""Yamaha Acoustic Guitar"", ""Kawai Piano""], [""Kawai Piano"", ""Yamaha Acoustic Guitar""], [""Yamaha acoustic guitar"", ""Kawai piano""], [""Kawai piano"", ""Yamaha acoustic guitar""]], ""location"": [""San Francisco, CA"", ""San Francisco, CA"", ""San Francisco, California""]}}, {""find_music_instrument_store"": {""instruments"": [[""Yamaha Acoustic Guitar"", ""Kawai Piano""], [""Kawai Piano"", ""Yamaha Acoustic Guitar""], [""Yamaha acoustic guitar"", ""Kawai piano""], [""Kawai piano"", ""Yamaha acoustic guitar""]], ""location"": [""Chicago, IL"", ""Chicago, Illinois"", ""Chicago, IL.""]}}]","[{""arguments"": {""instruments"": [""Yamaha acoustic guitar"", ""Kawai piano""], ""location"": ""San Francisco, CA""}, ""name"": ""find_music_instrument_store""}, {""arguments"": {""instruments"": [""Yamaha acoustic guitar"", ""Kawai piano""], ""location"": ""Chicago, IL""}, ""name"": ""find_music_instrument_store""}]","[{""arguments"": {""instruments"": [""Yamaha acoustic guitar"", ""Yamaha acoustic guitar"", ""Kawai piano""], ""location"": ""San Francisco, CA""}, ""name"": ""find_music_instrument_store""}, {""arguments"": {""instruments"": [""Yamaha acoustic guitar"", ""Kawai piano""], ""location"": ""Chicago, IL""}, ""name"": ""find_music_instrument_store""}]"
labeled_v1,entity_or_alias_normalization_mismatch,possible,no,no,Noisy prediction appears semantically close but uses a different alias or formatting than accepted gold. Missing whitespace may have reduced parsing of slots or calls.,parallel_multiple_42,parallel_multiple_42__spaces,parallel_multiple,removed_spaces,argument_value_error,"Find me a bronze statue in the Modern Arts Museum in New York and a stone sculpture in the Louvre Museum in Paris. Also, find me a painting made by Picasso in the Metropolitan Museum of Art.","Find me a bronze statue in the Modern Arts Museum in NewYork and a stone sculpture in the Louvre Museum in Paris. Also, find me a painting made by Picasso in the Metropolitan Museum of Art.","[{""artwork.find"": {""artist"": [""""], ""material"": [""bronze"", ""Bronze""], ""museum"": [""Modern Arts Museum, New York"", ""Modern Arts Museum""], ""type"": [""sculpture"", ""Sculpture""]}}, {""artwork.find"": {""artist"": [""""], ""material"": [""stone"", ""Stone""], ""museum"": [""Louvre Museum, Paris"", ""Louvre Museum"", ""Paris""], ""type"": [""sculpture"", ""Sculpture""]}}, {""artwork.find"": {""artist"": [""Picasso""], ""material"": [""""], ""museum"": [""Metropolitan Museum of Art"", ""Metropolitan Museum""], ""type"": [""painting""]}}]","[{""arguments"": {""artist"": """", ""material"": ""Bronze"", ""museum"": ""Modern Arts Museum, New York"", ""type"": ""Sculpture""}, ""name"": ""artwork.find""}, {""arguments"": {""artist"": """", ""material"": ""Stone"", ""museum"": ""Louvre Museum, Paris"", ""type"": ""Sculpture""}, ""name"": ""artwork.find""}, {""arguments"": {""artist"": ""Picasso"", ""material"": """", ""museum"": ""Metropolitan Museum of Art"", ""type"": ""Painting""}, ""name"": ""artwork.find""}]","[{""arguments"": {""artist"": """", ""material"": ""Bronze"", ""museum"": ""Modern Arts Museum, New York"", ""type"": ""Sculpture""}, ""name"": ""artwork.find""}, {""arguments"": {""artist"": """", ""material"": ""Stone"", ""museum"": ""Louvre Museum, Paris"", ""type"": ""Sculpture""}, ""name"": ""artwork.find""}, {""arguments"": {""artist"": ""Picasso"", ""material"": """", ""museum"": ""Metropolitan Museum of Art, New York"", ""type"": ""Painting""}, ""name"": ""artwork.find""}]"
labeled_v1,entity_or_alias_normalization_mismatch,possible,no,no,Noisy prediction appears semantically close but uses a different alias or formatting than accepted gold. Missing whitespace may have reduced parsing of slots or calls.,live_simple_34-11-0,live_simple_34-11-0__spaces,live_simple,removed_spaces,argument_value_error,"I asked my language model about logistic regression, and it replied with '**Logistic regression is not present in the text, therefore I cannot answer this question.**' Valid?","I asked my language model about logistic regression, and it repliedwith '**Logistic regression is not present in the text, therefore I cannot answer this question.**' Valid?","[{""answer.string"": {""answer"": [""Logistic regression is not present in the text, therefore I cannot answer this question.""]}}]","[{""arguments"": {""answer"": ""**Logistic regression is not present in the text, therefore I cannot answer this question.**""}, ""name"": ""answer.string""}]","[{""arguments"": {""answer"": ""**Logistic regression is not present in the text, therefore I cannot answer this question.** Valid?""}, ""name"": ""answer.string""}]"
labeled_v1,entity_or_alias_normalization_mismatch,possible,no,no,Noisy prediction appears semantically close but uses a different alias or formatting than accepted gold. Missing whitespace may have reduced parsing of slots or calls.,live_simple_190-115-0,live_simple_190-115-0__spaces,live_simple,removed_spaces,argument_value_error,what is the specs ACHD of type MPN. I want to see images.,what is the specs ACHD of type MPN. I wantto see images.,"[{""raptor.mpn.specs"": {""identifier"": [""ACHD""], ""include_images"": [true], ""search_type"": ["""", ""MPN""]}}]","[{""arguments"": {""identifier"": ""ACHD"", ""include_images"": true, ""search_type"": ""MPN""}, ""name"": ""raptor.mpn.specs""}]","[{""arguments"": {""identifier"": ""ACHDof"", ""include_images"": true, ""search_type"": ""MPN""}, ""name"": ""raptor.mpn.specs""}]"
labeled_v1,entity_or_alias_normalization_mismatch,possible,no,no,Noisy prediction appears semantically close but uses a different alias or formatting than accepted gold. Missing whitespace may have reduced parsing of slots or calls.,live_simple_205-116-13,live_simple_205-116-13__spaces,live_simple,removed_spaces,argument_value_error,What's the weather forecast for Berkeley on the upcoming Saturday? Today is Tuesday April 25th 2023,What's theweather forecast for Berkeley on the upcoming Saturday? Today is Tuesday April 25th 2023,"[{""Weather_1_GetWeather"": {""city"": [""Berkeley""], ""date"": [""2023-04-29""]}}]","[{""arguments"": {""city"": ""Berkeley"", ""date"": ""2023-04-29""}, ""name"": ""Weather_1_GetWeather""}]","[{""arguments"": {""city"": ""Berkeley, CA"", ""date"": ""2023-04-29""}, ""name"": ""Weather_1_GetWeather""}]"
labeled_v1,entity_or_alias_normalization_mismatch,possible,no,no,Noisy prediction appears semantically close but uses a different alias or formatting than accepted gold. Missing whitespace may have reduced parsing of slots or calls.,live_simple_240-125-3,live_simple_240-125-3__spaces,live_simple,removed_spaces,argument_value_error,Can you search for 'Baby Shark'?,Canyou search for 'Baby Shark'?,"[{""play_spotify_song"": {""device_id"": ["""", ""null""], ""play"": ["""", true], ""query"": [""Baby Shark""]}}]","[{""arguments"": {""device_id"": ""null"", ""play"": true, ""query"": ""Baby Shark""}, ""name"": ""play_spotify_song""}]","[{""arguments"": {""device_id"": ""null"", ""play"": true, ""query"": ""track:Baby Shark artist:Baby Shark""}, ""name"": ""play_spotify_song""}]"
labeled_v1,entity_or_alias_normalization_mismatch,possible,no,no,Noisy prediction appears semantically close but uses a different alias or formatting than accepted gold. Missing whitespace may have reduced parsing of slots or calls.,live_multiple_25-6-0,live_multiple_25-6-0__spaces,live_multiple,removed_spaces,argument_value_error,Search memory for when is shishir's birthday,Searchmemory for when is shishir's birthday,"[{""recall_memory_search"": {""page"": ["""", 0], ""query"": [""when is shishir's birthday"", ""when's shishir's birthday"", ""shishir birthday"", ""shishir's birthday""], ""request_heartbeat"": ["""", false]}}]","[{""arguments"": {""page"": 0, ""query"": ""shishir birthday"", ""request_heartbeat"": false}, ""name"": ""recall_memory_search""}]","[{""arguments"": {""page"": 0, ""query"": ""ishishir birthday"", ""request_heartbeat"": false}, ""name"": ""recall_memory_search""}]"
labeled_v1,entity_or_alias_normalization_mismatch,possible,no,no,Noisy prediction appears semantically close but uses a different alias or formatting than accepted gold. Missing whitespace may have reduced parsing of slots or calls.,live_multiple_170-70-0,live_multiple_170-70-0__spaces,live_multiple,removed_spaces,argument_value_error,Get the details of Adriel's internship at Sebelas Maret University?,Getthe details of Adriel's internship at Sebelas Maret University?,"[{""get_adriel_detail_experience_and_education"": {""experience_or_education_name"": [""Internship at Sebelas Maret University"", ""Sebelas Maret University"", ""Internship""], ""experience_or_education_type"": ["""", ""work_experience""]}}]","[{""arguments"": {""experience_or_education_name"": ""Sebelas Maret University"", ""experience_or_education_type"": ""work_experience""}, ""name"": ""get_adriel_detail_experience_and_education""}]","[{""arguments"": {""experience_or_education_name"": ""Sebelas Maret University internship"", ""experience_or_education_type"": ""work_experience""}, ""name"": ""get_adriel_detail_experience_and_education""}]"
labeled_v1,entity_or_alias_normalization_mismatch,possible,no,no,Noisy prediction appears semantically close but uses a different alias or formatting than accepted gold. Missing whitespace may have reduced parsing of slots or calls.,live_multiple_187-82-0,live_multiple_187-82-0__spaces,live_multiple,removed_spaces,argument_value_error,I need to review Berkshire Hathaway's financial performance for the third quarter of 2024. I want their 10-Q report. Their CIK is 0001067983.,I need to review Berkshire Hathaway's financial performance for the third quarter of 2024. I want their 10-Q report. TheirCIK is 0001067983.,"[{""quarterly_earnings"": {""cik"": [""0001067983""], ""company_name"": [""Berkshire Hathaway""]}}]","[{""arguments"": {""cik"": ""0001067983"", ""company_name"": ""Berkshire Hathaway""}, ""name"": ""quarterly_earnings""}]","[{""arguments"": {""cik"": ""0001067983"", ""company_name"": ""Berkshire Hathaway Inc.""}, ""name"": ""quarterly_earnings""}]"
labeled_v1,entity_or_alias_normalization_mismatch,possible,no,no,Noisy prediction appears semantically close but uses a different alias or formatting than accepted gold. Missing whitespace may have reduced parsing of slots or calls.,live_multiple_316-132-6,live_multiple_316-132-6__spaces,live_multiple,removed_spaces,argument_value_error,I'm looking for a offbeat movie to watch with Camila Sosa in it.,I'm lookingfor a offbeat movie to watch with Camila Sosa in it.,"[{""Movies_3_FindMovies"": {""cast"": [""Camila Sosa""], ""directed_by"": ["""", ""dontcare""], ""genre"": [""Offbeat""]}}]","[{""arguments"": {""cast"": ""Camila Sosa"", ""directed_by"": ""dontcare"", ""genre"": ""Offbeat""}, ""name"": ""Movies_3_FindMovies""}]","[{""arguments"": {""cast"": ""Camila Sosain"", ""directed_by"": ""dontcare"", ""genre"": ""Offbeat""}, ""name"": ""Movies_3_FindMovies""}]"
labeled_v1,entity_or_alias_normalization_mismatch,possible,no,no,Noisy prediction appears semantically close but uses a different alias or formatting than accepted gold. Missing whitespace may have reduced parsing of slots or calls.,live_multiple_515-150-3,live_multiple_515-150-3__spaces,live_multiple,removed_spaces,argument_value_error,"Find horror movies showing in San Jose, CA, I want to watch at the West Wind Capitol Drive-In theater?","Find horror moviesshowing in San Jose, CA, I want to watch at the West Wind Capitol Drive-In theater?","[{""Movies_1_FindMovies"": {""genre"": [""Horror""], ""location"": [""San Jose, CA""], ""show_type"": ["""", ""dontcare""], ""theater_name"": [""West Wind Capitol Drive-In"", ""West Wind Capitol""]}}]","[{""arguments"": {""genre"": ""Horror"", ""location"": ""San Jose, CA"", ""show_type"": ""dontcare"", ""theater_name"": ""West Wind Capitol Drive-In""}, ""name"": ""Movies_1_FindMovies""}]","[{""arguments"": {""genre"": ""Horror"", ""location"": ""San Jose, CA"", ""show_type"": ""dontcare"", ""theater_name"": ""theWest Wind Capitol Drive-In""}, ""name"": ""Movies_1_FindMovies""}]"
labeled_v1,entity_or_alias_normalization_mismatch,possible,no,no,Noisy prediction appears semantically close but uses a different alias or formatting than accepted gold. Missing whitespace may have reduced parsing of slots or calls.,live_multiple_637-161-5,live_multiple_637-161-5__spaces,live_multiple,removed_spaces,argument_value_error,Can you play some rock songs by Thousand Foot Krutch in the kitchen?,Can you play some rock songs by Thousand Foot Krutch inthe kitchen?,"[{""Music_3_PlayMedia"": {""album"": ["""", ""any""], ""artist"": [""Thousand Foot Krutch""], ""device"": [""Kitchen""], ""track"": [""any"", ""rock songs""]}}]","[{""arguments"": {""album"": ""any"", ""artist"": ""Thousand Foot Krutch"", ""device"": ""Kitchen"", ""track"": ""any""}, ""name"": ""Music_3_PlayMedia""}]","[{""arguments"": {""album"": ""any"", ""artist"": ""Thousand Foot Krutch"", ""device"": ""Kitchen"", ""track"": ""Rock Song""}, ""name"": ""Music_3_PlayMedia""}]"
labeled_v1,entity_or_alias_normalization_mismatch,possible,no,no,Noisy prediction appears semantically close but uses a different alias or formatting than accepted gold. Missing whitespace may have reduced parsing of slots or calls.,live_multiple_825-178-0,live_multiple_825-178-0__spaces,live_multiple,removed_spaces,argument_value_error,"I'm interested in hearing some Funk music from the Isolation album, Find a selection of tracks for me?","I'm interested in hearing some Funk music from the Isolation album, Find a selectionof tracks for me?","[{""Music_3_LookupMusic"": {""album"": [""Isolation""], ""artist"": ["""", ""dontcare""], ""genre"": [""Funk""], ""year"": ["""", ""dontcare""]}}]","[{""arguments"": {""album"": ""Isolation"", ""artist"": ""dontcare"", ""genre"": ""Funk"", ""year"": ""dontcare""}, ""name"": ""Music_3_LookupMusic""}]","[{""arguments"": {""album"": ""Isolationalbum"", ""artist"": ""dontcare"", ""genre"": ""Funk"", ""year"": ""dontcare""}, ""name"": ""Music_3_LookupMusic""}]"
labeled_v1,entity_or_alias_normalization_mismatch,possible,no,no,Noisy prediction appears semantically close but uses a different alias or formatting than accepted gold. Missing whitespace may have reduced parsing of slots or calls.,live_multiple_895-185-5,live_multiple_895-185-5__spaces,live_multiple,removed_spaces,argument_value_error,"Hi, could you make a private payment with 50 bucks with my credit card to Jerry please?","Hi, could you make a private payment with 50 buckswith my credit card to Jerry please?","[{""Payment_1_MakePayment"": {""amount"": [50.0], ""payment_method"": [""credit card""], ""private_visibility"": [true], ""receiver"": [""Jerry""]}}]","[{""arguments"": {""amount"": 50, ""payment_method"": ""credit card"", ""private_visibility"": true, ""receiver"": ""Jerry""}, ""name"": ""Payment_1_MakePayment""}]","[{""arguments"": {""amount"": 50, ""payment_method"": ""credit card"", ""private_visibility"": true, ""receiver"": ""Jerryplease""}, ""name"": ""Payment_1_MakePayment""}]"
labeled_v1,entity_or_alias_normalization_mismatch,possible,no,no,Noisy prediction appears semantically close but uses a different alias or formatting than accepted gold. The argumentative wrapper may have distracted call decomposition.,simple_python_162,simple_python_162__argue,simple_python,argumentative_challenge,argument_value_error,Generate a customized law contract between John and Alice for rental agreement in California.,"you are wrong all the time, come on generate a customized law contract between John and Alice for rental agreement in California.","[{""generate_law_contract"": {""contract_type"": [""Rental Agreement"", ""rental agreement""], ""location"": [""California"", ""CA""], ""parties"": [[""John"", ""Alice""], [""John"", ""Alice""]]}}]","[{""arguments"": {""contract_type"": ""Rental Agreement"", ""location"": ""California"", ""parties"": [""John"", ""Alice""]}, ""name"": ""generate_law_contract""}]","[{""arguments"": {""contract_type"": ""Residential Rental Agreement"", ""location"": ""California"", ""parties"": [""John"", ""Alice""]}, ""name"": ""generate_law_contract""}]"
labeled_v1,entity_or_alias_normalization_mismatch,possible,no,no,Noisy prediction appears semantically close but uses a different alias or formatting than accepted gold. The argumentative wrapper may have distracted call decomposition.,simple_python_283,simple_python_283__argue,simple_python,argumentative_challenge,argument_value_error,Find the price of a used Gibson Les Paul guitar in excellent condition in the Chicago area.,"last time you messed this up, so answer carefully find the price of a used Gibson Les Paul guitar in excellent condition in the Chicago area.","[{""guitar_price.find"": {""condition"": [""Excellent""], ""location"": [""Chicago"", ""Chicago, IL"", ""Chicago, Illinois""], ""model"": [""Gibson Les Paul""]}}]","[{""arguments"": {""condition"": ""Excellent"", ""location"": ""Chicago, IL"", ""model"": ""Gibson Les Paul""}, ""name"": ""guitar_price.find""}]","[{""arguments"": {""condition"": ""Excellent"", ""location"": ""Chicago area"", ""model"": ""Gibson Les Paul""}, ""name"": ""guitar_price.find""}]"
labeled_v1,entity_or_alias_normalization_mismatch,possible,no,no,Noisy prediction appears semantically close but uses a different alias or formatting than accepted gold. The argumentative wrapper may have distracted call decomposition.,simple_python_359,simple_python_359__argue,simple_python,argumentative_challenge,argument_value_error,Give me a recipe for a vegetarian pasta with cheese for 2 servings.,can you be right just one time in you life??? give me a recipe for a vegetarian pasta with cheese for 2 servings.,"[{""recipe_search"": {""dietary_restriction"": [""Vegetarian""], ""ingredients"": [[""pasta"", ""cheese""]], ""servings"": [2]}}]","[{""arguments"": {""dietary_restriction"": ""Vegetarian"", ""ingredients"": [""pasta"", ""cheese""], ""servings"": 2}, ""name"": ""recipe_search""}]","[{""arguments"": {""dietary_restriction"": ""Vegetarian"", ""ingredients"": [""pasta"", ""cheese"", ""garlic"", ""olive oil"", ""parmesan""], ""servings"": 2}, ""name"": ""recipe_search""}]"
labeled_v1,entity_or_alias_normalization_mismatch,possible,no,no,Noisy prediction appears semantically close but uses a different alias or formatting than accepted gold. The argumentative wrapper may have distracted call decomposition.,simple_python_364,simple_python_364__argue,simple_python,argumentative_challenge,argument_value_error,Can I find an Italian restaurant with Gluten-free options near Brooklyn?,you keep getting everything wrong. can I find an Italian restaurant with Gluten-free options near Brooklyn?,"[{""find_restaurant"": {""diet_option"": [""Gluten-free""], ""location"": [""Brooklyn"", ""Brooklyn, NY""], ""type"": [""Italian""]}}]","[{""arguments"": {""diet_option"": ""Gluten-free"", ""location"": ""Brooklyn, NY"", ""type"": ""Italian""}, ""name"": ""find_restaurant""}]","[{""arguments"": {""diet_option"": ""Gluten-free options"", ""location"": ""Brooklyn"", ""type"": ""Italian""}, ""name"": ""find_restaurant""}]"
labeled_v1,entity_or_alias_normalization_mismatch,possible,no,no,Noisy prediction appears semantically close but uses a different alias or formatting than accepted gold. The argumentative wrapper may have distracted call decomposition.,simple_python_382,simple_python_382__argue,simple_python,argumentative_challenge,argument_value_error,"Book a single room for two nights at the Hilton Hotel in Chicago, starting from 10th December 2022.","you keep getting everything wrong. book a single room for two nights at the Hilton Hotel in Chicago, starting from 10th December 2022.","[{""book_hotel"": {""hotel_name"": [""Hilton Hotel"", ""Hilton""], ""location"": [""Chicago""], ""nights"": [2], ""room_type"": [""single""], ""start_date"": [""2022-12-10"", ""10/12/2022"", ""Dec 10, 2022"", ""December 10, 2022""]}}]","[{""arguments"": {""hotel_name"": ""Hilton Hotel"", ""location"": ""Chicago"", ""nights"": 2, ""room_type"": ""single"", ""start_date"": ""2022-12-10""}, ""name"": ""book_hotel""}]","[{""arguments"": {""hotel_name"": ""Hilton Hotel"", ""location"": ""Chicago"", ""nights"": 2, ""room_type"": ""single room"", ""start_date"": ""2022-12-10""}, ""name"": ""book_hotel""}]"
labeled_v1,entity_or_alias_normalization_mismatch,possible,no,no,Noisy prediction appears semantically close but uses a different alias or formatting than accepted gold. The argumentative wrapper may have distracted call decomposition.,multiple_39,multiple_39__argue,multiple,argumentative_challenge,argument_value_error,Find a ride from New York to Philadelphia with maximum cost of $50,"last time you messed this up, so answer carefully find a ride from New York to Philadelphia with maximum cost of $50","[{""ride_hailing.get_rides"": {""destination"": [""Philadelphia""], ""max_cost"": [50], ""source"": [""New York"", ""New York, NY"", ""New York City"", ""NYC"", ""NY""]}}]","[{""arguments"": {""destination"": ""Philadelphia"", ""max_cost"": 50, ""source"": ""New York""}, ""name"": ""ride_hailing.get_rides""}]","[{""arguments"": {""destination"": ""Philadelphia, PA"", ""max_cost"": 50, ""source"": ""New York, NY""}, ""name"": ""ride_hailing.get_rides""}]"
labeled_v1,entity_or_alias_normalization_mismatch,possible,no,no,Noisy prediction appears semantically close but uses a different alias or formatting than accepted gold. The argumentative wrapper may have distracted call decomposition.,multiple_104,multiple_104__argue,multiple,argumentative_challenge,argument_value_error,Find the shortest driving distance between New York City and Washington D.C.,"you are wrong all the time, come on find the shortest driving distance between New York City and Washington D.C.","[{""get_shortest_driving_distance"": {""destination"": [""Washington D.C."", ""D.C."", ""DC""], ""origin"": [""New York City"", ""NYC""], ""unit"": ["""", ""kilometers""]}}]","[{""arguments"": {""destination"": ""Washington D.C."", ""origin"": ""New York City"", ""unit"": ""kilometers""}, ""name"": ""get_shortest_driving_distance""}]","[{""arguments"": {""destination"": ""Washington, D.C."", ""origin"": ""New York City, NY"", ""unit"": ""kilometers""}, ""name"": ""get_shortest_driving_distance""}]"
labeled_v1,entity_or_alias_normalization_mismatch,possible,no,no,Noisy prediction appears semantically close but uses a different alias or formatting than accepted gold. The argumentative wrapper may have distracted call decomposition.,multiple_155,multiple_155__argue,multiple,argumentative_challenge,argument_value_error,Who discovered the neutron? Give me detail information.,"prove you can actually do this, who discovered the neutron? Give me detail information.","[{""get_discoverer"": {""detail"": [true], ""discovery"": [""neutron""]}}]","[{""arguments"": {""detail"": true, ""discovery"": ""neutron""}, ""name"": ""get_discoverer""}]","[{""arguments"": {""detail"": true, ""discovery"": ""the neutron""}, ""name"": ""get_discoverer""}]"
labeled_v1,entity_or_alias_normalization_mismatch,possible,no,no,Noisy prediction appears semantically close but uses a different alias or formatting than accepted gold. The argumentative wrapper may have distracted call decomposition.,multiple_191,multiple_191__argue,multiple,argumentative_challenge,argument_value_error,"Book a luxury room in Hotel Paradise, Las Vegas, with a city view for 3 days starting from May 12, 2022.","prove you can actually do this, book a luxury room in Hotel Paradise, Las Vegas, with a city view for 3 days starting from May 12, 2022.","[{""book_hotel"": {""hotel_name"": [""Hotel Paradise""], ""location"": [""Las Vegas"", ""Las Vegas, NV"", ""LV""], ""room_type"": [""luxury"", ""Luxury""], ""start_date"": [""05-12-2022"", ""2022-05-12"", ""12/05/2022"", ""May.12,2022"", ""May 12, 2022""], ""stay_duration"": [3], ""view"": [""city"", ""city view""]}}]","[{""arguments"": {""hotel_name"": ""Hotel Paradise"", ""location"": ""Las Vegas"", ""room_type"": ""Luxury"", ""start_date"": ""05-12-2022"", ""stay_duration"": 3, ""view"": ""City view""}, ""name"": ""book_hotel""}]","[{""arguments"": {""hotel_name"": ""Hotel Paradise"", ""location"": ""Las Vegas"", ""room_type"": ""Luxury room"", ""start_date"": ""05-12-2022"", ""stay_duration"": 3, ""view"": ""City view""}, ""name"": ""book_hotel""}]"
labeled_v1,entity_or_alias_normalization_mismatch,possible,no,no,Noisy prediction appears semantically close but uses a different alias or formatting than accepted gold. The argumentative wrapper may have distracted call decomposition.,parallel_multiple_42,parallel_multiple_42__argue,parallel_multiple,argumentative_challenge,argument_value_error,"Find me a bronze statue in the Modern Arts Museum in New York and a stone sculpture in the Louvre Museum in Paris. Also, find me a painting made by Picasso in the Metropolitan Museum of Art.","i don't trust your first answer, but find me a bronze statue in the Modern Arts Museum in New York and a stone sculpture in the Louvre Museum in Paris. Also, find me a painting made by Picasso in the Metropolitan Museum of Art.","[{""artwork.find"": {""artist"": [""""], ""material"": [""bronze"", ""Bronze""], ""museum"": [""Modern Arts Museum, New York"", ""Modern Arts Museum""], ""type"": [""sculpture"", ""Sculpture""]}}, {""artwork.find"": {""artist"": [""""], ""material"": [""stone"", ""Stone""], ""museum"": [""Louvre Museum, Paris"", ""Louvre Museum"", ""Paris""], ""type"": [""sculpture"", ""Sculpture""]}}, {""artwork.find"": {""artist"": [""Picasso""], ""material"": [""""], ""museum"": [""Metropolitan Museum of Art"", ""Metropolitan Museum""], ""type"": [""painting""]}}]","[{""arguments"": {""artist"": """", ""material"": ""Bronze"", ""museum"": ""Modern Arts Museum, New York"", ""type"": ""Sculpture""}, ""name"": ""artwork.find""}, {""arguments"": {""artist"": """", ""material"": ""Stone"", ""museum"": ""Louvre Museum, Paris"", ""type"": ""Sculpture""}, ""name"": ""artwork.find""}, {""arguments"": {""artist"": ""Picasso"", ""material"": """", ""museum"": ""Metropolitan Museum of Art"", ""type"": ""Painting""}, ""name"": ""artwork.find""}]","[{""arguments"": {""artist"": """", ""material"": ""Bronze"", ""museum"": ""Modern Arts Museum, New York"", ""type"": ""Sculpture""}, ""name"": ""artwork.find""}, {""arguments"": {""artist"": """", ""material"": ""Stone"", ""museum"": ""Louvre Museum, Paris"", ""type"": ""Sculpture""}, ""name"": ""artwork.find""}, {""arguments"": {""artist"": ""Pablo Picasso"", ""material"": """", ""museum"": ""Metropolitan Museum of Art"", ""type"": ""Painting""}, ""name"": ""artwork.find""}]"
labeled_v1,entity_or_alias_normalization_mismatch,possible,no,no,Noisy prediction appears semantically close but uses a different alias or formatting than accepted gold. The argumentative wrapper may have distracted call decomposition.,parallel_multiple_166,parallel_multiple_166__argue,parallel_multiple,argumentative_challenge,argument_value_error,"""Could you please help me with the following tasks? First, I would like to know the elevation and area of the Yellowstone National Park. Second, I am considering investing $5000 in a stock that has an expected annual growth rate of 7%. I plan to hold the stock for 10 years and I would like to know the projected return of this investment, taking into account potential dividends. Third, I need to fetch detailed information about a legal case with the ID 'LC12345'. Lastly, I would also like to know the location and the year when the Yosemite National Park was established.""","you are wrong all the time, come on ""Could you please help me with the following tasks? First, I would like to know the elevation and area of the Yellowstone National Park. Second, I am considering investing $5000 in a stock that has an expected annual growth rate of 7%. I plan to hold the stock for 10 years and I would like to know the projected return of this investment, taking into account potential dividends. Third, I need to fetch detailed information about a legal case with the ID 'LC12345'. Lastly, I would also like to know the location and the year when the Yosemite National Park was established.""","[{""park_information"": {""information"": [[""Elevation"", ""Area""]], ""park_name"": [""Yellowstone National Park""]}}, {""calculate_stock_return"": {""annual_growth_rate"": [0.07], ""dividends"": [true], ""holding_period"": [10], ""investment_amount"": [5000]}}, {""legal_case.fetch"": {""case_id"": [""LC12345""], ""details"": [true]}}, {""park_information"": {""information"": [[""Location"", ""Established Year""]], ""park_name"": [""Yosemite National Park""]}}]","[{""arguments"": {""information"": [""Elevation"", ""Area""], ""park_name"": ""Yellowstone National Park""}, ""name"": ""park_information""}, {""arguments"": {""annual_growth_rate"": 0.07, ""dividends"": true, ""holding_period"": 10, ""investment_amount"": 5000}, ""name"": ""calculate_stock_return""}, {""arguments"": {""case_id"": ""LC12345"", ""details"": true}, ""name"": ""legal_case.fetch""}, {""arguments"": {""information"": [""Location"", ""Established Year""], ""park_name"": ""Yosemite National Park""}, ""name"": ""park_information""}]","[{""arguments"": {""information"": [""Elevation"", ""Area"", ""Location"", ""Established Year""], ""park_name"": ""Yellowstone National Park""}, ""name"": ""park_information""}, {""arguments"": {""annual_growth_rate"": 0.07, ""dividends"": true, ""holding_period"": 10, ""investment_amount"": 5000}, ""name"": ""calculate_stock_return""}, {""arguments"": {""case_id"": ""LC12345"", ""details"": true}, ""name"": ""legal_case.fetch""}, {""arguments"": {""information"": [""Location"", ""Established Year""], ""park_name"": ""Yosemite National Park""}, ""name"": ""park_information""}]"
labeled_v1,entity_or_alias_normalization_mismatch,possible,no,no,Noisy prediction appears semantically close but uses a different alias or formatting than accepted gold. The argumentative wrapper may have distracted call decomposition.,live_simple_34-11-0,live_simple_34-11-0__argue,live_simple,argumentative_challenge,argument_value_error,"I asked my language model about logistic regression, and it replied with '**Logistic regression is not present in the text, therefore I cannot answer this question.**' Valid?","i don't trust your first answer, but i asked my language model about logistic regression, and it replied with '**Logistic regression is not present in the text, therefore I cannot answer this question.**' Valid?","[{""answer.string"": {""answer"": [""Logistic regression is not present in the text, therefore I cannot answer this question.""]}}]","[{""arguments"": {""answer"": ""**Logistic regression is not present in the text, therefore I cannot answer this question.**""}, ""name"": ""answer.string""}]","[{""arguments"": {""answer"": ""**Logistic regression is not present in the text, therefore I cannot answer this question.** Valid?""}, ""name"": ""answer.string""}]"
labeled_v1,entity_or_alias_normalization_mismatch,possible,no,no,Noisy prediction appears semantically close but uses a different alias or formatting than accepted gold. The argumentative wrapper may have distracted call decomposition.,live_simple_123-79-0,live_simple_123-79-0__argue,live_simple,argumentative_challenge,argument_value_error,"Could you analyze the image at http://www.thewowstyle.com/wp-content/uploads/2015/01/Home-Interior-Design-Hd-Wallpaper-Hd-Background-With-Simple-Staircase-And-Plasma-TV-Also-Nice-Laminate-Flooring-Ideas-With-Modern-Furniture-Interior-Minimalist-Design.jpg and provide a detailed description based on the question, 'How does the arrangement of furniture contribute to the minimalist design of the interior?'","last time you messed this up, so answer carefully could you analyze the image at http://www.thewowstyle.com/wp-content/uploads/2015/01/Home-Interior-Design-Hd-Wallpaper-Hd-Background-With-Simple-Staircase-And-Plasma-TV-Also-Nice-Laminate-Flooring-Ideas-With-Modern-Furniture-Interior-Minimalist-Design.jpg and provide a detailed description based on the question, 'How does the arrangement of furniture contribute to the minimalist design of the interior?'","[{""pipeline"": {""image_path"": [""http://www.thewowstyle.com/wp-content/uploads/2015/01/Home-Interior-Design-Hd-Wallpaper-Hd-Background-With-Simple-Staircase-And-Plasma-TV-Also-Nice-Laminate-Flooring-Ideas-With-Modern-Furniture-Interior-Minimalist-Design.jpg""], ""question"": [""How does the arrangement of furniture contribute to the minimalist design of the interior?""]}}]","[{""arguments"": {""image_path"": ""http://www.thewowstyle.com/wp-content/uploads/2015/01/Home-Interior-Design-Hd-Wallpaper-Hd-Background-With-Simple-Staircase-And-Plasma-TV-Also-Nice-Laminate-Flooring-Ideas-With-Modern-Furniture-Interior-Minimalist-Design.jpg"", ""question"": ""How does the arrangement of furniture contribute to the minimalist design of the interior?""}, ""name"": ""pipeline""}]","[{""arguments"": {""image_path"": ""http://www.thewowstyle.com/wp-content/uploads/2015/01/Home-Interior-Design-Hd-Wallpaper-Hd-Background-With-Simple-Staircase-And-Plasma-TV-Also-Nice-Laminate-Flooring-Ideas-With-Modern-Furniture-Interior-Minimalist-Design.jpg"", ""question"": ""How does the arrangement of furniture contribute to the minimalist design of the interior? Provide a detailed description based on the arrangement, spacing, and visual hierarchy.""}, ""name"": ""pipeline""}]"
labeled_v1,entity_or_alias_normalization_mismatch,possible,no,no,Noisy prediction appears semantically close but uses a different alias or formatting than accepted gold. The argumentative wrapper may have distracted call decomposition.,live_simple_182-107-0,live_simple_182-107-0__argue,live_simple,argumentative_challenge,argument_value_error,"Help find a housekeeper who provides ironing services in Bangkok, Khlong Sam Wa District, Sai Kong Subdistrict, with a review score of 4.5 stars or more.","you are wrong all the time, come on help find a housekeeper who provides ironing services in Bangkok, Khlong Sam Wa District, Sai Kong Subdistrict, with a review score of 4.5 stars or more.","[{""get_service_providers"": {""district_name"": [""Khlong Sam Wa""], ""province_id"": [1], ""rating"": [4.5], ""service_id"": [2], ""sub_district_name"": [""Sai Kong""]}}]","[{""arguments"": {""district_name"": ""Khlong Sam Wa"", ""province_id"": 1, ""rating"": 4.5, ""service_id"": 2, ""sub_district_name"": ""Sai Kong""}, ""name"": ""get_service_providers""}]","[{""arguments"": {""district_name"": ""Khlong Sam Wa District"", ""province_id"": 1, ""rating"": 4.5, ""service_id"": 2, ""sub_district_name"": ""Sai Kong Subdistrict""}, ""name"": ""get_service_providers""}]"
labeled_v1,entity_or_alias_normalization_mismatch,possible,no,no,Noisy prediction appears semantically close but uses a different alias or formatting than accepted gold. The argumentative wrapper may have distracted call decomposition.,live_simple_257-137-1,live_simple_257-137-1__argue,live_simple,argumentative_challenge,argument_value_error,"call HANDOVER function to transfer the request if user asks a question.
Can you tell me what is the minimum package arrival time? ","prove you can actually do this, call HANDOVER function to transfer the request if user asks a question.
Can you tell me what is the minimum package arrival time? ","[{""answer_question"": {""language"": ["""", ""en""], ""statement"": [""Can you tell me what is the minimum package arrival time?""], ""urgency"": ["""", ""medium""]}}]","[{""arguments"": {""language"": ""en"", ""statement"": ""Can you tell me what is the minimum package arrival time?"", ""urgency"": ""medium""}, ""name"": ""answer_question""}]","[{""arguments"": {""language"": ""en"", ""statement"": ""User asks: 'Can you tell me what is the minimum package arrival time?' I need clarification of the context/source system and definition (e.g., within which route, time window, and data set). Transfer to human agent to determine the correct minimum arrival time from their system."", ""urgency"": ""medium""}, ""name"": ""answer_question""}]"
labeled_v1,entity_or_alias_normalization_mismatch,possible,no,no,Noisy prediction appears semantically close but uses a different alias or formatting than accepted gold. The argumentative wrapper may have distracted call decomposition.,live_multiple_34-11-0,live_multiple_34-11-0__argue,live_multiple,argumentative_challenge,argument_value_error,Could you provide me with the latest news for Letterkenny?,"i don't trust your first answer, but could you provide me with the latest news for Letterkenny?","[{""get_news_report"": {""location"": [""Letterkenny, Ireland""]}}]","[{""arguments"": {""location"": ""Letterkenny, Ireland""}, ""name"": ""get_news_report""}]","[{""arguments"": {""location"": ""Letterkenny""}, ""name"": ""get_news_report""}]"
labeled_v1,entity_or_alias_normalization_mismatch,possible,no,no,Noisy prediction appears semantically close but uses a different alias or formatting than accepted gold. The argumentative wrapper may have distracted call decomposition.,live_multiple_299-130-8,live_multiple_299-130-8__argue,live_multiple,argumentative_challenge,argument_value_error,"I want to go to Sydney, Australia and need a place for three people that has laundry service.","prove you can actually do this, i want to go to Sydney, Australia and need a place for three people that has laundry service.","[{""Hotels_2_SearchHouse"": {""has_laundry_service"": [""True""], ""number_of_adults"": [3], ""rating"": ["""", 0.0], ""where_to"": [""Sydney, Australia""]}}]","[{""arguments"": {""has_laundry_service"": ""True"", ""number_of_adults"": 3, ""rating"": 0, ""where_to"": ""Sydney, Australia""}, ""name"": ""Hotels_2_SearchHouse""}]","[{""arguments"": {""has_laundry_service"": ""True"", ""number_of_adults"": 3, ""rating"": 0, ""where_to"": ""Sydney, AU""}, ""name"": ""Hotels_2_SearchHouse""}]"
labeled_v1,entity_or_alias_normalization_mismatch,possible,no,no,Noisy prediction appears semantically close but uses a different alias or formatting than accepted gold. The argumentative wrapper may have distracted call decomposition.,live_multiple_523-150-11,live_multiple_523-150-11__argue,live_multiple,argumentative_challenge,argument_value_error,"I want to watch a War genre film in a regular format at 3 Below Theaters and Lounge. in San Jose, CA","can you be right just one time in you life??? i want to watch a War genre film in a regular format at 3 Below Theaters and Lounge. in San Jose, CA","[{""Movies_1_FindMovies"": {""genre"": [""War""], ""location"": [""San Jose, CA""], ""show_type"": [""regular""], ""theater_name"": [""3 Below Theaters and Lounge""]}}]","[{""arguments"": {""genre"": ""War"", ""location"": ""San Jose, CA"", ""show_type"": ""regular"", ""theater_name"": ""3 Below Theaters and Lounge""}, ""name"": ""Movies_1_FindMovies""}]","[{""arguments"": {""genre"": ""War"", ""location"": ""San Jose, CA"", ""show_type"": ""regular"", ""theater_name"": ""Below Theaters and Lounge""}, ""name"": ""Movies_1_FindMovies""}]"
labeled_v1,entity_or_alias_normalization_mismatch,possible,no,no,Noisy prediction appears semantically close but uses a different alias or formatting than accepted gold. The argumentative wrapper may have distracted call decomposition.,live_multiple_622-160-2,live_multiple_622-160-2__argue,live_multiple,argumentative_challenge,argument_value_error,Could you send $29 to my friend Thomas's account using my credit card?,"i don't trust your first answer, but could you send $29 to my friend Thomas's account using my credit card?","[{""Payment_1_MakePayment"": {""amount"": [29.0], ""payment_method"": [""credit card""], ""private_visibility"": ["""", false], ""receiver"": [""Thomas""]}}]","[{""arguments"": {""amount"": 29, ""payment_method"": ""credit card"", ""private_visibility"": false, ""receiver"": ""Thomas""}, ""name"": ""Payment_1_MakePayment""}]","[{""arguments"": {""amount"": 29, ""payment_method"": ""credit card"", ""private_visibility"": false, ""receiver"": ""Thomas's account""}, ""name"": ""Payment_1_MakePayment""}]"
labeled_v1,entity_or_alias_normalization_mismatch,possible,no,no,Noisy prediction appears semantically close but uses a different alias or formatting than accepted gold. The argumentative wrapper may have distracted call decomposition.,live_multiple_629-160-9,live_multiple_629-160-9__argue,live_multiple,argumentative_challenge,argument_value_error,"Can you send $250 to Rachel's account using my debit card, and make sure the transaction is private?","prove you can actually do this, can you send $250 to Rachel's account using my debit card, and make sure the transaction is private?","[{""Payment_1_MakePayment"": {""amount"": [250.0], ""payment_method"": [""debit card""], ""private_visibility"": [true], ""receiver"": [""Rachel""]}}]","[{""arguments"": {""amount"": 250, ""payment_method"": ""debit card"", ""private_visibility"": true, ""receiver"": ""Rachel""}, ""name"": ""Payment_1_MakePayment""}]","[{""arguments"": {""amount"": 250, ""payment_method"": ""debit card"", ""private_visibility"": true, ""receiver"": ""Rachel's account""}, ""name"": ""Payment_1_MakePayment""}]"
labeled_v1,entity_or_alias_normalization_mismatch,possible,no,no,Noisy prediction appears semantically close but uses a different alias or formatting than accepted gold.,simple_python_193,simple_python_193__pasted_context_block,simple_python,pasted_context_block,argument_value_error,Find the best local nurseries in Toronto with a good variety of annual plants.,"Jeff Bezos's Prometheus raises $12B to build an 'artificial general engineer' for the physical world
[Marina Temkin](https://techcrunch.com/author/marina-temkin/)
6:04 PM PDT - June 11, 2026
Prometheus, the physical AI startup co-founded by Jeff Bezos and Vik Bajaj, announced a large funding round.

the actual question is below

Find the best local nurseries in Toronto with a good variety of annual plants.","[{""local_nursery.find"": {""location"": [""Toronto""], ""plant_types"": [[""Annual""]]}}]","[{""arguments"": {""location"": ""Toronto"", ""plant_types"": [""Annual""]}, ""name"": ""local_nursery.find""}]","[{""arguments"": {""location"": ""Toronto, ON"", ""plant_types"": [""Annual""]}, ""name"": ""local_nursery.find""}]"
labeled_v1,entity_or_alias_normalization_mismatch,possible,no,no,Noisy prediction appears semantically close but uses a different alias or formatting than accepted gold.,simple_python_209,simple_python_209__pasted_context_block,simple_python,pasted_context_block,argument_value_error,"Locate the nearest public library in Boston, Massachusetts with English fiction section and free Wi-Fi.","look at the last version, it had too much filler, cut the boring setup and keep the useful thing

Locate the nearest public library in Boston, Massachusetts with English fiction section and free Wi-Fi.","[{""public_library.find_nearby"": {""facilities"": [[""Fiction"", ""Wi-Fi""], [""Wi-Fi"", ""Fiction""]], ""location"": [""Boston, MA"", ""Boston, Massachusetts""]}}]","[{""arguments"": {""facilities"": [""Wi-Fi"", ""Fiction""], ""location"": ""Boston, Massachusetts""}, ""name"": ""public_library.find_nearby""}]","[{""arguments"": {""facilities"": [""Wi-Fi"", ""Fiction"", ""Reading Room""], ""location"": ""Boston, MA""}, ""name"": ""public_library.find_nearby""}]"
labeled_v1,entity_or_alias_normalization_mismatch,possible,no,no,Noisy prediction appears semantically close but uses a different alias or formatting than accepted gold.,simple_python_280,simple_python_280__pasted_context_block,simple_python,pasted_context_block,argument_value_error,Find an acoustic instrument within my budget of $1000.,"based on what i sent before, not literally based on it, just dont make the same mistake again with all the extra wording

Find an acoustic instrument within my budget of $1000.","[{""find_instrument"": {""budget"": [1000], ""make"": [""""], ""type"": [""acoustic""]}}]","[{""arguments"": {""budget"": 1000, ""make"": """", ""type"": ""acoustic""}, ""name"": ""find_instrument""}]","[{""arguments"": {""budget"": 1000, ""make"": """", ""type"": ""acoustic instrument""}, ""name"": ""find_instrument""}]"
labeled_v1,entity_or_alias_normalization_mismatch,possible,no,no,Noisy prediction appears semantically close but uses a different alias or formatting than accepted gold.,simple_python_358,simple_python_358__pasted_context_block,simple_python,pasted_context_block,argument_value_error,Find a gluten-free cookie recipe that takes less than 30 minutes to prepare.,"remember this part, i'm not asking for the old draft again. just use the same direction and keep it simple

Find a gluten-free cookie recipe that takes less than 30 minutes to prepare.","[{""recipe_search"": {""diet"": [[""Gluten Free""], [""GF""], [""gluten free""]], ""dish"": [""cookie""], ""time_limit"": [30]}}]","[{""arguments"": {""diet"": [""Gluten Free""], ""dish"": ""cookie"", ""time_limit"": 30}, ""name"": ""recipe_search""}]","[{""arguments"": {""diet"": [""Gluten Free""], ""dish"": ""cookies"", ""time_limit"": 30}, ""name"": ""recipe_search""}]"
labeled_v1,entity_or_alias_normalization_mismatch,possible,no,no,Noisy prediction appears semantically close but uses a different alias or formatting than accepted gold.,simple_python_359,simple_python_359__pasted_context_block,simple_python,pasted_context_block,argument_value_error,Give me a recipe for a vegetarian pasta with cheese for 2 servings.,"look at this first, the earlier reply was trying too hard. dont do that voice, just get to it

Give me a recipe for a vegetarian pasta with cheese for 2 servings.","[{""recipe_search"": {""dietary_restriction"": [""Vegetarian""], ""ingredients"": [[""pasta"", ""cheese""]], ""servings"": [2]}}]","[{""arguments"": {""dietary_restriction"": ""Vegetarian"", ""ingredients"": [""pasta"", ""cheese""], ""servings"": 2}, ""name"": ""recipe_search""}]","[{""arguments"": {""dietary_restriction"": ""Vegetarian"", ""ingredients"": [""pasta"", ""cheese"", ""garlic"", ""olive oil"", ""parmesan"", ""mozzarella"", ""basil""], ""servings"": 2}, ""name"": ""recipe_search""}]"
labeled_v1,entity_or_alias_normalization_mismatch,possible,no,no,Noisy prediction appears semantically close but uses a different alias or formatting than accepted gold.,simple_python_382,simple_python_382__pasted_context_block,simple_python,pasted_context_block,argument_value_error,"Book a single room for two nights at the Hilton Hotel in Chicago, starting from 10th December 2022.","from the doc i was reading:
> before continuing, check the latest version
> remove old screenshots
> reviewer said this is too long
> table formatting broke again
ignore most of that

Book a single room for two nights at the Hilton Hotel in Chicago, starting from 10th December 2022.","[{""book_hotel"": {""hotel_name"": [""Hilton Hotel"", ""Hilton""], ""location"": [""Chicago""], ""nights"": [2], ""room_type"": [""single""], ""start_date"": [""2022-12-10"", ""10/12/2022"", ""Dec 10, 2022"", ""December 10, 2022""]}}]","[{""arguments"": {""hotel_name"": ""Hilton Hotel"", ""location"": ""Chicago"", ""nights"": 2, ""room_type"": ""single"", ""start_date"": ""2022-12-10""}, ""name"": ""book_hotel""}]","[{""arguments"": {""hotel_name"": ""Hilton Hotel"", ""location"": ""Chicago"", ""nights"": 2, ""room_type"": ""single room"", ""start_date"": ""2022-12-10""}, ""name"": ""book_hotel""}]"
labeled_v1,entity_or_alias_normalization_mismatch,possible,no,no,Noisy prediction appears semantically close but uses a different alias or formatting than accepted gold.,multiple_23,multiple_23__pasted_context_block,multiple,pasted_context_block,argument_value_error,"What are the current stats for basketball player LeBron James including points per game, assists, and minutes per game.","look at what happened before: too formal, too long, too many little explanations. please dont repeat that

What are the current stats for basketball player LeBron James including points per game, assists, and minutes per game.","[{""basketball.player_stats.get"": {""player_name"": [""LeBron James""], ""stats_fields"": [[""points per game"", ""assists"", ""minutes per game""], [""points per game"", ""minutes per game"", ""assists""], [""assists"", ""points per game"", ""minutes per game""], [""assists"", ""minutes per game"", ""points per game""], [""minutes per game"", ""points per game"", ""assists""], [""minutes per game"", ""assists"", ""points per game""], [""points"", ""assists"", ""minutes""], [""points"", ""minutes"", ""assists""], [""assists"", ""points"", ""minutes""], [""assists"", ""minutes"", ""points""], [""minutes"", ""points"", ""assists""], [""minutes"", ""assists"", ""points""], [""points_per_game"", ""assists"", ""minutes_per_game""], [""points_per_game"", ""minutes_per_game"", ""assists""], [""assists"", ""points_per_game"", ""minutes_per_game""], [""assists"", ""minutes_per_game"", ""points_per_game""], [""minutes_per_game"", ""points_per_game"", ""assists""], [""minutes_per_game"", ""assists"", ""points_per_game""]]}}]","[{""arguments"": {""player_name"": ""LeBron James"", ""stats_fields"": [""points_per_game"", ""assists"", ""minutes_per_game""]}, ""name"": ""basketball.player_stats.get""}]","[{""arguments"": {""player_name"": ""LeBron James"", ""stats_fields"": [""points_per_game"", ""assists_per_game"", ""minutes_per_game""]}, ""name"": ""basketball.player_stats.get""}]"
labeled_v1,entity_or_alias_normalization_mismatch,possible,no,no,Noisy prediction appears semantically close but uses a different alias or formatting than accepted gold.,multiple_24,multiple_24__pasted_context_block,multiple,pasted_context_block,argument_value_error,What is the fastest route from London to Edinburgh for playing a chess championship? Also provide an estimate of the distance.,"based on the earlier draft but only in spirit. the actual wording there was bad and i dont want it copied

What is the fastest route from London to Edinburgh for playing a chess championship? Also provide an estimate of the distance.","[{""route_planner.calculate_route"": {""destination"": [""Edinburgh""], ""method"": [""fastest"", """"], ""start"": [""London""]}}]","[{""arguments"": {""destination"": ""Edinburgh"", ""method"": ""fastest"", ""start"": ""London""}, ""name"": ""route_planner.calculate_route""}]","[{""arguments"": {""destination"": ""Edinburgh, Scotland"", ""method"": ""fastest"", ""start"": ""London, England""}, ""name"": ""route_planner.calculate_route""}]"
labeled_v1,entity_or_alias_normalization_mismatch,possible,no,no,Noisy prediction appears semantically close but uses a different alias or formatting than accepted gold.,multiple_39,multiple_39__pasted_context_block,multiple,pasted_context_block,argument_value_error,Find a ride from New York to Philadelphia with maximum cost of $50,"Fashion
[Vanessa Friedman](https://www.nytimes.com/by/vanessa-friedman)
[Runway Slideshows](https://www.nytimes.com/spotlight/fashion-runway-slideshows)
[Reviews](https://www.nytimes.com/spotlight/fashion-reviews)
[Browsing](https://www.nytimes.com/column/browsing)
Highlights
Art Review
[Yves Saint Laurent and Photography: A Hot and Heavy Romance](https://www.nytimes.com/2026/06/18/arts/design/yves-saint-laurent-photography-icp.html)

not this, below

Find a ride from New York to Philadelphia with maximum cost of $50","[{""ride_hailing.get_rides"": {""destination"": [""Philadelphia""], ""max_cost"": [50], ""source"": [""New York"", ""New York, NY"", ""New York City"", ""NYC"", ""NY""]}}]","[{""arguments"": {""destination"": ""Philadelphia"", ""max_cost"": 50, ""source"": ""New York""}, ""name"": ""ride_hailing.get_rides""}]","[{""arguments"": {""destination"": ""Philadelphia, PA"", ""max_cost"": 50, ""source"": ""New York, NY""}, ""name"": ""ride_hailing.get_rides""}]"
labeled_v1,entity_or_alias_normalization_mismatch,possible,no,no,Noisy prediction appears semantically close but uses a different alias or formatting than accepted gold.,multiple_43,multiple_43__pasted_context_block,multiple,pasted_context_block,argument_value_error,What is the energy produced by 5 mol of glucose (C6H12O6)?,"based on the thing above but not the whole thing. the intro was useless, keep it plain this time

What is the energy produced by 5 mol of glucose (C6H12O6)?","[{""biological.calc_energy"": {""joules_per_mol"": [2800, """"], ""mols"": [5], ""substance"": [""C6H12O6""]}}]","[{""arguments"": {""joules_per_mol"": 2800, ""mols"": 5, ""substance"": ""C6H12O6""}, ""name"": ""biological.calc_energy""}]","[{""arguments"": {""joules_per_mol"": 2800, ""mols"": 5, ""substance"": ""glucose (C6H12O6)""}, ""name"": ""biological.calc_energy""}]"
labeled_v1,entity_or_alias_normalization_mismatch,possible,no,no,Noisy prediction appears semantically close but uses a different alias or formatting than accepted gold.,multiple_115,multiple_115__pasted_context_block,multiple,pasted_context_block,argument_value_error,"I want to find 5 restaurants nearby my location, Manhattan, offering Thai food and a vegan menu.","look at this like the last one, but less polished. i dont want the assistant voice thing, i want the useful answer

I want to find 5 restaurants nearby my location, Manhattan, offering Thai food and a vegan menu.","[{""find_restaurants"": {""dietary_requirements"": [[""vegan""]], ""food_type"": [""Thai""], ""location"": [""Manhattan""], ""number"": [5]}}]","[{""arguments"": {""dietary_requirements"": [""vegan""], ""food_type"": ""Thai"", ""location"": ""Manhattan"", ""number"": 5}, ""name"": ""find_restaurants""}]","[{""arguments"": {""dietary_requirements"": [""vegan""], ""food_type"": ""Thai"", ""location"": ""Manhattan, NY"", ""number"": 5}, ""name"": ""find_restaurants""}]"
labeled_v1,entity_or_alias_normalization_mismatch,possible,no,no,Noisy prediction appears semantically close but uses a different alias or formatting than accepted gold.,multiple_155,multiple_155__pasted_context_block,multiple,pasted_context_block,argument_value_error,Who discovered the neutron? Give me detail information.,"look at this first, the earlier reply was trying too hard. dont do that voice, just get to it

Who discovered the neutron? Give me detail information.","[{""get_discoverer"": {""detail"": [true], ""discovery"": [""neutron""]}}]","[{""arguments"": {""detail"": true, ""discovery"": ""neutron""}, ""name"": ""get_discoverer""}]","[{""arguments"": {""detail"": true, ""discovery"": ""the neutron""}, ""name"": ""get_discoverer""}]"
labeled_v1,entity_or_alias_normalization_mismatch,possible,no,no,Noisy prediction appears semantically close but uses a different alias or formatting than accepted gold.,multiple_165,multiple_165__pasted_context_block,multiple,pasted_context_block,argument_value_error,Find the price of a used Gibson Les Paul guitar in excellent condition in the Chicago area.,"based on my earlier rambling, basically the old draft is not the point anymore. just keep the result clean

Find the price of a used Gibson Les Paul guitar in excellent condition in the Chicago area.","[{""guitar_price.find"": {""condition"": [""Excellent""], ""location"": [""Chicago"", ""Chicago area""], ""model"": [""Gibson Les Paul""]}}]","[{""arguments"": {""condition"": ""Excellent"", ""location"": ""Chicago area"", ""model"": ""Gibson Les Paul""}, ""name"": ""guitar_price.find""}]","[{""arguments"": {""condition"": ""Excellent"", ""location"": ""Chicago, IL"", ""model"": ""Gibson Les Paul""}, ""name"": ""guitar_price.find""}]"
labeled_v1,entity_or_alias_normalization_mismatch,possible,no,no,Noisy prediction appears semantically close but uses a different alias or formatting than accepted gold.,parallel_38,parallel_38__pasted_context_block,parallel,pasted_context_block,argument_value_error,"What's the driving distance between New York and Washington DC, and between Los Angeles and San Francisco with optional parameter shortest route enabled?","look at what i pasted earlier, ignore the first draft tho it was messy and way too formal. i just need the part that actually helps

What's the driving distance between New York and Washington DC, and between Los Angeles and San Francisco with optional parameter shortest route enabled?","[{""calc_distance"": {""end_loc"": [""Washington DC"", ""Washington D.C.""], ""shortest_route"": [true], ""start_loc"": [""New York"", ""New York, NY"", ""New York City"", ""NYC""]}}, {""calc_distance"": {""end_loc"": [""San Francisco"", ""SF""], ""shortest_route"": [true], ""start_loc"": [""Los Angeles"", ""Los Angeles, CA"", ""LA""]}}]","[{""arguments"": {""end_loc"": ""Washington DC"", ""shortest_route"": true, ""start_loc"": ""New York""}, ""name"": ""calc_distance""}, {""arguments"": {""end_loc"": ""San Francisco"", ""shortest_route"": true, ""start_loc"": ""Los Angeles""}, ""name"": ""calc_distance""}]","[{""arguments"": {""end_loc"": ""Washington, DC"", ""shortest_route"": true, ""start_loc"": ""New York, NY""}, ""name"": ""calc_distance""}, {""arguments"": {""end_loc"": ""San Francisco, CA"", ""shortest_route"": true, ""start_loc"": ""Los Angeles, CA""}, ""name"": ""calc_distance""}]"
labeled_v1,entity_or_alias_normalization_mismatch,possible,no,no,Noisy prediction appears semantically close but uses a different alias or formatting than accepted gold.,parallel_multiple_115,parallel_multiple_115__pasted_context_block,parallel_multiple,pasted_context_block,argument_value_error,"""Can you help me plan my trip to New York? I would like to visit a modern art installation, a park with a playground and a picnic area, and a popular monument. Could you find these for me?""","remember this is supposed to be quick. the stuff above is mostly leftover from the other thing, dont let it take over

""Can you help me plan my trip to New York? I would like to visit a modern art installation, a park with a playground and a picnic area, and a popular monument. Could you find these for me?""","[{""artwork_search.find"": {""era"": [""modern"", """"], ""location"": [""New York"", ""NY""], ""type"": [""installation""]}}, {""park_search.find"": {""facilities"": [[""playground"", ""picnic area""]], ""location"": [""New York"", ""NY""]}}, {""tourist_attraction.find"": {""attractionType"": [""monument""], ""location"": [""New York"", ""NY""]}}]","[{""arguments"": {""era"": ""modern"", ""location"": ""New York"", ""type"": ""installation""}, ""name"": ""artwork_search.find""}, {""arguments"": {""facilities"": [""playground"", ""picnic area""], ""location"": ""New York""}, ""name"": ""park_search.find""}, {""arguments"": {""attractionType"": ""monument"", ""location"": ""New York""}, ""name"": ""tourist_attraction.find""}]","[{""arguments"": {""era"": ""modern"", ""location"": ""New York, NY"", ""type"": ""installation""}, ""name"": ""artwork_search.find""}, {""arguments"": {""facilities"": [""playground"", ""picnic area""], ""location"": ""New York, NY""}, ""name"": ""park_search.find""}, {""arguments"": {""attractionType"": ""monument"", ""location"": ""New York, NY""}, ""name"": ""tourist_attraction.find""}]"
labeled_v1,entity_or_alias_normalization_mismatch,possible,no,no,Noisy prediction appears semantically close but uses a different alias or formatting than accepted gold.,live_simple_34-11-0,live_simple_34-11-0__pasted_context_block,live_simple,pasted_context_block,argument_value_error,"I asked my language model about logistic regression, and it replied with '**Logistic regression is not present in the text, therefore I cannot answer this question.**' Valid?","based on what i sent, the first part is old and the draft got confusing. dont bring back the background section

I asked my language model about logistic regression, and it replied with '**Logistic regression is not present in the text, therefore I cannot answer this question.**' Valid?","[{""answer.string"": {""answer"": [""Logistic regression is not present in the text, therefore I cannot answer this question.""]}}]","[{""arguments"": {""answer"": ""**Logistic regression is not present in the text, therefore I cannot answer this question.**""}, ""name"": ""answer.string""}]","[{""arguments"": {""answer"": ""**Logistic regression is not present in the text, therefore I cannot answer this question.** Valid?""}, ""name"": ""answer.string""}]"
labeled_v1,entity_or_alias_normalization_mismatch,possible,no,no,Noisy prediction appears semantically close but uses a different alias or formatting than accepted gold.,live_simple_123-79-0,live_simple_123-79-0__pasted_context_block,live_simple,pasted_context_block,argument_value_error,"Could you analyze the image at http://www.thewowstyle.com/wp-content/uploads/2015/01/Home-Interior-Design-Hd-Wallpaper-Hd-Background-With-Simple-Staircase-And-Plasma-TV-Also-Nice-Laminate-Flooring-Ideas-With-Modern-Furniture-Interior-Minimalist-Design.jpg and provide a detailed description based on the question, 'How does the arrangement of furniture contribute to the minimalist design of the interior?'","copied from search results
People also ask
Related searches
Sponsored
About this result
Feedback
i swear this was not what i meant to paste

Could you analyze the image at http://www.thewowstyle.com/wp-content/uploads/2015/01/Home-Interior-Design-Hd-Wallpaper-Hd-Background-With-Simple-Staircase-And-Plasma-TV-Also-Nice-Laminate-Flooring-Ideas-With-Modern-Furniture-Interior-Minimalist-Design.jpg and provide a detailed description based on the question, 'How does the arrangement of furniture contribute to the minimalist design of the interior?'","[{""pipeline"": {""image_path"": [""http://www.thewowstyle.com/wp-content/uploads/2015/01/Home-Interior-Design-Hd-Wallpaper-Hd-Background-With-Simple-Staircase-And-Plasma-TV-Also-Nice-Laminate-Flooring-Ideas-With-Modern-Furniture-Interior-Minimalist-Design.jpg""], ""question"": [""How does the arrangement of furniture contribute to the minimalist design of the interior?""]}}]","[{""arguments"": {""image_path"": ""http://www.thewowstyle.com/wp-content/uploads/2015/01/Home-Interior-Design-Hd-Wallpaper-Hd-Background-With-Simple-Staircase-And-Plasma-TV-Also-Nice-Laminate-Flooring-Ideas-With-Modern-Furniture-Interior-Minimalist-Design.jpg"", ""question"": ""How does the arrangement of furniture contribute to the minimalist design of the interior?""}, ""name"": ""pipeline""}]","[{""arguments"": {""image_path"": ""http://www.thewowstyle.com/wp-content/uploads/2015/01/Home-Interior-Design-Hd-Wallpaper-Hd-Background-With-Simple-Staircase-And-Plasma-TV-Also-Nice-Laminate-Flooring-Ideas-With-Modern-Furniture-Interior-Minimalist-Design.jpg"", ""question"": ""How does the arrangement of furniture contribute to the minimalist design of the interior? Provide a detailed description.""}, ""name"": ""pipeline""}]"
labeled_v1,entity_or_alias_normalization_mismatch,possible,no,no,Noisy prediction appears semantically close but uses a different alias or formatting than accepted gold.,live_simple_170-99-4,live_simple_170-99-4__pasted_context_block,live_simple,pasted_context_block,argument_value_error,list c drive,"email bit i copied by mistake:
Thanks,
please see attached
sent from mobile
confidentiality notice blah blah blah
unsubscribe preferences
not relevant

list c drive","[{""cmd_controller.execute"": {""command"": [""dir C:\\"", ""dir C:\\\\""]}}]","[{""arguments"": {""command"": ""dir C:\\""}, ""name"": ""cmd_controller.execute""}]","[{""arguments"": {""command"": ""dir C:\\ /s /b | findstr /i \""email\""""}, ""name"": ""cmd_controller.execute""}]"
labeled_v1,entity_or_alias_normalization_mismatch,possible,no,no,Noisy prediction appears semantically close but uses a different alias or formatting than accepted gold.,live_multiple_127-49-0,live_multiple_127-49-0__pasted_context_block,live_multiple,pasted_context_block,argument_value_error,Find some information on 'the history of kites and how they're made'?,"look at the last version, it had too much filler, cut the boring setup and keep the useful thing

Find some information on 'the history of kites and how they're made'?","[{""search_engine.query"": {""include_facts"": ["""", true], ""prompt"": [""history of kites and how they're made"", ""history of kites and how they are made""], ""since_year"": ["""", 2023], ""source"": ["""", ""all""]}}]","[{""arguments"": {""include_facts"": true, ""prompt"": ""history of kites and how they are made"", ""since_year"": 2023, ""source"": ""all""}, ""name"": ""search_engine.query""}]","[{""arguments"": {""include_facts"": true, ""prompt"": ""history of kites and how they're made kite making process origins ancient China Who invented kites materials modern kites string frame"", ""since_year"": 2023, ""source"": ""all""}, ""name"": ""search_engine.query""}]"
labeled_v1,entity_or_alias_normalization_mismatch,possible,no,no,Noisy prediction appears semantically close but uses a different alias or formatting than accepted gold.,live_multiple_187-82-0,live_multiple_187-82-0__pasted_context_block,live_multiple,pasted_context_block,argument_value_error,I need to review Berkshire Hathaway's financial performance for the third quarter of 2024. I want their 10-Q report. Their CIK is 0001067983.,"remember the version where you added a bunch of extra wording? dont do that here. it made the whole thing feel fake

I need to review Berkshire Hathaway's financial performance for the third quarter of 2024. I want their 10-Q report. Their CIK is 0001067983.","[{""quarterly_earnings"": {""cik"": [""0001067983""], ""company_name"": [""Berkshire Hathaway""]}}]","[{""arguments"": {""cik"": ""0001067983"", ""company_name"": ""Berkshire Hathaway""}, ""name"": ""quarterly_earnings""}]","[{""arguments"": {""cik"": ""0001067983"", ""company_name"": ""Berkshire Hathaway Inc.""}, ""name"": ""quarterly_earnings""}]"
labeled_v1,entity_or_alias_normalization_mismatch,possible,no,no,Noisy prediction appears semantically close but uses a different alias or formatting than accepted gold.,live_multiple_877-183-2,live_multiple_877-183-2__pasted_context_block,live_multiple,pasted_context_block,argument_value_error,"I'm planning a trip to Paris and I'm interested in visiting museums with no entry fee. Also, it would be great if the places are suitable for my kid.","look at the above and ignore most of it. it was me trying to explain the style and then making it worse

I'm planning a trip to Paris and I'm interested in visiting museums with no entry fee. Also, it would be great if the places are suitable for my kid.","[{""Travel_1_FindAttractions"": {""category"": [""Museum""], ""free_entry"": [""True""], ""good_for_kids"": [""True""], ""location"": [""Paris, FR""]}}]","[{""arguments"": {""category"": ""Museum"", ""free_entry"": ""True"", ""good_for_kids"": ""True"", ""location"": ""Paris, FR""}, ""name"": ""Travel_1_FindAttractions""}]","[{""arguments"": {""category"": ""Museum"", ""free_entry"": ""True"", ""good_for_kids"": ""True"", ""location"": ""Paris, France""}, ""name"": ""Travel_1_FindAttractions""}]"
labeled_v1,entity_or_alias_normalization_mismatch,possible,no,no,Noisy prediction appears semantically close but uses a different alias or formatting than accepted gold.,simple_python_162,simple_python_162__telegraphic_request,simple_python,telegraphic_request,argument_value_error,Generate a customized law contract between John and Alice for rental agreement in California.,Generate customized law contract between John and Alice rental agreement in California.,"[{""generate_law_contract"": {""contract_type"": [""Rental Agreement"", ""rental agreement""], ""location"": [""California"", ""CA""], ""parties"": [[""John"", ""Alice""], [""John"", ""Alice""]]}}]","[{""arguments"": {""contract_type"": ""Rental Agreement"", ""location"": ""California"", ""parties"": [""John"", ""Alice""]}, ""name"": ""generate_law_contract""}]","[{""arguments"": {""contract_type"": ""Residential Rental Agreement"", ""location"": ""California"", ""parties"": [""John"", ""Alice""]}, ""name"": ""generate_law_contract""}]"
labeled_v1,entity_or_alias_normalization_mismatch,possible,no,no,Noisy prediction appears semantically close but uses a different alias or formatting than accepted gold.,simple_python_280,simple_python_280__telegraphic_request,simple_python,telegraphic_request,argument_value_error,Find an acoustic instrument within my budget of $1000.,Find acoustic instrument within budget $1000.,"[{""find_instrument"": {""budget"": [1000], ""make"": [""""], ""type"": [""acoustic""]}}]","[{""arguments"": {""budget"": 1000, ""make"": """", ""type"": ""acoustic""}, ""name"": ""find_instrument""}]","[{""arguments"": {""budget"": 1000, ""make"": """", ""type"": ""acoustic instrument""}, ""name"": ""find_instrument""}]"
labeled_v1,entity_or_alias_normalization_mismatch,possible,no,no,Noisy prediction appears semantically close but uses a different alias or formatting than accepted gold.,simple_python_283,simple_python_283__telegraphic_request,simple_python,telegraphic_request,argument_value_error,Find the price of a used Gibson Les Paul guitar in excellent condition in the Chicago area.,Find price used Gibson Les Paul guitar in excellent condition in Chicago area.,"[{""guitar_price.find"": {""condition"": [""Excellent""], ""location"": [""Chicago"", ""Chicago, IL"", ""Chicago, Illinois""], ""model"": [""Gibson Les Paul""]}}]","[{""arguments"": {""condition"": ""Excellent"", ""location"": ""Chicago, IL"", ""model"": ""Gibson Les Paul""}, ""name"": ""guitar_price.find""}]","[{""arguments"": {""condition"": ""Excellent"", ""location"": ""Chicago area"", ""model"": ""Gibson Les Paul""}, ""name"": ""guitar_price.find""}]"
labeled_v1,entity_or_alias_normalization_mismatch,possible,no,no,Noisy prediction appears semantically close but uses a different alias or formatting than accepted gold.,simple_python_301,simple_python_301__telegraphic_request,simple_python,telegraphic_request,argument_value_error,What is the third major chord in C major scale?,third major chord in C major scale,"[{""get_third_chord"": {""key"": [""C""], ""type"": [""major"", """"]}}]","[{""arguments"": {""key"": ""C"", ""type"": ""major""}, ""name"": ""get_third_chord""}]","[{""arguments"": {""key"": ""C major"", ""type"": ""major""}, ""name"": ""get_third_chord""}]"
labeled_v1,entity_or_alias_normalization_mismatch,possible,no,no,Noisy prediction appears semantically close but uses a different alias or formatting than accepted gold.,simple_python_358,simple_python_358__telegraphic_request,simple_python,telegraphic_request,argument_value_error,Find a gluten-free cookie recipe that takes less than 30 minutes to prepare.,Find gluten-free cookie recipe that takes less than 30 minutes prepare.,"[{""recipe_search"": {""diet"": [[""Gluten Free""], [""GF""], [""gluten free""]], ""dish"": [""cookie""], ""time_limit"": [30]}}]","[{""arguments"": {""diet"": [""Gluten Free""], ""dish"": ""cookie"", ""time_limit"": 30}, ""name"": ""recipe_search""}]","[{""arguments"": {""diet"": [""Gluten Free""], ""dish"": ""cookies"", ""time_limit"": 30}, ""name"": ""recipe_search""}]"
labeled_v1,entity_or_alias_normalization_mismatch,possible,no,no,Noisy prediction appears semantically close but uses a different alias or formatting than accepted gold.,simple_python_374,simple_python_374__telegraphic_request,simple_python,telegraphic_request,argument_value_error,"Check the amount of protein, calories and carbs in an avocado from Walmart.",Check amount protein calories and carbs in avocado from Walmart.,"[{""grocery_info.nutritional_info"": {""food"": [""avocado"", ""Avocado""], ""information"": [[""Protein"", ""Calories"", ""Carbohydrates""]], ""store"": [""Walmart""]}}]","[{""arguments"": {""food"": ""avocado"", ""information"": [""Protein"", ""Calories"", ""Carbohydrates""], ""store"": ""Walmart""}, ""name"": ""grocery_info.nutritional_info""}]","[{""arguments"": {""food"": ""avocado"", ""information"": [""Protein"", ""Calories"", ""Carbohydrates"", ""Fat"", ""Fiber""], ""store"": ""Walmart""}, ""name"": ""grocery_info.nutritional_info""}]"
labeled_v1,entity_or_alias_normalization_mismatch,possible,no,no,Noisy prediction appears semantically close but uses a different alias or formatting than accepted gold.,simple_python_382,simple_python_382__telegraphic_request,simple_python,telegraphic_request,argument_value_error,"Book a single room for two nights at the Hilton Hotel in Chicago, starting from 10th December 2022.",Book single room two nights Hilton Hotel in Chicago starting from 10th December 2022.,"[{""book_hotel"": {""hotel_name"": [""Hilton Hotel"", ""Hilton""], ""location"": [""Chicago""], ""nights"": [2], ""room_type"": [""single""], ""start_date"": [""2022-12-10"", ""10/12/2022"", ""Dec 10, 2022"", ""December 10, 2022""]}}]","[{""arguments"": {""hotel_name"": ""Hilton Hotel"", ""location"": ""Chicago"", ""nights"": 2, ""room_type"": ""single"", ""start_date"": ""2022-12-10""}, ""name"": ""book_hotel""}]","[{""arguments"": {""hotel_name"": ""Hilton Hotel"", ""location"": ""Chicago"", ""nights"": 2, ""room_type"": ""single room"", ""start_date"": ""2022-12-10""}, ""name"": ""book_hotel""}]"
labeled_v1,entity_or_alias_normalization_mismatch,possible,no,no,Noisy prediction appears semantically close but uses a different alias or formatting than accepted gold.,multiple_23,multiple_23__telegraphic_request,multiple,telegraphic_request,argument_value_error,"What are the current stats for basketball player LeBron James including points per game, assists, and minutes per game.",current stats basketball player LeBron James including points per game assists and minutes per game.,"[{""basketball.player_stats.get"": {""player_name"": [""LeBron James""], ""stats_fields"": [[""points per game"", ""assists"", ""minutes per game""], [""points per game"", ""minutes per game"", ""assists""], [""assists"", ""points per game"", ""minutes per game""], [""assists"", ""minutes per game"", ""points per game""], [""minutes per game"", ""points per game"", ""assists""], [""minutes per game"", ""assists"", ""points per game""], [""points"", ""assists"", ""minutes""], [""points"", ""minutes"", ""assists""], [""assists"", ""points"", ""minutes""], [""assists"", ""minutes"", ""points""], [""minutes"", ""points"", ""assists""], [""minutes"", ""assists"", ""points""], [""points_per_game"", ""assists"", ""minutes_per_game""], [""points_per_game"", ""minutes_per_game"", ""assists""], [""assists"", ""points_per_game"", ""minutes_per_game""], [""assists"", ""minutes_per_game"", ""points_per_game""], [""minutes_per_game"", ""points_per_game"", ""assists""], [""minutes_per_game"", ""assists"", ""points_per_game""]]}}]","[{""arguments"": {""player_name"": ""LeBron James"", ""stats_fields"": [""points_per_game"", ""assists"", ""minutes_per_game""]}, ""name"": ""basketball.player_stats.get""}]","[{""arguments"": {""player_name"": ""LeBron James"", ""stats_fields"": [""points_per_game"", ""assists_per_game"", ""minutes_per_game""]}, ""name"": ""basketball.player_stats.get""}]"
labeled_v1,entity_or_alias_normalization_mismatch,possible,no,no,Noisy prediction appears semantically close but uses a different alias or formatting than accepted gold.,multiple_24,multiple_24__telegraphic_request,multiple,telegraphic_request,argument_value_error,What is the fastest route from London to Edinburgh for playing a chess championship? Also provide an estimate of the distance.,fastest route from London Edinburgh playing chess championship Also provide estimate distance.,"[{""route_planner.calculate_route"": {""destination"": [""Edinburgh""], ""method"": [""fastest"", """"], ""start"": [""London""]}}]","[{""arguments"": {""destination"": ""Edinburgh"", ""method"": ""fastest"", ""start"": ""London""}, ""name"": ""route_planner.calculate_route""}]","[{""arguments"": {""destination"": ""Edinburgh, UK"", ""method"": ""fastest"", ""start"": ""London, UK""}, ""name"": ""route_planner.calculate_route""}]"
labeled_v1,entity_or_alias_normalization_mismatch,possible,no,no,Noisy prediction appears semantically close but uses a different alias or formatting than accepted gold.,multiple_191,multiple_191__telegraphic_request,multiple,telegraphic_request,argument_value_error,"Book a luxury room in Hotel Paradise, Las Vegas, with a city view for 3 days starting from May 12, 2022.","Book luxury room in Hotel Paradise Las Vegas city view 3 days starting from May 12, 2022.","[{""book_hotel"": {""hotel_name"": [""Hotel Paradise""], ""location"": [""Las Vegas"", ""Las Vegas, NV"", ""LV""], ""room_type"": [""luxury"", ""Luxury""], ""start_date"": [""05-12-2022"", ""2022-05-12"", ""12/05/2022"", ""May.12,2022"", ""May 12, 2022""], ""stay_duration"": [3], ""view"": [""city"", ""city view""]}}]","[{""arguments"": {""hotel_name"": ""Hotel Paradise"", ""location"": ""Las Vegas"", ""room_type"": ""Luxury"", ""start_date"": ""05-12-2022"", ""stay_duration"": 3, ""view"": ""City view""}, ""name"": ""book_hotel""}]","[{""arguments"": {""hotel_name"": ""Hotel Paradise Las Vegas"", ""location"": ""Las Vegas"", ""room_type"": ""Luxury room"", ""start_date"": ""05-12-2022"", ""stay_duration"": 3, ""view"": ""City view""}, ""name"": ""book_hotel""}]"
labeled_v1,entity_or_alias_normalization_mismatch,possible,no,no,Noisy prediction appears semantically close but uses a different alias or formatting than accepted gold.,parallel_34,parallel_34__telegraphic_request,parallel,telegraphic_request,argument_value_error,I want to know the rise and fall of Christianity in Egypt and Turkey from 100 A.D to 1500 A.D.,know rise and fall Christianity in Egypt and Turkey from 100 A.D 1500 A.D.,"[{""religion_history.track"": {""end_year"": [1500], ""region"": [""Egypt""], ""religion"": [""Christianity""], ""start_year"": [100]}}, {""religion_history.track"": {""end_year"": [1500], ""region"": [""Turkey""], ""religion"": [""Christianity""], ""start_year"": [100]}}]","[{""arguments"": {""end_year"": 1500, ""region"": ""Egypt"", ""religion"": ""Christianity"", ""start_year"": 100}, ""name"": ""religion_history.track""}, {""arguments"": {""end_year"": 1500, ""region"": ""Turkey"", ""religion"": ""Christianity"", ""start_year"": 100}, ""name"": ""religion_history.track""}]","[{""arguments"": {""end_year"": 1500, ""region"": ""Egypt"", ""religion"": ""Christianity"", ""start_year"": 100}, ""name"": ""religion_history.track""}, {""arguments"": {""end_year"": 1500, ""region"": ""Turkey (Anatolia)"", ""religion"": ""Christianity"", ""start_year"": 100}, ""name"": ""religion_history.track""}]"
labeled_v1,entity_or_alias_normalization_mismatch,possible,no,no,Noisy prediction appears semantically close but uses a different alias or formatting than accepted gold.,parallel_186,parallel_186__telegraphic_request,parallel,telegraphic_request,argument_value_error,What are the potential greenhouse gas emissions savings if I switch to solar energy for 12 months and wind energy for 8 months in the Midwest region of the United States?,potential greenhouse gas emissions savings if switch solar energy 12 months and wind energy 8 months in Midwest region United States,"[{""calculate_emission_savings"": {""energy_type"": [""solar""], ""region"": [""Midwest"", ""Midwest region""], ""usage_duration"": [12]}}, {""calculate_emission_savings"": {""energy_type"": [""wind""], ""region"": [""Midwest"", ""Midwest region""], ""usage_duration"": [8]}}]","[{""arguments"": {""energy_type"": ""solar"", ""region"": ""Midwest"", ""usage_duration"": 12}, ""name"": ""calculate_emission_savings""}, {""arguments"": {""energy_type"": ""wind"", ""region"": ""Midwest"", ""usage_duration"": 8}, ""name"": ""calculate_emission_savings""}]","[{""arguments"": {""energy_type"": ""solar"", ""region"": ""Midwest, United States"", ""usage_duration"": 12}, ""name"": ""calculate_emission_savings""}, {""arguments"": {""energy_type"": ""wind"", ""region"": ""Midwest, United States"", ""usage_duration"": 8}, ""name"": ""calculate_emission_savings""}]"
labeled_v1,entity_or_alias_normalization_mismatch,possible,no,no,Noisy prediction appears semantically close but uses a different alias or formatting than accepted gold.,parallel_multiple_108,parallel_multiple_108__telegraphic_request,parallel_multiple,telegraphic_request,argument_value_error,"""Could you please analyze my personality based on the five-factor model and the Myers-Briggs Type Indicator (MBTI)? For the five-factor model, consider that I am quite talkative, I don't get nervous easily, I have many artistic interests, I am not lazy, and I am quite forgiving. For the MBTI, my preferences are more towards feeling than thinking, I am more extroverted than introverted, I lean more towards perceiving than judging, and I prefer intuition over sensing.""","""Could you please analyze my personality based on the five-factor model and the Myers-Briggs Type Indicator (MBTI)? For the five-factor model, consider that I am quite talkative, I don't get nervous easily, I have many artistic interests, I am not lazy, and I am quite forgiving. For the MBTI, my preferences are more towards feeling than thinking, I am more extroverted than introverted, I lean more towards perceiving than judging, and I prefer intuition over sensing.""","[{""five_factor_model.analyse"": {""artistic_interests"": [true], ""forgiving"": [true], ""lazy"": [false], ""nervous"": [false], ""talkative"": [true]}}, {""MBTI.analyse"": {""introverted_vs_extroverted"": [""extroverted"", ""E""], ""judging_vs_perceiving"": [""perceiving"", ""P""], ""sensing_vs_intuition"": [""intuition"", ""N""], ""thinking_vs_feeling"": [""feeling"", ""F""]}}]","[{""arguments"": {""artistic_interests"": true, ""forgiving"": true, ""lazy"": false, ""nervous"": false, ""talkative"": true}, ""name"": ""five_factor_model.analyse""}, {""arguments"": {""introverted_vs_extroverted"": ""extroverted"", ""judging_vs_perceiving"": ""perceiving"", ""sensing_vs_intuition"": ""intuition"", ""thinking_vs_feeling"": ""feeling""}, ""name"": ""MBTI.analyse""}]","[{""arguments"": {""artistic_interests"": true, ""forgiving"": true, ""lazy"": false, ""nervous"": false, ""talkative"": true}, ""name"": ""five_factor_model.analyse""}, {""arguments"": {""introverted_vs_extroverted"": ""More extroverted"", ""judging_vs_perceiving"": ""More perceiving"", ""sensing_vs_intuition"": ""More intuition"", ""thinking_vs_feeling"": ""More feeling""}, ""name"": ""MBTI.analyse""}]"
labeled_v1,entity_or_alias_normalization_mismatch,possible,no,no,Noisy prediction appears semantically close but uses a different alias or formatting than accepted gold.,live_multiple_34-11-0,live_multiple_34-11-0__telegraphic_request,live_multiple,telegraphic_request,argument_value_error,Could you provide me with the latest news for Letterkenny?,provide latest news Letterkenny,"[{""get_news_report"": {""location"": [""Letterkenny, Ireland""]}}]","[{""arguments"": {""location"": ""Letterkenny, Ireland""}, ""name"": ""get_news_report""}]","[{""arguments"": {""location"": ""Letterkenny""}, ""name"": ""get_news_report""}]"
labeled_v1,entity_or_alias_normalization_mismatch,possible,no,no,Noisy prediction appears semantically close but uses a different alias or formatting than accepted gold.,live_multiple_170-70-0,live_multiple_170-70-0__telegraphic_request,live_multiple,telegraphic_request,argument_value_error,Get the details of Adriel's internship at Sebelas Maret University?,Get details Adriel's internship at Sebelas Maret University,"[{""get_adriel_detail_experience_and_education"": {""experience_or_education_name"": [""Internship at Sebelas Maret University"", ""Sebelas Maret University"", ""Internship""], ""experience_or_education_type"": ["""", ""work_experience""]}}]","[{""arguments"": {""experience_or_education_name"": ""Sebelas Maret University"", ""experience_or_education_type"": ""work_experience""}, ""name"": ""get_adriel_detail_experience_and_education""}]","[{""arguments"": {""experience_or_education_name"": ""Sebelas Maret University internship"", ""experience_or_education_type"": ""work_experience""}, ""name"": ""get_adriel_detail_experience_and_education""}]"
labeled_v1,entity_or_alias_normalization_mismatch,possible,no,no,Noisy prediction appears semantically close but uses a different alias or formatting than accepted gold.,live_multiple_187-82-0,live_multiple_187-82-0__telegraphic_request,live_multiple,telegraphic_request,argument_value_error,I need to review Berkshire Hathaway's financial performance for the third quarter of 2024. I want their 10-Q report. Their CIK is 0001067983.,review Berkshire Hathaway's financial performance third quarter 2024. their 10-Q report. Their CIK 0001067983.,"[{""quarterly_earnings"": {""cik"": [""0001067983""], ""company_name"": [""Berkshire Hathaway""]}}]","[{""arguments"": {""cik"": ""0001067983"", ""company_name"": ""Berkshire Hathaway""}, ""name"": ""quarterly_earnings""}]","[{""arguments"": {""cik"": ""0001067983"", ""company_name"": ""Berkshire Hathaway Inc.""}, ""name"": ""quarterly_earnings""}]"
labeled_v1,entity_or_alias_normalization_mismatch,possible,no,no,Noisy prediction appears semantically close but uses a different alias or formatting than accepted gold.,live_multiple_523-150-11,live_multiple_523-150-11__telegraphic_request,live_multiple,telegraphic_request,argument_value_error,"I want to watch a War genre film in a regular format at 3 Below Theaters and Lounge. in San Jose, CA","watch War genre film in regular format 3 Below Theaters and Lounge. in San Jose, CA","[{""Movies_1_FindMovies"": {""genre"": [""War""], ""location"": [""San Jose, CA""], ""show_type"": [""regular""], ""theater_name"": [""3 Below Theaters and Lounge""]}}]","[{""arguments"": {""genre"": ""War"", ""location"": ""San Jose, CA"", ""show_type"": ""regular"", ""theater_name"": ""3 Below Theaters and Lounge""}, ""name"": ""Movies_1_FindMovies""}]","[{""arguments"": {""genre"": ""War"", ""location"": ""San Jose, CA"", ""show_type"": ""regular"", ""theater_name"": ""Below Theaters and Lounge""}, ""name"": ""Movies_1_FindMovies""}]"
labeled_v1,entity_or_alias_normalization_mismatch,possible,no,no,Noisy prediction appears semantically close but uses a different alias or formatting than accepted gold.,live_multiple_627-160-7,live_multiple_627-160-7__telegraphic_request,live_multiple,telegraphic_request,argument_value_error,"Can you initiate a payment to Diego's account using my app balance for $200, and ensure the transaction is private?",initiate payment Diego's account app balance $200 and ensure transaction private,"[{""Payment_1_MakePayment"": {""amount"": [200.0], ""payment_method"": [""app balance""], ""private_visibility"": [true], ""receiver"": [""Diego""]}}]","[{""arguments"": {""amount"": 200, ""payment_method"": ""app balance"", ""private_visibility"": true, ""receiver"": ""Diego""}, ""name"": ""Payment_1_MakePayment""}]","[{""arguments"": {""amount"": 200, ""payment_method"": ""app balance"", ""private_visibility"": true, ""receiver"": ""Diego's account""}, ""name"": ""Payment_1_MakePayment""}]"
labeled_v1,entity_or_alias_normalization_mismatch,possible,no,no,Noisy prediction appears semantically close but uses a different alias or formatting than accepted gold.,live_multiple_629-160-9,live_multiple_629-160-9__telegraphic_request,live_multiple,telegraphic_request,argument_value_error,"Can you send $250 to Rachel's account using my debit card, and make sure the transaction is private?",send $250 Rachel's account debit card and make sure transaction private,"[{""Payment_1_MakePayment"": {""amount"": [250.0], ""payment_method"": [""debit card""], ""private_visibility"": [true], ""receiver"": [""Rachel""]}}]","[{""arguments"": {""amount"": 250, ""payment_method"": ""debit card"", ""private_visibility"": true, ""receiver"": ""Rachel""}, ""name"": ""Payment_1_MakePayment""}]","[{""arguments"": {""amount"": 250, ""payment_method"": ""debit card"", ""private_visibility"": true, ""receiver"": ""Rachel's account""}, ""name"": ""Payment_1_MakePayment""}]"
labeled_v1,entity_or_alias_normalization_mismatch,possible,no,no,Noisy prediction appears semantically close but uses a different alias or formatting than accepted gold.,live_multiple_630-160-10,live_multiple_630-160-10__telegraphic_request,live_multiple,telegraphic_request,argument_value_error,"Could you initiate a request for 15500 cents from Amelia's account, and set the privacy of the transaction to public?",initiate request 15500 cents from Amelia's account and set privacy transaction public,"[{""Payment_1_RequestPayment"": {""amount"": [15500.0], ""private_visibility"": ["""", false], ""receiver"": [""Amelia""]}}]","[{""arguments"": {""amount"": 15500, ""private_visibility"": false, ""receiver"": ""Amelia""}, ""name"": ""Payment_1_RequestPayment""}]","[{""arguments"": {""amount"": 15500, ""private_visibility"": false, ""receiver"": ""Amelia's account""}, ""name"": ""Payment_1_RequestPayment""}]"
labeled_v1,entity_or_alias_normalization_mismatch,possible,no,no,Noisy prediction appears semantically close but uses a different alias or formatting than accepted gold.,live_multiple_817-177-0,live_multiple_817-177-0__telegraphic_request,live_multiple,telegraphic_request,argument_value_error,Could you help me buy 2 tickets for the Anthony Green concert at Seattle happening on the 10th of march 2023?,help buy 2 tickets Anthony Green concert Seattle happening on 10th march 2023,"[{""Events_3_BuyEventTickets"": {""city"": [""Seattle, WA""], ""date"": [""2023-03-10""], ""event_name"": [""Anthony Green""], ""number_of_tickets"": [2]}}]","[{""arguments"": {""city"": ""Seattle, WA"", ""date"": ""2023-03-10"", ""event_name"": ""Anthony Green"", ""number_of_tickets"": 2}, ""name"": ""Events_3_BuyEventTickets""}]","[{""arguments"": {""city"": ""Seattle, WA"", ""date"": ""2023-03-10"", ""event_name"": ""Anthony Green concert"", ""number_of_tickets"": 2}, ""name"": ""Events_3_BuyEventTickets""}]"
